{"type":"FeatureCollection","features":[{"type":"Feature","properties":{"id":"ACH","name":"Aceh","region":"Sumatra","tz":"WIB","population_m":5.48,"districts":23,"center":[97.151,3.9074],"bbox":[95.011,2.004,98.287,6.077]},"geometry":{"type":"MultiPolygon","coordinates":[[[[95.752,4.497],[95.603,4.628],[95.568,4.63],[95.583,4.661],[95.54,4.656],[95.498,4.743],[95.447,4.807],[95.413,4.821],[95.426,4.836],[95.395,4.875],[95.402,4.894],[95.369,4.949],[95.381,4.971],[95.356,5.004],[95.367,5.032],[95.306,5.081],[95.321,5.091],[95.304,5.115],[95.283,5.108],[95.311,5.129],[95.308,5.168],[95.242,5.222],[95.24,5.282],[95.212,5.275],[95.218,5.324],[95.239,5.325],[95.221,5.344],[95.229,5.363],[95.241,5.339],[95.252,5.384],[95.23,5.433],[95.24,5.469],[95.194,5.527],[95.225,5.576],[95.244,5.546],[95.31,5.562],[95.314,5.583],[95.431,5.657],[95.513,5.595],[95.531,5.614],[95.611,5.628],[95.828,5.535],[95.887,5.504],[95.891,5.462],[95.927,5.411],[96.079,5.293],[96.191,5.26],[96.261,5.263],[96.387,5.211],[96.465,5.237],[96.485,5.209],[96.531,5.198],[96.849,5.277],[96.878,5.25],[96.98,5.263],[97.103,5.225],[97.15,5.191],[97.151,5.166],[97.133,5.175],[97.143,5.156],[97.202,5.141],[97.498,5.249],[97.554,5.213],[97.543,5.205],[97.591,5.144],[97.643,5.127],[97.657,5.081],[97.645,5.076],[97.673,5.05],[97.84,4.907],[97.904,4.89],[97.96,4.743],[97.956,4.75],[97.959,4.703],[97.965,4.687],[97.967,4.685],[97.964,4.665],[98.018,4.611],[97.973,4.562],[97.983,4.536],[98.038,4.547],[98.04,4.528],[98.072,4.547],[98.083,4.507],[98.087,4.523],[98.155,4.51],[98.287,4.416],[98.273,4.392],[98.28,4.33],[98.255,4.29],[98.191,4.301],[98.154,4.287],[98.143,4.26],[98.07,4.25],[98.093,4.207],[98.061,4.187],[98.072,4.143],[98.047,4.12],[98.034,4.057],[98.046,4.024],[98.026,4.016],[98.024,3.969],[97.958,3.929],[97.952,3.89],[97.909,3.879],[97.922,3.845],[97.909,3.819],[97.8,3.723],[97.872,3.612],[97.868,3.571],[97.904,3.557],[97.922,3.498],[97.959,3.482],[97.896,3.411],[97.91,3.39],[98.002,3.37],[98.029,3.331],[97.993,3.282],[97.952,3.284],[97.87,3.25],[97.922,3.228],[97.944,3.201],[97.938,3.164],[97.981,3.119],[97.975,3.073],[97.93,3.063],[97.947,3.006],[97.935,2.99],[97.965,2.973],[97.949,2.895],[98.006,2.872],[98.056,2.819],[98.099,2.823],[98.117,2.785],[98.07,2.764],[98.113,2.613],[98.085,2.603],[98.081,2.519],[98.197,2.312],[98.179,2.24],[98.131,2.164],[97.949,2.27],[97.914,2.27],[97.883,2.242],[97.868,2.248],[97.895,2.277],[97.865,2.267],[97.864,2.247],[97.803,2.268],[97.796,2.241],[97.775,2.237],[97.718,2.339],[97.741,2.314],[97.74,2.32],[97.661,2.402],[97.648,2.678],[97.592,2.879],[97.534,2.883],[97.487,2.92],[97.447,2.923],[97.37,2.989],[97.319,3.055],[97.318,3.078],[97.314,3.083],[97.309,3.082],[97.299,3.108],[97.309,3.096],[97.32,3.099],[97.302,3.117],[97.298,3.114],[97.258,3.221],[97.167,3.261],[97.017,3.521],[96.993,3.551],[96.902,3.601],[96.866,3.693],[96.775,3.739],[96.724,3.747],[96.544,3.729],[96.497,3.749],[96.388,3.846],[96.192,4.107],[96.148,4.141],[96.127,4.124],[96.055,4.205],[96.024,4.195],[95.752,4.497]]],[[[98.287,4.331],[98.284,4.326],[98.286,4.333],[98.287,4.331]]],[[[98.287,4.388],[98.285,4.397],[98.284,4.403],[98.287,4.388]]],[[[98.277,4.391],[98.274,4.392],[98.276,4.393],[98.277,4.391]]],[[[98.148,2.135],[98.148,2.136],[98.149,2.135],[98.148,2.135]]],[[[98.144,2.145],[98.144,2.146],[98.145,2.145],[98.144,2.145]]],[[[98.137,2.152],[98.137,2.153],[98.138,2.152],[98.137,2.152]]],[[[98.132,2.156],[98.133,2.157],[98.134,2.155],[98.132,2.156]]],[[[98.067,4.551],[98.065,4.546],[98.065,4.554],[98.067,4.551]]],[[[98.059,4.555],[98.056,4.562],[98.064,4.558],[98.059,4.555]]],[[[98.05,4.538],[98.04,4.542],[98.047,4.546],[98.05,4.538]]],[[[98.042,2.192],[98.044,2.192],[98.045,2.191],[98.042,2.192]]],[[[98.019,4.595],[98.02,4.594],[98.018,4.588],[98.019,4.595]]],[[[98.015,2.215],[98.016,2.214],[98.015,2.214],[98.015,2.215]]],[[[98.013,4.604],[98.014,4.605],[98.015,4.604],[98.013,4.604]]],[[[97.963,4.7],[97.961,4.713],[97.974,4.671],[97.963,4.7]]],[[[97.969,4.683],[97.968,4.68],[97.967,4.684],[97.969,4.683]]],[[[97.965,4.689],[97.965,4.691],[97.967,4.687],[97.965,4.689]]],[[[97.593,2.808],[97.593,2.81],[97.595,2.808],[97.593,2.808]]],[[[97.564,2.38],[97.566,2.38],[97.565,2.379],[97.564,2.38]]],[[[97.52,2.881],[97.518,2.884],[97.52,2.884],[97.52,2.881]]],[[[97.514,2.889],[97.516,2.887],[97.514,2.888],[97.514,2.889]]],[[[97.465,2.177],[97.461,2.183],[97.462,2.186],[97.465,2.177]]],[[[97.442,2.159],[97.428,2.18],[97.442,2.191],[97.442,2.159]]],[[[97.436,2.244],[97.437,2.243],[97.433,2.243],[97.436,2.244]]],[[[97.424,2.239],[97.432,2.247],[97.429,2.239],[97.424,2.239]]],[[[97.42,2.297],[97.426,2.293],[97.426,2.286],[97.42,2.297]]],[[[97.419,2.306],[97.381,2.337],[97.381,2.363],[97.41,2.342],[97.419,2.306]]],[[[97.418,2.263],[97.406,2.283],[97.407,2.286],[97.418,2.263]]],[[[97.408,2.295],[97.405,2.313],[97.411,2.295],[97.408,2.295]]],[[[97.406,2.291],[97.401,2.292],[97.401,2.297],[97.406,2.291]]],[[[97.392,2.037],[97.384,2.044],[97.391,2.044],[97.392,2.037]]],[[[97.169,2.236],[97.22,2.204],[97.236,2.235],[97.3,2.228],[97.292,2.201],[97.333,2.152],[97.339,2.164],[97.336,2.116],[97.359,2.098],[97.342,2.086],[97.347,2.044],[97.34,2.034],[97.328,2.04],[97.341,2.056],[97.307,2.063],[97.261,2.135],[97.231,2.15],[97.234,2.168],[97.219,2.157],[97.209,2.182],[97.174,2.178],[97.113,2.215],[97.169,2.236]]],[[[97.349,2.075],[97.357,2.068],[97.353,2.065],[97.349,2.075]]],[[[97.352,2.135],[97.354,2.129],[97.35,2.129],[97.352,2.135]]],[[[97.346,2.116],[97.341,2.116],[97.346,2.118],[97.346,2.116]]],[[[97.328,2.269],[97.33,2.262],[97.326,2.27],[97.328,2.269]]],[[[97.319,2.188],[97.321,2.186],[97.317,2.185],[97.319,2.188]]],[[[97.311,3.076],[97.313,3.082],[97.317,3.075],[97.311,3.076]]],[[[97.317,3.061],[97.314,3.06],[97.31,3.072],[97.317,3.061]]],[[[97.313,2.244],[97.31,2.241],[97.31,2.243],[97.313,2.244]]],[[[97.316,2.308],[97.306,2.301],[97.312,2.312],[97.316,2.308]]],[[[97.302,3.109],[97.3,3.111],[97.305,3.111],[97.302,3.109]]],[[[97.3,2.257],[97.301,2.254],[97.297,2.259],[97.3,2.257]]],[[[97.292,2.259],[97.29,2.267],[97.294,2.259],[97.292,2.259]]],[[[97.264,2.287],[97.275,2.275],[97.26,2.286],[97.264,2.287]]],[[[97.277,2.246],[97.275,2.244],[97.274,2.246],[97.277,2.246]]],[[[97.257,2.288],[97.251,2.284],[97.247,2.295],[97.257,2.288]]],[[[97.258,2.253],[97.259,2.251],[97.257,2.252],[97.258,2.253]]],[[[97.25,2.253],[97.245,2.262],[97.244,2.268],[97.25,2.253]]],[[[97.248,2.3],[97.243,2.307],[97.249,2.307],[97.248,2.3]]],[[[97.243,2.236],[97.244,2.238],[97.247,2.237],[97.243,2.236]]],[[[97.232,2.281],[97.232,2.279],[97.23,2.279],[97.232,2.281]]],[[[97.229,2.32],[97.219,2.322],[97.227,2.327],[97.229,2.32]]],[[[97.214,2.235],[97.225,2.237],[97.224,2.225],[97.214,2.235]]],[[[97.213,2.212],[97.213,2.211],[97.212,2.213],[97.213,2.212]]],[[[97.208,2.243],[97.21,2.244],[97.212,2.244],[97.208,2.243]]],[[[97.212,2.214],[97.207,2.218],[97.209,2.218],[97.212,2.214]]],[[[97.211,2.251],[97.203,2.262],[97.204,2.267],[97.211,2.251]]],[[[97.155,2.079],[97.154,2.055],[97.121,2.04],[97.128,2.01],[97.115,2.004],[97.079,2.086],[97.113,2.114],[97.155,2.079]]],[[[96.994,3.541],[96.996,3.538],[96.994,3.539],[96.994,3.541]]],[[[96.804,3.721],[96.806,3.718],[96.803,3.719],[96.804,3.721]]],[[[96.687,2.09],[96.629,2.062],[96.613,2.111],[96.665,2.12],[96.687,2.09]]],[[[96.652,2.149],[96.612,2.185],[96.662,2.167],[96.652,2.149]]],[[[96.507,2.433],[96.499,2.414],[96.48,2.425],[96.507,2.433]]],[[[96.503,2.412],[96.499,2.413],[96.502,2.414],[96.503,2.412]]],[[[95.8,2.915],[95.84,2.884],[95.833,2.913],[95.903,2.896],[95.91,2.847],[95.882,2.873],[95.864,2.859],[95.885,2.844],[95.881,2.826],[95.915,2.845],[95.972,2.813],[96.008,2.766],[96.099,2.757],[96.086,2.755],[96.084,2.732],[96.091,2.75],[96.122,2.728],[96.132,2.731],[96.113,2.715],[96.129,2.701],[96.147,2.713],[96.152,2.689],[96.093,2.677],[96.106,2.637],[96.143,2.655],[96.144,2.636],[96.146,2.636],[96.148,2.641],[96.153,2.648],[96.155,2.648],[96.192,2.617],[96.184,2.651],[96.163,2.669],[96.163,2.679],[96.24,2.619],[96.253,2.586],[96.35,2.546],[96.345,2.542],[96.344,2.53],[96.34,2.53],[96.345,2.525],[96.339,2.524],[96.371,2.512],[96.369,2.488],[96.393,2.475],[96.384,2.456],[96.407,2.461],[96.409,2.511],[96.415,2.485],[96.467,2.46],[96.499,2.363],[96.442,2.328],[96.387,2.349],[96.345,2.341],[96.314,2.359],[96.336,2.388],[96.313,2.386],[96.313,2.42],[96.228,2.442],[96.075,2.57],[96.008,2.591],[95.996,2.566],[95.98,2.588],[95.95,2.57],[95.886,2.603],[95.889,2.62],[95.862,2.637],[95.838,2.623],[95.819,2.646],[95.796,2.63],[95.79,2.67],[95.755,2.7],[95.763,2.715],[95.722,2.741],[95.734,2.757],[95.704,2.747],[95.692,2.773],[95.719,2.825],[95.788,2.826],[95.796,2.842],[95.765,2.848],[95.764,2.881],[95.784,2.926],[95.805,2.93],[95.8,2.915]]],[[[96.477,2.44],[96.482,2.433],[96.476,2.437],[96.477,2.44]]],[[[96.397,2.645],[96.37,2.65],[96.352,2.656],[96.397,2.645]]],[[[96.378,2.527],[96.39,2.51],[96.363,2.521],[96.378,2.527]]],[[[96.357,2.537],[96.356,2.539],[96.359,2.539],[96.357,2.537]]],[[[96.351,2.52],[96.353,2.523],[96.356,2.523],[96.351,2.52]]],[[[96.353,2.54],[96.348,2.538],[96.347,2.542],[96.353,2.54]]],[[[96.346,2.534],[96.351,2.529],[96.345,2.532],[96.346,2.534]]],[[[96.346,2.527],[96.348,2.527],[96.35,2.525],[96.346,2.527]]],[[[96.345,2.54],[96.347,2.541],[96.347,2.539],[96.345,2.54]]],[[[96.344,2.535],[96.346,2.535],[96.345,2.534],[96.344,2.535]]],[[[96.218,2.359],[96.256,2.374],[96.262,2.362],[96.247,2.345],[96.218,2.359]]],[[[96.231,2.416],[96.231,2.413],[96.229,2.414],[96.231,2.416]]],[[[96.219,2.65],[96.213,2.656],[96.22,2.653],[96.219,2.65]]],[[[96.194,2.348],[96.205,2.359],[96.206,2.356],[96.194,2.348]]],[[[96.158,2.663],[96.162,2.669],[96.162,2.666],[96.158,2.663]]],[[[96.147,2.675],[96.143,2.675],[96.144,2.678],[96.147,2.675]]],[[[96.139,2.72],[96.134,2.723],[96.135,2.725],[96.133,2.727],[96.138,2.724],[96.139,2.72]]],[[[96.111,2.752],[96.113,2.745],[96.107,2.743],[96.104,2.745],[96.107,2.744],[96.111,2.752]]],[[[96.105,2.746],[96.104,2.75],[96.106,2.746],[96.105,2.746]]],[[[96.01,2.779],[96.012,2.784],[96.014,2.78],[96.01,2.779]]],[[[95.964,2.845],[95.961,2.847],[95.962,2.848],[95.964,2.845]]],[[[95.964,2.827],[95.964,2.825],[95.96,2.828],[95.964,2.827]]],[[[95.96,2.53],[95.916,2.527],[95.929,2.544],[95.96,2.53]]],[[[95.942,2.855],[95.939,2.852],[95.94,2.855],[95.942,2.855]]],[[[95.929,2.865],[95.929,2.861],[95.927,2.865],[95.929,2.865]]],[[[95.87,2.606],[95.865,2.609],[95.872,2.614],[95.87,2.606]]],[[[95.787,2.834],[95.788,2.836],[95.789,2.834],[95.787,2.834]]],[[[95.784,2.838],[95.785,2.837],[95.784,2.836],[95.784,2.838]]],[[[95.775,2.842],[95.778,2.836],[95.774,2.84],[95.775,2.842]]],[[[95.764,2.829],[95.77,2.834],[95.772,2.831],[95.764,2.829]]],[[[95.764,2.893],[95.757,2.893],[95.757,2.894],[95.764,2.893]]],[[[95.761,2.931],[95.764,2.929],[95.761,2.929],[95.761,2.931]]],[[[95.758,2.906],[95.76,2.907],[95.76,2.906],[95.758,2.906]]],[[[95.713,2.712],[95.742,2.72],[95.747,2.718],[95.731,2.702],[95.713,2.712]]],[[[95.586,4.615],[95.582,4.615],[95.583,4.619],[95.586,4.615]]],[[[95.573,4.623],[95.576,4.619],[95.573,4.62],[95.573,4.623]]],[[[95.574,4.654],[95.57,4.658],[95.574,4.656],[95.574,4.654]]],[[[95.567,4.646],[95.563,4.645],[95.564,4.649],[95.567,4.646]]],[[[95.561,4.648],[95.555,4.649],[95.559,4.653],[95.561,4.648]]],[[[95.511,4.691],[95.505,4.688],[95.507,4.691],[95.511,4.691]]],[[[95.484,4.726],[95.489,4.722],[95.481,4.722],[95.484,4.726]]],[[[95.443,4.772],[95.451,4.777],[95.453,4.77],[95.443,4.772]]],[[[95.405,3.013],[95.406,3.02],[95.413,3.019],[95.405,3.013]]],[[[95.397,2.988],[95.397,2.968],[95.391,2.989],[95.397,2.988]]],[[[95.366,4.873],[95.385,4.878],[95.39,4.868],[95.383,4.858],[95.366,4.873]]],[[[95.216,5.907],[95.298,5.839],[95.302,5.873],[95.315,5.867],[95.324,5.882],[95.31,5.894],[95.333,5.898],[95.374,5.847],[95.375,5.805],[95.346,5.827],[95.33,5.773],[95.285,5.781],[95.216,5.907]]],[[[95.31,5.878],[95.313,5.873],[95.308,5.877],[95.31,5.878]]],[[[95.303,5.569],[95.303,5.568],[95.299,5.567],[95.303,5.569]]],[[[95.288,5.127],[95.293,5.128],[95.293,5.126],[95.288,5.127]]],[[[95.259,5.883],[95.258,5.88],[95.254,5.888],[95.259,5.883]]],[[[95.221,5.578],[95.217,5.578],[95.217,5.58],[95.221,5.578]]],[[[95.183,5.574],[95.204,5.582],[95.215,5.58],[95.201,5.579],[95.183,5.574]]],[[[95.205,5.281],[95.206,5.274],[95.202,5.276],[95.205,5.281]]],[[[95.207,5.308],[95.205,5.31],[95.207,5.309],[95.207,5.308]]],[[[95.158,5.641],[95.194,5.605],[95.119,5.602],[95.145,5.635],[95.14,5.66],[95.166,5.652],[95.158,5.641]]],[[[95.168,5.562],[95.168,5.55],[95.153,5.553],[95.168,5.562]]],[[[95.056,5.754],[95.105,5.713],[95.141,5.664],[95.076,5.669],[95.078,5.657],[95.055,5.648],[95.07,5.666],[95.044,5.671],[95.06,5.684],[95.039,5.707],[95.06,5.72],[95.046,5.737],[95.011,5.724],[95.031,5.751],[95.056,5.754]]],[[[95.119,6.071],[95.118,6.077],[95.122,6.075],[95.119,6.071]]],[[[95.057,5.623],[95.06,5.639],[95.087,5.64],[95.081,5.633],[95.057,5.623]]],[[[95.061,5.612],[95.063,5.611],[95.062,5.61],[95.061,5.612]]],[[[95.035,5.671],[95.039,5.672],[95.038,5.67],[95.035,5.671]]]]}},{"type":"Feature","properties":{"id":"SMU","name":"Sumatera Utara","region":"Sumatra","tz":"WIB","population_m":15.39,"districts":33,"center":[99.257,2.2699],"bbox":[97.059,-0.639,100.426,4.301]},"geometry":{"type":"MultiPolygon","coordinates":[[[[98.197,2.312],[98.147,2.424],[98.081,2.519],[98.085,2.603],[98.113,2.613],[98.07,2.764],[98.117,2.785],[98.099,2.823],[98.056,2.819],[98.006,2.872],[97.949,2.895],[97.965,2.973],[97.935,2.99],[97.947,3.006],[97.93,3.063],[97.975,3.073],[97.981,3.119],[97.938,3.164],[97.944,3.201],[97.922,3.228],[97.87,3.25],[97.952,3.284],[97.993,3.282],[98.029,3.331],[98.002,3.37],[97.91,3.39],[97.896,3.411],[97.959,3.482],[97.922,3.498],[97.904,3.557],[97.868,3.571],[97.872,3.612],[97.8,3.723],[97.909,3.819],[97.922,3.845],[97.909,3.879],[97.952,3.89],[97.958,3.929],[98.024,3.969],[98.026,4.016],[98.046,4.024],[98.034,4.057],[98.047,4.12],[98.072,4.143],[98.061,4.187],[98.093,4.207],[98.07,4.25],[98.143,4.26],[98.154,4.287],[98.191,4.301],[98.252,4.289],[98.254,4.202],[98.161,4.154],[98.178,4.144],[98.153,4.079],[98.199,4.107],[98.211,4.125],[98.249,4.13],[98.298,4.106],[98.311,4.074],[98.391,4.076],[98.431,4.041],[98.542,4.012],[98.56,3.939],[98.604,3.915],[98.661,3.912],[98.693,3.888],[98.702,3.813],[98.72,3.793],[98.707,3.772],[98.748,3.767],[98.774,3.731],[98.874,3.687],[98.955,3.683],[99.281,3.472],[99.284,3.481],[99.297,3.479],[99.292,3.464],[99.366,3.399],[99.488,3.345],[99.487,3.318],[99.558,3.237],[99.688,3.206],[99.757,3.169],[99.772,3.132],[99.832,3.06],[99.862,3.035],[99.89,3.04],[99.958,2.957],[99.99,2.961],[99.994,2.783],[99.974,2.744],[99.998,2.725],[100.049,2.741],[100.089,2.711],[100.113,2.546],[100.137,2.543],[100.131,2.678],[100.191,2.712],[100.22,2.705],[100.234,2.643],[100.321,2.551],[100.295,2.428],[100.301,2.34],[100.365,2.21],[100.364,2.169],[100.316,2.052],[100.314,1.91],[100.282,1.865],[100.278,1.813],[100.296,1.791],[100.354,1.782],[100.352,1.738],[100.32,1.68],[100.407,1.673],[100.424,1.489],[100.388,1.456],[100.286,1.479],[100.282,1.463],[100.345,1.436],[100.308,1.417],[100.069,1.399],[100.032,1.382],[100.029,1.326],[100.12,1.255],[100.135,1.168],[100.184,1.124],[100.135,1.112],[100.121,1.074],[100.167,0.998],[100.14,0.984],[100.148,0.966],[100.128,0.937],[100.143,0.884],[100.12,0.826],[100.179,0.764],[99.879,0.905],[99.834,0.887],[99.847,0.791],[99.825,0.736],[99.831,0.696],[99.911,0.68],[99.925,0.633],[99.909,0.626],[99.96,0.57],[99.961,0.514],[99.902,0.47],[99.837,0.459],[99.781,0.482],[99.742,0.478],[99.72,0.452],[99.676,0.476],[99.642,0.546],[99.573,0.51],[99.53,0.522],[99.519,0.552],[99.406,0.489],[99.317,0.335],[99.249,0.333],[99.166,0.23],[99.137,0.253],[99.158,0.266],[99.157,0.308],[99.148,0.331],[99.109,0.346],[99.134,0.378],[99.138,0.443],[99.117,0.509],[99.092,0.509],[99.109,0.55],[99.098,0.603],[99.075,0.63],[99.049,0.624],[99.066,0.659],[99.048,0.672],[99.058,0.743],[99.023,0.823],[98.996,0.82],[98.971,0.845],[98.986,0.854],[98.974,0.922],[98.844,1.278],[98.854,1.315],[98.712,1.564],[98.731,1.568],[98.766,1.528],[98.783,1.581],[98.807,1.568],[98.801,1.598],[98.84,1.629],[98.825,1.678],[98.787,1.691],[98.78,1.716],[98.795,1.725],[98.741,1.782],[98.669,1.77],[98.718,1.754],[98.732,1.767],[98.733,1.717],[98.679,1.739],[98.607,1.839],[98.447,2.0],[98.377,2.017],[98.357,2.003],[98.369,2.018],[98.34,2.046],[98.266,2.027],[98.261,2.064],[98.13,2.166],[98.179,2.24],[98.197,2.312]],[[98.557,2.899],[98.546,2.873],[98.52,2.896],[98.528,2.794],[98.627,2.684],[98.616,2.643],[98.693,2.61],[98.673,2.577],[98.689,2.566],[98.656,2.561],[98.694,2.533],[98.715,2.551],[98.779,2.438],[98.808,2.429],[98.809,2.395],[98.842,2.363],[98.817,2.35],[98.828,2.325],[98.86,2.349],[98.905,2.334],[98.945,2.36],[98.985,2.348],[98.999,2.321],[99.028,2.364],[99.058,2.335],[99.148,2.385],[99.154,2.42],[99.136,2.438],[99.099,2.406],[99.048,2.396],[99.059,2.443],[99.034,2.524],[98.948,2.564],[98.924,2.586],[98.927,2.608],[98.915,2.599],[98.908,2.63],[98.942,2.66],[98.924,2.697],[98.896,2.701],[98.68,2.873],[98.647,2.856],[98.557,2.899]]],[[[100.107,2.631],[100.124,2.575],[100.124,2.548],[100.115,2.555],[100.107,2.631]]],[[[100.033,2.773],[100.046,2.763],[100.02,2.748],[100.033,2.773]]],[[[99.789,3.113],[99.789,3.115],[99.79,3.114],[99.789,3.113]]],[[[99.104,0.374],[99.103,0.362],[99.089,0.362],[99.104,0.374]]],[[[99.039,0.763],[99.041,0.763],[99.039,0.761],[99.039,0.763]]],[[[99.036,0.766],[99.037,0.766],[99.039,0.764],[99.036,0.766]]],[[[99.011,0.779],[99.007,0.778],[99.008,0.78],[99.011,0.779]]],[[[98.726,2.759],[98.864,2.673],[98.852,2.664],[98.908,2.565],[98.972,2.511],[98.991,2.462],[98.874,2.431],[98.819,2.473],[98.801,2.465],[98.795,2.497],[98.757,2.502],[98.725,2.536],[98.683,2.642],[98.691,2.708],[98.726,2.759]]],[[[98.946,0.858],[98.946,0.861],[98.952,0.858],[98.946,0.858]]],[[[98.932,0.046],[98.928,0.054],[98.929,0.055],[98.932,0.046]]],[[[98.921,0.872],[98.919,0.873],[98.922,0.874],[98.921,0.872]]],[[[98.902,2.382],[98.901,2.347],[98.884,2.36],[98.902,2.382]]],[[[98.895,0.088],[98.897,0.092],[98.898,0.088],[98.895,0.088]]],[[[98.858,0.114],[98.856,0.117],[98.859,0.116],[98.858,0.114]]],[[[98.566,0.173],[98.709,0.178],[98.713,0.16],[98.754,0.156],[98.798,0.171],[98.854,0.118],[98.854,0.081],[98.783,0.096],[98.749,0.071],[98.656,0.073],[98.537,0.101],[98.525,0.141],[98.566,0.173]]],[[[98.826,1.277],[98.815,1.266],[98.815,1.276],[98.826,1.277]]],[[[98.823,2.346],[98.824,2.344],[98.823,2.343],[98.823,2.346]]],[[[98.787,0.172],[98.79,0.172],[98.79,0.17],[98.787,0.172]]],[[[98.779,1.727],[98.78,1.73],[98.782,1.728],[98.779,1.727]]],[[[98.762,1.705],[98.768,1.716],[98.769,1.706],[98.762,1.705]]],[[[98.744,2.756],[98.746,2.757],[98.748,2.755],[98.744,2.756]]],[[[98.648,2.643],[98.644,2.642],[98.644,2.646],[98.648,2.643]]],[[[98.64,3.916],[98.644,3.915],[98.64,3.915],[98.64,3.916]]],[[[98.639,0.069],[98.635,0.074],[98.64,0.073],[98.639,0.069]]],[[[98.493,1.696],[98.492,1.656],[98.534,1.641],[98.545,1.682],[98.572,1.671],[98.571,1.648],[98.587,1.666],[98.611,1.613],[98.538,1.633],[98.5,1.624],[98.444,1.651],[98.456,1.702],[98.493,1.696]]],[[[98.586,3.927],[98.588,3.928],[98.589,3.927],[98.586,3.927]]],[[[98.585,3.935],[98.586,3.933],[98.584,3.93],[98.585,3.935]]],[[[98.571,-0.33],[98.578,-0.335],[98.571,-0.334],[98.571,-0.33]]],[[[98.415,0.002],[98.419,-0.037],[98.47,-0.093],[98.469,-0.108],[98.478,-0.12],[98.484,-0.123],[98.493,-0.21],[98.573,-0.28],[98.568,-0.33],[98.542,-0.348],[98.554,-0.392],[98.496,-0.278],[98.368,-0.108],[98.381,-0.105],[98.362,-0.059],[98.342,-0.033],[98.294,-0.021],[98.355,0.006],[98.392,0.004],[98.396,-0.014],[98.415,0.002]]],[[[98.573,3.946],[98.56,3.94],[98.568,3.95],[98.573,3.946]]],[[[98.544,1.853],[98.549,1.853],[98.543,1.848],[98.544,1.853]]],[[[98.546,-0.062],[98.526,-0.056],[98.525,-0.032],[98.546,-0.062]]],[[[98.536,-0.397],[98.534,-0.392],[98.537,-0.394],[98.536,-0.397]]],[[[98.536,-0.23],[98.53,-0.228],[98.53,-0.223],[98.536,-0.23]]],[[[98.517,-0.136],[98.522,-0.146],[98.515,-0.136],[98.517,-0.136]]],[[[98.525,-0.497],[98.517,-0.499],[98.523,-0.493],[98.525,-0.497]]],[[[98.449,-0.252],[98.524,-0.372],[98.5,-0.397],[98.514,-0.414],[98.506,-0.494],[98.481,-0.516],[98.506,-0.555],[98.491,-0.572],[98.486,-0.552],[98.467,-0.574],[98.474,-0.532],[98.425,-0.543],[98.418,-0.598],[98.395,-0.564],[98.286,-0.523],[98.349,-0.514],[98.355,-0.471],[98.376,-0.458],[98.384,-0.343],[98.441,-0.301],[98.413,-0.243],[98.449,-0.252]]],[[[98.518,-0.639],[98.49,-0.619],[98.502,-0.595],[98.521,-0.62],[98.518,-0.639]]],[[[98.518,-0.479],[98.518,-0.475],[98.519,-0.477],[98.518,-0.479]]],[[[98.514,-0.456],[98.517,-0.457],[98.515,-0.457],[98.514,-0.456]]],[[[98.511,-0.112],[98.514,-0.109],[98.515,-0.116],[98.511,-0.112]]],[[[98.51,-0.34],[98.512,-0.334],[98.513,-0.34],[98.51,-0.34]]],[[[98.497,-0.069],[98.486,-0.036],[98.492,-0.028],[98.506,-0.051],[98.497,-0.069]]],[[[98.505,-0.531],[98.502,-0.534],[98.501,-0.53],[98.505,-0.531]]],[[[98.496,1.937],[98.497,1.935],[98.495,1.935],[98.496,1.937]]],[[[98.489,-0.11],[98.493,-0.112],[98.498,-0.114],[98.493,-0.115],[98.489,-0.11]]],[[[98.494,-0.314],[98.498,-0.313],[98.497,-0.315],[98.494,-0.314]]],[[[98.486,-0.283],[98.492,-0.286],[98.493,-0.291],[98.486,-0.283]]],[[[98.47,-0.106],[98.486,-0.112],[98.484,-0.122],[98.47,-0.106]]],[[[98.468,-0.278],[98.469,-0.276],[98.47,-0.278],[98.468,-0.278]]],[[[98.46,0.028],[98.455,0.038],[98.457,0.039],[98.46,0.028]]],[[[98.451,-0.022],[98.45,-0.019],[98.452,-0.02],[98.451,-0.022]]],[[[98.411,-0.172],[98.409,-0.17],[98.413,-0.169],[98.411,-0.172]]],[[[98.411,-0.308],[98.407,-0.31],[98.408,-0.307],[98.411,-0.308]]],[[[98.408,-0.232],[98.404,-0.235],[98.398,-0.231],[98.408,-0.232]]],[[[98.381,-0.262],[98.39,-0.276],[98.39,-0.277],[98.381,-0.262]]],[[[98.389,-0.215],[98.385,-0.212],[98.389,-0.213],[98.389,-0.215]]],[[[98.374,-0.197],[98.373,-0.198],[98.371,-0.196],[98.374,-0.197]]],[[[98.358,-0.076],[98.361,-0.072],[98.362,-0.077],[98.358,-0.076]]],[[[98.36,-0.095],[98.359,-0.093],[98.361,-0.094],[98.36,-0.095]]],[[[98.313,-0.046],[98.344,-0.067],[98.341,-0.075],[98.346,-0.072],[98.345,-0.081],[98.357,-0.089],[98.348,-0.097],[98.296,-0.071],[98.321,-0.063],[98.313,-0.046]]],[[[98.348,-0.08],[98.35,-0.081],[98.348,-0.081],[98.348,-0.08]]],[[[98.326,-0.092],[98.347,-0.143],[98.32,-0.125],[98.326,-0.092]]],[[[98.32,-0.116],[98.303,-0.096],[98.314,-0.095],[98.32,-0.116]]],[[[98.312,-0.094],[98.305,-0.089],[98.311,-0.09],[98.312,-0.094]]],[[[98.301,0.048],[98.3,0.053],[98.302,0.051],[98.301,0.048]]],[[[98.263,-0.058],[98.273,-0.032],[98.286,-0.093],[98.283,-0.094],[98.263,-0.058]]],[[[98.28,-0.102],[98.289,-0.101],[98.285,-0.11],[98.28,-0.102]]],[[[98.269,4.175],[98.256,4.133],[98.233,4.147],[98.243,4.176],[98.269,4.175]]],[[[98.254,0.012],[98.249,-0.001],[98.246,-0.001],[98.254,0.012]]],[[[98.259,-0.1],[98.263,-0.092],[98.265,-0.099],[98.259,-0.1]]],[[[98.26,-0.038],[98.255,-0.037],[98.257,-0.035],[98.26,-0.038]]],[[[98.255,-0.024],[98.259,-0.029],[98.255,-0.028],[98.255,-0.024]]],[[[98.228,0.064],[98.232,0.052],[98.227,0.062],[98.228,0.064]]],[[[98.221,-0.009],[98.221,0.007],[98.235,0.007],[98.221,-0.009]]],[[[98.229,-0.104],[98.223,-0.11],[98.221,-0.101],[98.229,-0.104]]],[[[98.219,0.023],[98.212,0.021],[98.211,0.024],[98.219,0.023]]],[[[98.216,0.054],[98.212,0.05],[98.213,0.056],[98.216,0.054]]],[[[98.207,-0.114],[98.203,-0.132],[98.188,-0.143],[98.182,-0.118],[98.207,-0.114]]],[[[98.204,4.131],[98.206,4.133],[98.206,4.131],[98.204,4.131]]],[[[98.193,4.128],[98.204,4.119],[98.2,4.12],[98.184,4.114],[98.193,4.128]]],[[[98.203,4.132],[98.201,4.136],[98.205,4.137],[98.203,4.132]]],[[[98.204,4.141],[98.204,4.14],[98.201,4.138],[98.204,4.141]]],[[[98.2,4.119],[98.2,4.114],[98.198,4.115],[98.2,4.119]]],[[[98.188,4.129],[98.192,4.135],[98.191,4.13],[98.188,4.129]]],[[[98.186,4.136],[98.182,4.13],[98.181,4.133],[98.186,4.136]]],[[[98.18,4.133],[98.176,4.135],[98.184,4.143],[98.185,4.138],[98.18,4.133]]],[[[98.179,2.098],[98.183,2.092],[98.175,2.092],[98.179,2.098]]],[[[98.179,4.126],[98.18,4.129],[98.18,4.127],[98.179,4.126]]],[[[97.965,1.024],[97.966,1.022],[97.964,1.023],[97.965,1.024]]],[[[97.956,1.026],[97.954,1.023],[97.952,1.026],[97.956,1.026]]],[[[97.904,0.895],[97.912,0.799],[97.887,0.743],[97.901,0.626],[97.837,0.558],[97.82,0.568],[97.827,0.544],[97.781,0.553],[97.781,0.58],[97.755,0.554],[97.738,0.581],[97.701,0.565],[97.632,0.8],[97.498,0.931],[97.406,0.94],[97.377,1.065],[97.285,1.204],[97.257,1.216],[97.262,1.242],[97.207,1.268],[97.134,1.38],[97.091,1.408],[97.074,1.39],[97.059,1.412],[97.136,1.432],[97.171,1.395],[97.189,1.418],[97.207,1.401],[97.276,1.419],[97.29,1.449],[97.346,1.482],[97.335,1.524],[97.35,1.542],[97.395,1.499],[97.422,1.518],[97.442,1.472],[97.483,1.479],[97.54,1.42],[97.541,1.388],[97.599,1.329],[97.69,1.178],[97.801,1.15],[97.849,1.072],[97.918,1.027],[97.947,0.957],[97.904,0.895]]],[[[97.929,1.08],[97.93,1.081],[97.93,1.079],[97.929,1.08]]],[[[97.902,1.074],[97.905,1.079],[97.907,1.075],[97.902,1.074]]],[[[97.899,-0.101],[97.857,-0.091],[97.837,-0.064],[97.889,-0.061],[97.899,-0.101]]],[[[97.429,0.919],[97.431,0.922],[97.433,0.919],[97.429,0.919]]],[[[97.427,0.937],[97.43,0.93],[97.425,0.93],[97.427,0.937]]],[[[97.381,0.847],[97.371,0.863],[97.385,0.857],[97.381,0.847]]],[[[97.379,0.835],[97.383,0.843],[97.384,0.836],[97.379,0.835]]],[[[97.372,0.882],[97.375,0.878],[97.372,0.878],[97.372,0.882]]],[[[97.332,0.828],[97.362,0.821],[97.359,0.811],[97.332,0.828]]],[[[97.355,0.875],[97.356,0.87],[97.349,0.874],[97.355,0.875]]],[[[97.336,0.857],[97.342,0.874],[97.355,0.869],[97.336,0.857]]],[[[97.308,0.854],[97.323,0.859],[97.333,0.849],[97.322,0.845],[97.308,0.854]]],[[[97.283,0.871],[97.29,0.863],[97.282,0.87],[97.283,0.871]]],[[[97.279,0.896],[97.274,0.915],[97.284,0.896],[97.279,0.896]]],[[[97.234,1.451],[97.244,1.464],[97.26,1.463],[97.234,1.451]]],[[[97.242,1.43],[97.244,1.427],[97.243,1.427],[97.242,1.43]]],[[[97.232,1.442],[97.229,1.44],[97.229,1.442],[97.232,1.442]]],[[[97.225,1.417],[97.227,1.42],[97.227,1.416],[97.225,1.417]]],[[[97.222,1.413],[97.222,1.414],[97.224,1.414],[97.222,1.413]]],[[[97.215,1.426],[97.216,1.42],[97.214,1.424],[97.215,1.426]]],[[[97.112,1.359],[97.1,1.359],[97.111,1.36],[97.112,1.359]]],[[[97.099,1.191],[97.1,1.201],[97.098,1.215],[97.104,1.196],[97.099,1.191]]],[[[97.08,1.216],[97.093,1.232],[97.082,1.209],[97.08,1.216]]]]}},{"type":"Feature","properties":{"id":"SMB","name":"Sumatera Barat","region":"Sumatra","tz":"WIB","population_m":5.76,"districts":19,"center":[100.8777,-0.7884],"bbox":[98.597,-4.016,101.893,0.907]},"geometry":{"type":"MultiPolygon","coordinates":[[[[99.746,-0.144],[99.756,-0.049],[99.617,0.066],[99.398,0.151],[99.392,0.187],[99.353,0.232],[99.304,0.235],[99.267,0.222],[99.263,0.202],[99.21,0.216],[99.188,0.254],[99.167,0.228],[99.2,0.29],[99.249,0.333],[99.317,0.335],[99.406,0.489],[99.519,0.552],[99.53,0.522],[99.573,0.51],[99.642,0.546],[99.676,0.476],[99.72,0.452],[99.742,0.478],[99.781,0.482],[99.837,0.459],[99.902,0.47],[99.961,0.514],[99.96,0.57],[99.909,0.626],[99.925,0.633],[99.911,0.68],[99.831,0.696],[99.825,0.736],[99.847,0.791],[99.831,0.88],[99.872,0.907],[100.239,0.734],[100.241,0.679],[100.187,0.627],[100.177,0.573],[100.237,0.543],[100.217,0.512],[100.29,0.398],[100.376,0.389],[100.42,0.424],[100.482,0.401],[100.534,0.341],[100.536,0.312],[100.676,0.186],[100.701,0.246],[100.765,0.237],[100.8,0.258],[100.834,0.235],[100.841,0.146],[100.788,0.128],[100.774,0.102],[100.801,0.049],[100.832,0.067],[100.85,0.053],[100.848,0.0],[100.815,-0.04],[100.775,-0.014],[100.743,-0.063],[100.763,-0.212],[100.837,-0.289],[100.845,-0.339],[100.948,-0.311],[101.006,-0.324],[101.041,-0.363],[101.026,-0.398],[101.071,-0.503],[101.11,-0.502],[101.168,-0.54],[101.25,-0.626],[101.307,-0.629],[101.5,-0.809],[101.558,-0.834],[101.669,-0.835],[101.689,-0.87],[101.713,-0.869],[101.69,-0.942],[101.756,-0.975],[101.833,-0.982],[101.825,-1.088],[101.841,-1.112],[101.891,-1.101],[101.885,-1.135],[101.814,-1.221],[101.722,-1.241],[101.695,-1.291],[101.725,-1.362],[101.697,-1.394],[101.724,-1.439],[101.671,-1.508],[101.549,-1.596],[101.502,-1.679],[101.437,-1.696],[101.411,-1.672],[101.397,-1.69],[101.267,-1.696],[101.232,-1.724],[101.199,-1.714],[101.19,-1.678],[101.169,-1.711],[101.132,-1.685],[101.129,-1.764],[101.179,-1.861],[101.142,-1.902],[101.143,-1.926],[101.206,-1.981],[101.265,-2.102],[101.285,-2.277],[101.238,-2.32],[101.237,-2.342],[101.023,-2.478],[100.892,-2.328],[100.875,-2.245],[100.823,-2.174],[100.823,-2.144],[100.866,-2.097],[100.88,-2.048],[100.867,-1.936],[100.644,-1.622],[100.623,-1.501],[100.561,-1.441],[100.584,-1.421],[100.558,-1.407],[100.593,-1.394],[100.561,-1.372],[100.568,-1.337],[100.543,-1.31],[100.49,-1.299],[100.454,-1.259],[100.401,-1.271],[100.407,-1.237],[100.433,-1.255],[100.432,-1.201],[100.381,-1.178],[100.38,-1.146],[100.356,-1.161],[100.362,-1.124],[100.388,-1.123],[100.364,-1.075],[100.381,-1.062],[100.409,-1.074],[100.412,-1.041],[100.378,-1.041],[100.39,-1.009],[100.382,-0.993],[100.365,-1.006],[100.347,-0.969],[100.326,-0.852],[100.129,-0.647],[100.041,-0.506],[99.915,-0.402],[99.888,-0.344],[99.82,-0.301],[99.798,-0.219],[99.746,-0.144]],[[100.485,-0.575],[100.569,-0.697],[100.596,-0.692],[100.552,-0.563],[100.496,-0.535],[100.485,-0.575]]],[[[101.048,-3.992],[101.035,-4.016],[101.033,-4.014],[101.048,-3.992]]],[[[100.679,-3.453],[100.682,-3.456],[100.679,-3.455],[100.679,-3.453]]],[[[100.645,-3.488],[100.638,-3.466],[100.678,-3.484],[100.671,-3.491],[100.645,-3.488]]],[[[100.639,-1.907],[100.64,-1.912],[100.637,-1.91],[100.639,-1.907]]],[[[100.572,-3.262],[100.565,-3.271],[100.569,-3.257],[100.572,-3.262]]],[[[100.57,-1.887],[100.572,-1.888],[100.571,-1.89],[100.57,-1.887]]],[[[100.558,-1.355],[100.56,-1.352],[100.561,-1.354],[100.558,-1.355]]],[[[100.555,-1.408],[100.557,-1.407],[100.556,-1.408],[100.555,-1.408]]],[[[100.553,-1.605],[100.555,-1.604],[100.555,-1.606],[100.553,-1.605]]],[[[100.534,-3.245],[100.527,-3.243],[100.531,-3.237],[100.534,-3.245]]],[[[100.532,-3.197],[100.533,-3.197],[100.534,-3.198],[100.532,-3.197]]],[[[100.489,-3.142],[100.509,-3.168],[100.531,-3.2],[100.492,-3.185],[100.489,-3.142]]],[[[100.524,-3.202],[100.528,-3.201],[100.53,-3.202],[100.524,-3.202]]],[[[100.509,-1.663],[100.506,-1.662],[100.508,-1.661],[100.509,-1.663]]],[[[100.499,-3.202],[100.501,-3.199],[100.5,-3.206],[100.499,-3.202]]],[[[100.494,-3.198],[100.494,-3.197],[100.495,-3.197],[100.494,-3.198]]],[[[100.481,-3.216],[100.492,-3.218],[100.493,-3.23],[100.481,-3.216]]],[[[100.494,-1.41],[100.491,-1.408],[100.493,-1.406],[100.494,-1.41]]],[[[100.483,-1.387],[100.492,-1.393],[100.491,-1.399],[100.483,-1.387]]],[[[100.489,-3.183],[100.486,-3.182],[100.488,-3.182],[100.489,-3.183]]],[[[100.482,-3.191],[100.485,-3.192],[100.484,-3.194],[100.482,-3.191]]],[[[100.223,-2.783],[100.251,-2.814],[100.265,-2.815],[100.26,-2.819],[100.267,-2.843],[100.355,-2.902],[100.429,-3.003],[100.469,-3.02],[100.462,-3.035],[100.446,-3.023],[100.451,-3.045],[100.46,-3.052],[100.468,-3.044],[100.456,-3.101],[100.47,-3.144],[100.359,-3.163],[100.41,-3.193],[100.374,-3.18],[100.433,-3.28],[100.471,-3.315],[100.472,-3.348],[100.44,-3.344],[100.38,-3.288],[100.377,-3.253],[100.337,-3.247],[100.324,-3.207],[100.344,-3.229],[100.369,-3.227],[100.327,-3.178],[100.339,-3.141],[100.294,-3.082],[100.247,-3.081],[100.255,-3.049],[100.231,-3.057],[100.187,-2.989],[100.18,-2.962],[100.201,-2.932],[100.176,-2.801],[100.223,-2.783]]],[[[100.472,-1.329],[100.477,-1.321],[100.474,-1.33],[100.472,-1.329]]],[[[100.474,-3.084],[100.47,-3.088],[100.47,-3.083],[100.474,-3.084]]],[[[100.463,-3.209],[100.46,-3.216],[100.459,-3.209],[100.463,-3.209]]],[[[100.461,-3.286],[100.463,-3.292],[100.458,-3.287],[100.461,-3.286]]],[[[100.458,-3.04],[100.462,-3.042],[100.459,-3.049],[100.458,-3.04]]],[[[100.454,-3.205],[100.456,-3.212],[100.452,-3.209],[100.454,-3.205]]],[[[100.457,-3.188],[100.455,-3.189],[100.456,-3.188],[100.457,-3.188]]],[[[100.456,-3.037],[100.456,-3.035],[100.456,-3.036],[100.456,-3.037]]],[[[100.452,-3.033],[100.455,-3.034],[100.453,-3.035],[100.452,-3.033]]],[[[100.446,-3.27],[100.439,-3.266],[100.438,-3.257],[100.446,-3.27]]],[[[100.437,-1.501],[100.439,-1.499],[100.44,-1.503],[100.437,-1.501]]],[[[100.436,-1.314],[100.436,-1.317],[100.435,-1.316],[100.436,-1.314]]],[[[100.422,-3.237],[100.409,-3.225],[100.412,-3.222],[100.422,-3.225],[100.422,-3.237]]],[[[100.399,-3.216],[100.405,-3.201],[100.41,-3.219],[100.399,-3.216]]],[[[100.412,-3.178],[100.409,-3.175],[100.411,-3.174],[100.412,-3.178]]],[[[100.406,-1.229],[100.408,-1.227],[100.408,-1.231],[100.406,-1.229]]],[[[100.403,-3.177],[100.406,-3.177],[100.405,-3.178],[100.403,-3.177]]],[[[100.399,-3.165],[100.402,-3.168],[100.403,-3.17],[100.399,-3.165]]],[[[100.386,-1.208],[100.398,-1.201],[100.397,-1.229],[100.376,-1.218],[100.381,-1.191],[100.393,-1.187],[100.386,-1.208]]],[[[100.398,-3.164],[100.397,-3.166],[100.396,-3.162],[100.398,-3.164]]],[[[100.393,-1.197],[100.394,-1.197],[100.395,-1.198],[100.393,-1.197]]],[[[100.381,-1.118],[100.383,-1.12],[100.379,-1.119],[100.381,-1.118]]],[[[100.364,-1.117],[100.368,-1.116],[100.369,-1.12],[100.364,-1.117]]],[[[100.356,-1.161],[100.355,-1.171],[100.349,-1.171],[100.356,-1.161]]],[[[100.352,-1.133],[100.35,-1.124],[100.356,-1.123],[100.352,-1.133]]],[[[100.348,-3.224],[100.351,-3.219],[100.353,-3.224],[100.348,-3.224]]],[[[100.348,-1.162],[100.349,-1.156],[100.352,-1.157],[100.348,-1.162]]],[[[100.349,-3.291],[100.349,-3.291],[100.339,-3.296],[100.33,-3.285],[100.342,-3.284],[100.349,-3.29],[100.349,-3.291]]],[[[100.342,-0.992],[100.338,-0.996],[100.338,-0.991],[100.342,-0.992]]],[[[100.338,-1.123],[100.342,-1.122],[100.341,-1.124],[100.338,-1.123]]],[[[100.339,-1.212],[100.328,-1.205],[100.334,-1.19],[100.34,-1.188],[100.339,-1.212]]],[[[100.294,-3.122],[100.311,-3.129],[100.308,-3.14],[100.294,-3.122]]],[[[100.302,-0.857],[100.302,-0.859],[100.3,-0.857],[100.302,-0.857]]],[[[100.294,-3.211],[100.302,-3.214],[100.299,-3.216],[100.294,-3.211]]],[[[100.299,-1.266],[100.296,-1.267],[100.297,-1.264],[100.299,-1.266]]],[[[100.296,-1.075],[100.297,-1.073],[100.297,-1.076],[100.296,-1.075]]],[[[100.279,-2.831],[100.28,-2.825],[100.283,-2.832],[100.279,-2.831]]],[[[100.273,-2.832],[100.274,-2.831],[100.275,-2.832],[100.273,-2.832]]],[[[100.273,-2.82],[100.264,-2.823],[100.269,-2.817],[100.273,-2.82]]],[[[100.256,-2.807],[100.257,-2.807],[100.257,-2.808],[100.256,-2.807]]],[[[100.253,-2.803],[100.253,-2.801],[100.255,-2.801],[100.253,-2.803]]],[[[100.241,-3.121],[100.242,-3.126],[100.238,-3.121],[100.241,-3.121]]],[[[100.242,-3.066],[100.244,-3.069],[100.243,-3.07],[100.242,-3.066]]],[[[100.237,-3.121],[100.227,-3.119],[100.232,-3.117],[100.237,-3.121]]],[[[100.229,-0.954],[100.231,-0.956],[100.229,-0.956],[100.229,-0.954]]],[[[100.228,-3.116],[100.226,-3.117],[100.227,-3.116],[100.228,-3.116]]],[[[100.226,-2.779],[100.222,-2.775],[100.227,-2.778],[100.226,-2.779]]],[[[99.998,-2.503],[100.172,-2.648],[100.218,-2.737],[100.216,-2.776],[100.141,-2.808],[100.143,-2.841],[100.074,-2.842],[100.048,-2.815],[100.041,-2.851],[100.019,-2.851],[99.996,-2.832],[100.017,-2.82],[99.994,-2.777],[99.974,-2.787],[100.012,-2.741],[99.999,-2.697],[100.012,-2.687],[99.959,-2.57],[99.974,-2.567],[99.973,-2.511],[99.998,-2.503]]],[[[100.206,-0.983],[100.21,-0.982],[100.21,-0.984],[100.206,-0.983]]],[[[100.206,-0.873],[100.204,-0.875],[100.204,-0.873],[100.206,-0.873]]],[[[100.194,-3.059],[100.181,-3.076],[100.17,-3.057],[100.194,-3.059]]],[[[100.179,-2.885],[100.176,-2.895],[100.173,-2.89],[100.179,-2.885]]],[[[100.176,-2.827],[100.167,-2.825],[100.173,-2.821],[100.176,-2.827]]],[[[100.174,-2.834],[100.176,-2.832],[100.175,-2.835],[100.174,-2.834]]],[[[100.171,-1.039],[100.176,-1.036],[100.175,-1.039],[100.171,-1.039]]],[[[100.171,-1.137],[100.172,-1.135],[100.174,-1.135],[100.171,-1.137]]],[[[100.159,-2.877],[100.17,-2.882],[100.167,-2.885],[100.159,-2.877]]],[[[100.164,-2.818],[100.17,-2.81],[100.167,-2.821],[100.164,-2.818]]],[[[100.168,-2.8],[100.165,-2.798],[100.169,-2.798],[100.168,-2.8]]],[[[100.161,-3.011],[100.167,-3.008],[100.169,-3.011],[100.161,-3.011]]],[[[100.149,-3.025],[100.157,-3.011],[100.153,-3.027],[100.149,-3.025]]],[[[100.15,-2.862],[100.131,-2.852],[100.15,-2.85],[100.15,-2.862]]],[[[100.142,-0.948],[100.137,-0.95],[100.138,-0.946],[100.142,-0.948]]],[[[100.111,-0.659],[100.112,-0.661],[100.11,-0.66],[100.111,-0.659]]],[[[100.103,-0.646],[100.101,-0.648],[100.101,-0.646],[100.103,-0.646]]],[[[100.1,-0.871],[100.1,-0.875],[100.098,-0.873],[100.1,-0.871]]],[[[100.1,-0.633],[100.098,-0.634],[100.098,-0.633],[100.1,-0.633]]],[[[99.988,-2.756],[99.989,-2.758],[99.987,-2.757],[99.988,-2.756]]],[[[99.979,-2.75],[99.987,-2.753],[99.981,-2.757],[99.979,-2.75]]],[[[99.979,-2.756],[99.98,-2.757],[99.979,-2.759],[99.979,-2.756]]],[[[99.902,-0.408],[99.904,-0.41],[99.902,-0.41],[99.902,-0.408]]],[[[99.901,-0.422],[99.9,-0.419],[99.902,-0.419],[99.901,-0.422]]],[[[99.569,-2.037],[99.626,-2.029],[99.616,-2.04],[99.637,-2.035],[99.637,-2.051],[99.702,-2.085],[99.72,-2.182],[99.781,-2.255],[99.782,-2.291],[99.814,-2.297],[99.847,-2.336],[99.861,-2.402],[99.843,-2.395],[99.838,-2.364],[99.799,-2.371],[99.784,-2.344],[99.738,-2.345],[99.674,-2.289],[99.632,-2.29],[99.626,-2.273],[99.615,-2.293],[99.601,-2.284],[99.61,-2.247],[99.592,-2.252],[99.589,-2.222],[99.575,-2.246],[99.528,-2.154],[99.573,-2.149],[99.547,-2.071],[99.569,-2.037]]],[[[99.746,-2.374],[99.747,-2.368],[99.75,-2.369],[99.746,-2.374]]],[[[99.727,-2.358],[99.736,-2.394],[99.711,-2.36],[99.727,-2.358]]],[[[99.721,-2.338],[99.723,-2.337],[99.722,-2.339],[99.721,-2.338]]],[[[99.64,-2.046],[99.641,-2.047],[99.64,-2.048],[99.64,-2.046]]],[[[99.612,-2.024],[99.613,-2.02],[99.614,-2.021],[99.612,-2.024]]],[[[99.578,-1.969],[99.606,-1.996],[99.587,-1.992],[99.578,-1.969]]],[[[99.578,-2.004],[99.564,-1.999],[99.574,-1.989],[99.578,-2.004]]],[[[99.576,-2.025],[99.547,-2.008],[99.559,-2.002],[99.576,-2.025]]],[[[99.568,-1.966],[99.569,-1.965],[99.57,-1.967],[99.568,-1.966]]],[[[99.545,-2.222],[99.541,-2.211],[99.544,-2.213],[99.545,-2.222]]],[[[99.526,-2.128],[99.54,-2.131],[99.526,-2.13],[99.526,-2.128]]],[[[99.525,-2.123],[99.526,-2.125],[99.521,-2.123],[99.525,-2.123]]],[[[99.362,0.125],[99.36,0.125],[99.362,0.127],[99.362,0.125]]],[[[99.304,-1.851],[99.319,-1.855],[99.303,-1.855],[99.304,-1.851]]],[[[99.314,-1.901],[99.316,-1.902],[99.316,-1.904],[99.314,-1.901]]],[[[99.312,-1.924],[99.298,-1.929],[99.295,-1.901],[99.306,-1.902],[99.312,-1.924]]],[[[99.302,0.187],[99.312,0.185],[99.304,0.182],[99.302,0.187]]],[[[99.309,-1.726],[99.31,-1.727],[99.31,-1.729],[99.309,-1.726]]],[[[98.907,-0.943],[98.902,-0.927],[98.904,-0.945],[98.928,-0.931],[98.945,-0.981],[98.944,-1.006],[98.952,-1.014],[98.927,-0.988],[98.917,-0.999],[98.949,-1.089],[98.958,-1.076],[99.002,-1.115],[99.008,-1.163],[99.041,-1.206],[99.024,-1.221],[99.069,-1.253],[99.051,-1.295],[99.081,-1.294],[99.099,-1.365],[99.117,-1.378],[99.102,-1.388],[99.103,-1.392],[99.13,-1.387],[99.128,-1.408],[99.147,-1.399],[99.17,-1.471],[99.115,-1.442],[99.185,-1.521],[99.201,-1.516],[99.193,-1.544],[99.209,-1.552],[99.194,-1.568],[99.22,-1.605],[99.26,-1.595],[99.288,-1.632],[99.27,-1.645],[99.292,-1.653],[99.275,-1.67],[99.305,-1.686],[99.282,-1.752],[99.223,-1.63],[99.199,-1.638],[99.241,-1.676],[99.221,-1.663],[99.263,-1.773],[99.241,-1.797],[99.167,-1.779],[99.108,-1.812],[98.877,-1.679],[98.825,-1.616],[98.837,-1.586],[98.804,-1.518],[98.604,-1.227],[98.597,-1.199],[98.651,-1.107],[98.664,-0.98],[98.685,-0.959],[98.721,-0.944],[98.798,-0.957],[98.899,-0.906],[98.907,-0.943]]],[[[99.297,0.187],[99.3,0.188],[99.299,0.185],[99.297,0.187]]],[[[99.293,-1.737],[99.292,-1.734],[99.297,-1.739],[99.293,-1.737]]],[[[99.294,-1.779],[99.297,-1.782],[99.295,-1.781],[99.294,-1.779]]],[[[99.296,0.213],[99.281,0.223],[99.291,0.227],[99.296,0.213]]],[[[99.295,0.144],[99.295,0.139],[99.292,0.14],[99.295,0.144]]],[[[99.289,-1.81],[99.287,-1.84],[99.242,-1.851],[99.269,-1.812],[99.255,-1.791],[99.289,-1.81]]],[[[99.28,-1.879],[99.288,-1.873],[99.29,-1.879],[99.28,-1.879]]],[[[99.284,0.172],[99.279,0.178],[99.282,0.178],[99.284,0.172]]],[[[99.269,-1.745],[99.269,-1.749],[99.266,-1.747],[99.269,-1.745]]],[[[99.267,-1.775],[99.269,-1.771],[99.269,-1.774],[99.267,-1.775]]],[[[99.259,-1.716],[99.259,-1.725],[99.251,-1.715],[99.259,-1.716]]],[[[99.244,-1.692],[99.246,-1.695],[99.245,-1.695],[99.244,-1.692]]],[[[99.217,-1.634],[99.218,-1.637],[99.215,-1.634],[99.217,-1.634]]],[[[99.178,-1.492],[99.189,-1.495],[99.187,-1.498],[99.178,-1.492]]],[[[99.173,-1.488],[99.173,-1.473],[99.175,-1.489],[99.173,-1.488]]],[[[99.151,-1.841],[99.142,-1.836],[99.144,-1.833],[99.151,-1.841]]],[[[99.111,-1.364],[99.113,-1.354],[99.121,-1.366],[99.111,-1.364]]],[[[99.08,-1.861],[99.091,-1.866],[99.077,-1.866],[99.08,-1.861]]],[[[99.049,-1.809],[99.042,-1.81],[99.046,-1.805],[99.049,-1.809]]],[[[98.955,-1.066],[98.958,-1.061],[98.958,-1.071],[98.955,-1.066]]],[[[98.948,-1.041],[98.95,-1.039],[98.952,-1.044],[98.948,-1.041]]],[[[98.947,-0.989],[98.948,-0.992],[98.946,-0.993],[98.947,-0.989]]],[[[98.929,-0.926],[98.931,-0.929],[98.928,-0.927],[98.929,-0.926]]]]}},{"type":"Feature","properties":{"id":"RIA","name":"Riau","region":"Sumatra","tz":"WIB","population_m":6.64,"districts":12,"center":[101.581,0.7055],"bbox":[100.025,-1.122,103.815,2.884]},"geometry":{"type":"MultiPolygon","coordinates":[[[[101.913,-0.922],[101.907,-0.951],[101.842,-0.983],[101.756,-0.975],[101.69,-0.942],[101.713,-0.869],[101.689,-0.87],[101.669,-0.835],[101.558,-0.834],[101.5,-0.809],[101.307,-0.629],[101.25,-0.626],[101.168,-0.54],[101.11,-0.502],[101.071,-0.503],[101.026,-0.398],[101.041,-0.363],[101.006,-0.324],[100.948,-0.311],[100.845,-0.339],[100.837,-0.289],[100.763,-0.212],[100.743,-0.063],[100.775,-0.014],[100.815,-0.04],[100.848,0.0],[100.85,0.053],[100.832,0.067],[100.801,0.049],[100.774,0.102],[100.788,0.128],[100.841,0.146],[100.841,0.226],[100.8,0.258],[100.765,0.237],[100.701,0.246],[100.676,0.186],[100.536,0.312],[100.534,0.341],[100.482,0.401],[100.42,0.424],[100.376,0.389],[100.29,0.398],[100.217,0.512],[100.237,0.543],[100.18,0.566],[100.187,0.627],[100.241,0.679],[100.239,0.734],[100.211,0.736],[100.119,0.835],[100.138,0.844],[100.14,0.984],[100.167,0.998],[100.121,1.068],[100.123,1.094],[100.142,1.117],[100.184,1.124],[100.135,1.168],[100.12,1.255],[100.074,1.276],[100.029,1.326],[100.025,1.357],[100.051,1.395],[100.201,1.399],[100.345,1.436],[100.282,1.463],[100.286,1.479],[100.388,1.456],[100.424,1.489],[100.407,1.673],[100.32,1.68],[100.352,1.738],[100.354,1.782],[100.296,1.791],[100.278,1.813],[100.282,1.865],[100.314,1.91],[100.316,2.052],[100.364,2.169],[100.365,2.21],[100.301,2.34],[100.295,2.428],[100.323,2.545],[100.361,2.393],[100.441,2.259],[100.568,2.156],[100.774,2.081],[100.864,1.988],[100.889,1.996],[100.884,2.033],[100.844,2.079],[100.789,2.118],[100.782,2.183],[100.766,2.211],[100.764,2.269],[100.797,2.293],[100.897,2.305],[101.052,2.291],[101.081,2.213],[101.305,2.041],[101.364,1.832],[101.358,1.778],[101.401,1.707],[101.562,1.637],[101.664,1.665],[101.757,1.662],[102.005,1.458],[102.149,1.379],[102.16,1.195],[102.177,1.231],[102.207,1.193],[102.192,1.087],[102.226,1.0],[102.335,0.905],[102.411,0.808],[102.529,0.744],[102.695,0.755],[102.911,0.717],[103.062,0.545],[103.106,0.509],[103.121,0.463],[102.794,0.293],[102.807,0.262],[102.85,0.245],[103.057,0.37],[103.144,0.393],[103.168,0.407],[103.189,0.432],[103.212,0.484],[103.303,0.512],[103.331,0.547],[103.415,0.523],[103.534,0.44],[103.614,0.347],[103.706,0.306],[103.743,0.251],[103.81,-0.011],[103.69,-0.023],[103.616,-0.006],[103.57,-0.036],[103.596,-0.036],[103.583,-0.061],[103.536,-0.08],[103.523,-0.074],[103.504,-0.078],[103.501,-0.067],[103.469,-0.041],[103.462,-0.046],[103.464,-0.058],[103.469,-0.06],[103.478,-0.056],[103.48,-0.076],[103.489,-0.087],[103.472,-0.104],[103.471,-0.12],[103.498,-0.134],[103.495,-0.158],[103.397,-0.228],[103.277,-0.236],[103.227,-0.271],[103.246,-0.305],[103.326,-0.353],[103.316,-0.361],[103.306,-0.382],[103.309,-0.389],[103.334,-0.405],[103.324,-0.439],[103.37,-0.435],[103.39,-0.516],[103.437,-0.553],[103.418,-0.6],[103.374,-0.61],[103.341,-0.628],[103.313,-0.664],[103.236,-0.681],[103.227,-0.685],[103.253,-0.701],[103.288,-0.706],[103.429,-0.707],[103.419,-0.73],[103.441,-0.737],[103.44,-0.771],[103.357,-0.807],[103.139,-0.749],[103.012,-0.755],[102.928,-0.867],[102.783,-0.998],[102.782,-1.033],[102.758,-1.028],[102.732,-1.077],[102.686,-1.085],[102.647,-1.122],[102.617,-1.095],[102.482,-1.08],[102.443,-1.025],[102.382,-1.027],[102.386,-0.993],[102.326,-0.963],[102.307,-0.917],[102.204,-0.949],[102.165,-0.899],[102.117,-0.921],[102.008,-0.879],[101.913,-0.922]]],[[[103.644,-0.231],[103.665,-0.254],[103.71,-0.257],[103.786,-0.344],[103.694,-0.355],[103.605,-0.396],[103.538,-0.388],[103.512,-0.36],[103.454,-0.365],[103.475,-0.298],[103.536,-0.22],[103.644,-0.231]]],[[[103.642,-0.024],[103.664,-0.021],[103.682,-0.041],[103.659,-0.051],[103.642,-0.024]]],[[[103.648,-0.049],[103.6,-0.019],[103.616,-0.008],[103.648,-0.049]]],[[[103.47,-0.381],[103.513,-0.369],[103.534,-0.397],[103.586,-0.4],[103.604,-0.433],[103.53,-0.51],[103.468,-0.503],[103.42,-0.521],[103.395,-0.511],[103.376,-0.437],[103.367,-0.43],[103.33,-0.435],[103.336,-0.403],[103.308,-0.382],[103.331,-0.357],[103.47,-0.381]]],[[[103.6,-0.115],[103.599,-0.119],[103.59,-0.12],[103.6,-0.115]]],[[[103.591,-0.097],[103.507,-0.119],[103.507,-0.106],[103.52,-0.104],[103.548,-0.078],[103.581,-0.074],[103.591,-0.097]]],[[[103.545,0.45],[103.58,0.432],[103.588,0.408],[103.546,0.436],[103.545,0.45]]],[[[103.529,-0.205],[103.514,-0.197],[103.479,-0.201],[103.568,-0.18],[103.529,-0.205]]],[[[103.503,-0.081],[103.516,-0.091],[103.501,-0.083],[103.491,-0.085],[103.481,-0.055],[103.465,-0.045],[103.477,-0.05],[103.5,-0.07],[103.503,-0.081]]],[[[103.445,-0.301],[103.405,-0.292],[103.393,-0.291],[103.379,-0.295],[103.362,-0.284],[103.346,-0.285],[103.353,-0.266],[103.353,-0.264],[103.345,-0.251],[103.515,-0.201],[103.461,-0.31],[103.445,-0.301]]],[[[103.475,-0.107],[103.499,-0.086],[103.519,-0.102],[103.504,-0.105],[103.504,-0.119],[103.475,-0.107]]],[[[103.345,-0.285],[103.381,-0.297],[103.404,-0.293],[103.421,-0.303],[103.438,-0.302],[103.459,-0.313],[103.452,-0.341],[103.426,-0.358],[103.364,-0.357],[103.233,-0.278],[103.281,-0.244],[103.343,-0.251],[103.345,-0.285]]],[[[103.42,-0.633],[103.336,-0.638],[103.376,-0.611],[103.429,-0.606],[103.42,-0.633]]],[[[103.342,-0.642],[103.42,-0.67],[103.397,-0.693],[103.287,-0.702],[103.235,-0.685],[103.316,-0.666],[103.342,-0.642]]],[[[103.147,0.527],[103.156,0.679],[103.191,0.7],[103.237,0.696],[103.292,0.632],[103.296,0.544],[103.171,0.498],[103.147,0.527]]],[[[103.275,0.723],[103.275,0.727],[103.277,0.724],[103.275,0.723]]],[[[103.275,0.729],[103.27,0.73],[103.272,0.733],[103.275,0.729]]],[[[103.237,0.869],[103.231,0.877],[103.238,0.871],[103.237,0.869]]],[[[103.209,0.864],[103.211,0.869],[103.219,0.863],[103.209,0.864]]],[[[103.183,0.43],[103.173,0.417],[103.171,0.417],[103.183,0.43]]],[[[102.972,1.096],[103.155,0.895],[103.145,0.84],[103.073,0.832],[102.885,0.967],[102.806,0.992],[102.791,1.025],[102.817,1.033],[102.82,1.05],[102.778,1.019],[102.732,1.04],[102.623,1.014],[102.656,1.035],[102.688,1.118],[102.747,1.158],[102.972,1.096]]],[[[103.085,0.788],[103.105,0.799],[103.113,0.783],[103.114,0.732],[103.091,0.717],[103.076,0.738],[103.085,0.788]]],[[[103.11,0.668],[103.109,0.638],[103.104,0.631],[103.096,0.659],[103.11,0.668]]],[[[103.106,0.819],[103.082,0.797],[103.074,0.824],[103.106,0.819]]],[[[103.069,0.563],[103.034,0.661],[103.051,0.66],[103.084,0.59],[103.069,0.563]]],[[[103.045,0.582],[103.069,0.551],[103.076,0.538],[103.056,0.558],[103.045,0.582]]],[[[102.797,0.98],[102.881,0.951],[103.047,0.824],[103.049,0.72],[103.025,0.687],[102.995,0.689],[102.927,0.769],[102.866,0.791],[102.685,0.791],[102.561,0.769],[102.445,0.82],[102.411,0.858],[102.409,0.888],[102.441,0.936],[102.488,0.931],[102.562,0.973],[102.589,1.001],[102.635,0.989],[102.736,1.022],[102.749,0.998],[102.774,1.005],[102.797,0.98]]],[[[102.949,0.317],[102.986,0.356],[102.996,0.342],[102.949,0.317]]],[[[102.97,0.659],[102.97,0.655],[102.965,0.662],[102.97,0.659]]],[[[102.942,0.327],[102.964,0.36],[102.978,0.357],[102.942,0.327]]],[[[102.971,0.674],[102.972,0.668],[102.966,0.675],[102.971,0.674]]],[[[102.966,0.679],[102.963,0.682],[102.966,0.681],[102.966,0.679]]],[[[102.826,0.264],[102.935,0.325],[102.946,0.315],[102.856,0.259],[102.826,0.264]]],[[[102.902,0.77],[102.898,0.767],[102.886,0.774],[102.902,0.77]]],[[[102.846,0.773],[102.823,0.774],[102.847,0.774],[102.846,0.773]]],[[[102.538,1.127],[102.614,1.048],[102.608,1.005],[102.587,1.001],[102.5,0.945],[102.461,1.062],[102.481,1.126],[102.538,1.127]]],[[[102.046,1.607],[102.468,1.511],[102.497,1.468],[102.479,1.441],[102.495,1.432],[102.504,1.251],[102.398,1.324],[102.293,1.43],[102.184,1.438],[102.107,1.466],[101.998,1.584],[102.01,1.605],[102.046,1.607]]],[[[102.374,1.326],[102.486,1.234],[102.439,1.071],[102.483,0.945],[102.439,0.949],[102.391,0.913],[102.278,1.002],[102.236,1.101],[102.249,1.176],[102.206,1.277],[102.229,1.347],[102.214,1.414],[102.292,1.412],[102.374,1.326]]],[[[102.375,1.33],[102.376,1.326],[102.372,1.332],[102.375,1.33]]],[[[101.723,2.046],[101.777,1.989],[101.785,1.939],[101.753,1.89],[101.732,1.763],[101.616,1.688],[101.453,1.726],[101.383,1.911],[101.409,2.026],[101.471,2.065],[101.518,2.029],[101.567,2.039],[101.589,2.089],[101.604,2.1],[101.612,2.104],[101.621,2.106],[101.635,2.112],[101.655,2.125],[101.711,2.09],[101.723,2.046]]],[[[101.642,2.118],[101.637,2.121],[101.641,2.122],[101.642,2.118]]],[[[101.631,2.123],[101.635,2.115],[101.626,2.115],[101.631,2.123]]],[[[101.63,2.112],[101.634,2.112],[101.627,2.109],[101.63,2.112]]],[[[101.58,2.076],[101.574,2.074],[101.58,2.077],[101.58,2.076]]],[[[101.577,2.078],[101.574,2.075],[101.571,2.075],[101.577,2.078]]],[[[101.574,2.102],[101.575,2.105],[101.577,2.101],[101.574,2.102]]],[[[101.55,2.099],[101.551,2.089],[101.543,2.094],[101.55,2.099]]],[[[101.43,1.747],[101.432,1.754],[101.431,1.747],[101.43,1.747]]],[[[101.418,1.764],[101.417,1.744],[101.416,1.767],[101.418,1.764]]],[[[101.409,1.754],[101.412,1.754],[101.411,1.751],[101.409,1.754]]],[[[101.406,1.757],[101.405,1.827],[101.412,1.797],[101.406,1.757]]],[[[101.404,1.84],[101.405,1.843],[101.407,1.836],[101.404,1.84]]],[[[101.372,1.786],[101.382,1.802],[101.381,1.763],[101.372,1.786]]],[[[101.361,1.875],[101.361,1.889],[101.37,1.872],[101.361,1.875]]],[[[101.035,2.305],[101.02,2.299],[100.98,2.302],[101.013,2.309],[101.035,2.305]]],[[[100.797,2.089],[100.844,2.07],[100.881,2.004],[100.844,2.023],[100.797,2.089]]],[[[100.785,2.133],[100.742,2.143],[100.72,2.177],[100.704,2.247],[100.724,2.273],[100.752,2.254],[100.785,2.133]]],[[[100.738,2.277],[100.757,2.278],[100.752,2.259],[100.743,2.263],[100.738,2.277]]],[[[100.68,2.163],[100.635,2.193],[100.634,2.219],[100.671,2.196],[100.68,2.163]]],[[[100.561,2.882],[100.567,2.88],[100.566,2.876],[100.561,2.882]]],[[[100.557,2.87],[100.555,2.867],[100.554,2.869],[100.557,2.87]]]]}},{"type":"Feature","properties":{"id":"KPR","name":"Kepulauan Riau","region":"Sumatra","tz":"WIB","population_m":2.15,"districts":7,"center":[108.19,3.9295],"bbox":[103.285,-1.298,109.164,4.798]},"geometry":{"type":"MultiPolygon","coordinates":[[[[109.164,2.592],[109.155,2.592],[109.157,2.598],[109.164,2.592]]],[[[109.143,2.538],[109.137,2.541],[109.145,2.548],[109.143,2.538]]],[[[109.144,2.627],[109.14,2.623],[109.142,2.629],[109.144,2.627]]],[[[109.138,2.622],[109.135,2.62],[109.135,2.624],[109.138,2.622]]],[[[109.122,2.463],[109.131,2.46],[109.129,2.455],[109.122,2.463]]],[[[109.123,2.561],[109.125,2.561],[109.124,2.558],[109.123,2.561]]],[[[109.062,2.524],[109.121,2.529],[109.118,2.508],[109.089,2.489],[109.095,2.5],[109.052,2.503],[109.019,2.481],[109.007,2.499],[109.034,2.515],[109.005,2.532],[108.98,2.521],[108.976,2.555],[109.007,2.56],[109.062,2.524]]],[[[108.987,2.49],[108.984,2.507],[108.998,2.494],[108.987,2.49]]],[[[108.995,2.471],[108.99,2.474],[108.994,2.474],[108.995,2.471]]],[[[108.988,2.482],[108.988,2.481],[108.985,2.483],[108.988,2.482]]],[[[108.963,2.501],[108.961,2.497],[108.961,2.501],[108.963,2.501]]],[[[108.955,2.481],[108.945,2.501],[108.959,2.498],[108.955,2.481]]],[[[108.949,2.757],[108.952,2.759],[108.952,2.756],[108.949,2.757]]],[[[108.948,2.77],[108.946,2.765],[108.942,2.773],[108.948,2.77]]],[[[108.932,2.894],[108.937,2.897],[108.934,2.893],[108.932,2.894]]],[[[108.928,2.895],[108.931,2.893],[108.93,2.891],[108.928,2.895]]],[[[108.929,2.756],[108.885,2.73],[108.929,2.766],[108.929,2.756]]],[[[108.923,2.87],[108.924,2.871],[108.923,2.866],[108.923,2.87]]],[[[108.923,2.897],[108.924,2.898],[108.924,2.896],[108.923,2.897]]],[[[108.905,2.863],[108.91,2.863],[108.907,2.859],[108.905,2.863]]],[[[108.906,2.809],[108.908,2.809],[108.906,2.807],[108.906,2.809]]],[[[108.892,2.874],[108.888,2.88],[108.892,2.88],[108.892,2.874]]],[[[108.89,3.0],[108.885,2.875],[108.864,2.879],[108.848,2.851],[108.82,2.843],[108.776,2.878],[108.834,2.943],[108.838,2.997],[108.864,3.012],[108.89,3.0]]],[[[108.879,2.698],[108.882,2.706],[108.885,2.701],[108.879,2.698]]],[[[108.872,2.76],[108.873,2.767],[108.877,2.767],[108.872,2.76]]],[[[108.871,3.05],[108.867,3.047],[108.87,3.052],[108.871,3.05]]],[[[108.841,3.055],[108.87,3.021],[108.843,3.012],[108.841,3.055]]],[[[108.859,2.751],[108.837,2.742],[108.832,2.739],[108.836,2.742],[108.859,2.751]]],[[[108.827,2.732],[108.825,2.74],[108.828,2.733],[108.827,2.732]]],[[[108.81,2.753],[108.812,2.755],[108.811,2.752],[108.81,2.753]]],[[[108.804,2.954],[108.805,2.956],[108.807,2.952],[108.804,2.954]]],[[[108.788,2.959],[108.792,2.955],[108.782,2.961],[108.788,2.959]]],[[[108.757,2.72],[108.752,2.721],[108.762,2.723],[108.757,2.72]]],[[[108.759,2.715],[108.76,2.716],[108.759,2.714],[108.759,2.715]]],[[[108.757,2.727],[108.759,2.726],[108.758,2.726],[108.757,2.727]]],[[[108.755,2.716],[108.753,2.718],[108.757,2.718],[108.755,2.716]]],[[[108.755,2.736],[108.756,2.731],[108.753,2.732],[108.755,2.736]]],[[[108.752,2.73],[108.754,2.725],[108.752,2.724],[108.752,2.73]]],[[[108.75,2.92],[108.75,2.916],[108.747,2.915],[108.75,2.92]]],[[[108.725,2.898],[108.723,2.913],[108.727,2.917],[108.725,2.898]]],[[[108.571,2.66],[108.569,2.685],[108.584,2.704],[108.582,2.684],[108.571,2.66]]],[[[108.416,4.012],[108.42,4.006],[108.416,4.003],[108.416,4.012]]],[[[108.412,3.861],[108.416,3.864],[108.415,3.859],[108.412,3.861]]],[[[108.41,3.797],[108.413,3.797],[108.412,3.795],[108.41,3.797]]],[[[108.241,4.219],[108.234,4.128],[108.266,4.091],[108.299,4.086],[108.292,4.058],[108.403,3.964],[108.382,3.932],[108.39,3.896],[108.362,3.904],[108.353,3.874],[108.363,3.873],[108.367,3.893],[108.377,3.855],[108.408,3.887],[108.41,3.859],[108.387,3.794],[108.31,3.731],[108.296,3.658],[108.202,3.659],[108.156,3.63],[108.144,3.664],[108.093,3.677],[108.094,3.692],[108.118,3.744],[108.15,3.74],[108.15,3.761],[108.188,3.783],[108.205,3.778],[108.26,3.73],[108.265,3.718],[108.276,3.71],[108.277,3.712],[108.275,3.72],[108.266,3.736],[108.256,3.745],[108.255,3.761],[108.224,3.783],[108.235,3.792],[108.233,3.817],[108.218,3.829],[108.223,3.789],[108.063,3.834],[107.989,3.943],[107.994,3.982],[107.962,4.002],[108.074,4.067],[108.089,4.103],[108.174,4.164],[108.206,4.224],[108.241,4.219]]],[[[108.396,3.769],[108.398,3.77],[108.397,3.768],[108.396,3.769]]],[[[108.382,3.873],[108.383,3.874],[108.384,3.873],[108.382,3.873]]],[[[108.383,3.884],[108.38,3.879],[108.377,3.886],[108.383,3.884]]],[[[108.375,3.891],[108.372,3.893],[108.376,3.894],[108.375,3.891]]],[[[108.367,3.898],[108.37,3.898],[108.37,3.897],[108.367,3.898]]],[[[108.359,4.012],[108.362,4.014],[108.36,4.011],[108.359,4.012]]],[[[108.358,3.883],[108.361,3.884],[108.36,3.881],[108.358,3.883]]],[[[108.275,3.711],[108.274,3.715],[108.276,3.712],[108.275,3.711]]],[[[108.222,4.239],[108.219,4.241],[108.221,4.242],[108.222,4.239]]],[[[108.2,4.255],[108.21,4.269],[108.186,4.235],[108.2,4.255]]],[[[108.134,3.626],[108.139,3.624],[108.134,3.621],[108.134,3.626]]],[[[108.129,3.625],[108.128,3.623],[108.127,3.626],[108.129,3.625]]],[[[108.115,3.753],[108.117,3.763],[108.126,3.757],[108.115,3.753]]],[[[108.107,3.589],[108.066,3.589],[108.096,3.636],[108.125,3.623],[108.107,3.589]]],[[[108.116,4.152],[108.113,4.152],[108.117,4.155],[108.116,4.152]]],[[[108.112,3.766],[108.113,3.773],[108.117,3.768],[108.112,3.766]]],[[[108.081,3.574],[108.09,3.578],[108.096,3.573],[108.081,3.574]]],[[[108.077,3.681],[108.073,3.69],[108.09,3.691],[108.077,3.681]]],[[[108.082,3.634],[108.051,3.63],[108.049,3.668],[108.083,3.654],[108.082,3.634]]],[[[108.062,3.745],[108.062,3.748],[108.064,3.752],[108.062,3.745]]],[[[108.054,3.592],[108.056,3.592],[108.055,3.59],[108.054,3.592]]],[[[108.045,3.557],[108.04,3.581],[108.041,3.59],[108.046,3.593],[108.045,3.557]]],[[[108.045,3.85],[108.043,3.852],[108.046,3.852],[108.045,3.85]]],[[[108.038,3.606],[108.041,3.606],[108.042,3.599],[108.038,3.606]]],[[[108.045,3.616],[108.042,3.617],[108.044,3.618],[108.045,3.616]]],[[[108.018,3.816],[108.04,3.767],[108.03,3.763],[108.016,3.804],[107.992,3.81],[108.018,3.816]]],[[[108.037,3.862],[108.036,3.864],[108.038,3.863],[108.037,3.862]]],[[[108.02,4.075],[108.017,4.077],[108.026,4.08],[108.02,4.075]]],[[[108.011,4.794],[108.01,4.779],[108.008,4.781],[108.011,4.794]]],[[[108.007,4.775],[107.965,4.669],[107.927,4.684],[108.007,4.775]]],[[[108.003,3.863],[108.001,3.865],[108.005,3.863],[108.003,3.863]]],[[[107.993,4.104],[107.995,4.105],[107.993,4.101],[107.993,4.104]]],[[[107.977,3.96],[107.977,3.964],[107.982,3.959],[107.977,3.96]]],[[[107.979,3.965],[107.975,3.966],[107.979,3.966],[107.979,3.965]]],[[[107.96,3.931],[107.962,3.93],[107.961,3.93],[107.96,3.931]]],[[[107.946,3.941],[107.949,3.945],[107.958,3.938],[107.946,3.941]]],[[[107.951,4.011],[107.958,4.012],[107.958,4.009],[107.951,4.011]]],[[[107.921,3.901],[107.895,3.893],[107.898,3.913],[107.921,3.901]]],[[[107.911,4.036],[107.916,4.036],[107.914,4.033],[107.911,4.036]]],[[[107.901,4.032],[107.901,4.035],[107.901,4.027],[107.901,4.032]]],[[[107.845,4.117],[107.846,4.139],[107.868,4.157],[107.862,4.126],[107.845,4.117]]],[[[107.814,2.98],[107.758,2.972],[107.748,3.006],[107.798,3.017],[107.814,2.98]]],[[[107.723,4.52],[107.732,4.512],[107.724,4.513],[107.723,4.52]]],[[[107.59,1.009],[107.602,0.989],[107.548,0.95],[107.579,0.991],[107.573,1.008],[107.549,0.975],[107.541,0.973],[107.53,1.022],[107.59,1.009]]],[[[107.54,0.893],[107.549,0.88],[107.545,0.867],[107.54,0.893]]],[[[107.522,0.994],[107.529,0.992],[107.522,0.991],[107.522,0.994]]],[[[107.523,0.88],[107.518,0.878],[107.521,0.885],[107.523,0.88]]],[[[107.519,0.947],[107.522,0.948],[107.52,0.944],[107.519,0.947]]],[[[107.502,1.05],[107.504,1.036],[107.498,1.045],[107.502,1.05]]],[[[107.509,1.024],[107.513,1.024],[107.51,1.022],[107.509,1.024]]],[[[107.495,0.944],[107.509,0.941],[107.502,0.93],[107.495,0.944]]],[[[107.501,0.926],[107.5,0.923],[107.499,0.929],[107.501,0.926]]],[[[107.496,1.051],[107.484,1.053],[107.486,1.057],[107.496,1.051]]],[[[107.488,0.969],[107.494,0.961],[107.489,0.954],[107.488,0.969]]],[[[107.476,0.952],[107.487,0.954],[107.482,0.943],[107.476,0.952]]],[[[107.427,0.979],[107.47,0.97],[107.478,0.942],[107.455,0.92],[107.427,0.979]]],[[[107.468,0.905],[107.469,0.907],[107.469,0.904],[107.468,0.905]]],[[[107.441,1.089],[107.445,1.087],[107.441,1.086],[107.441,1.089]]],[[[107.434,1.094],[107.436,1.085],[107.43,1.087],[107.434,1.094]]],[[[107.411,0.959],[107.423,0.95],[107.421,0.948],[107.411,0.959]]],[[[107.393,1.089],[107.404,1.112],[107.418,1.099],[107.393,1.089]]],[[[107.401,0.988],[107.415,0.993],[107.418,0.989],[107.41,0.977],[107.401,0.988]]],[[[107.399,0.507],[107.395,0.523],[107.414,0.52],[107.399,0.507]]],[[[107.41,1.0],[107.407,1.004],[107.411,1.004],[107.41,1.0]]],[[[107.399,0.974],[107.395,0.97],[107.396,0.975],[107.399,0.974]]],[[[107.398,0.981],[107.395,0.982],[107.398,0.983],[107.398,0.981]]],[[[107.388,1.008],[107.393,0.989],[107.388,0.99],[107.388,1.008]]],[[[107.377,0.524],[107.387,0.528],[107.385,0.52],[107.377,0.524]]],[[[107.38,1.005],[107.38,1.013],[107.387,1.01],[107.38,1.005]]],[[[107.378,1.033],[107.383,1.03],[107.383,1.028],[107.378,1.033]]],[[[107.357,1.012],[107.374,1.019],[107.367,1.006],[107.357,1.012]]],[[[107.229,0.688],[107.23,0.696],[107.235,0.686],[107.229,0.688]]],[[[107.192,0.567],[107.188,0.567],[107.19,0.568],[107.192,0.567]]],[[[107.183,0.565],[107.181,0.569],[107.184,0.569],[107.183,0.565]]],[[[107.171,0.579],[107.175,0.58],[107.172,0.575],[107.171,0.579]]],[[[107.151,0.515],[107.149,0.514],[107.149,0.515],[107.151,0.515]]],[[[107.134,0.59],[107.124,0.58],[107.125,0.584],[107.134,0.59]]],[[[107.108,0.581],[107.106,0.583],[107.108,0.583],[107.108,0.581]]],[[[107.097,0.605],[107.088,0.595],[107.08,0.599],[107.082,0.603],[107.097,0.605]]],[[[107.046,1.315],[107.046,1.321],[107.048,1.32],[107.046,1.315]]],[[[107.035,0.619],[107.032,0.617],[107.034,0.621],[107.035,0.619]]],[[[107.027,0.576],[107.029,0.582],[107.033,0.577],[107.027,0.576]]],[[[107.013,0.647],[107.024,0.634],[107.02,0.622],[107.011,0.627],[107.013,0.647]]],[[[106.981,0.609],[106.988,0.602],[106.976,0.601],[106.981,0.609]]],[[[106.979,0.553],[106.975,0.557],[106.979,0.556],[106.979,0.553]]],[[[106.887,1.189],[106.893,1.193],[106.894,1.188],[106.887,1.189]]],[[[106.744,0.921],[106.739,0.922],[106.735,0.929],[106.744,0.921]]],[[[106.498,3.19],[106.477,3.19],[106.48,3.208],[106.499,3.205],[106.498,3.19]]],[[[106.487,3.221],[106.477,3.207],[106.485,3.223],[106.487,3.221]]],[[[106.473,3.233],[106.472,3.225],[106.469,3.23],[106.473,3.233]]],[[[106.463,3.384],[106.465,3.384],[106.463,3.382],[106.463,3.384]]],[[[106.456,3.382],[106.451,3.37],[106.446,3.379],[106.456,3.382]]],[[[106.456,3.226],[106.438,3.24],[106.453,3.251],[106.456,3.226]]],[[[106.45,3.128],[106.448,3.123],[106.447,3.13],[106.45,3.128]]],[[[106.454,3.211],[106.456,3.213],[106.455,3.211],[106.454,3.211]]],[[[106.449,3.402],[106.452,3.4],[106.445,3.394],[106.449,3.402]]],[[[106.45,3.254],[106.447,3.258],[106.452,3.259],[106.45,3.254]]],[[[106.448,3.251],[106.449,3.252],[106.449,3.249],[106.448,3.251]]],[[[106.448,3.174],[106.433,3.189],[106.444,3.197],[106.448,3.174]]],[[[106.436,3.381],[106.444,3.38],[106.428,3.373],[106.436,3.381]]],[[[106.439,3.157],[106.438,3.159],[106.439,3.159],[106.439,3.157]]],[[[106.436,3.161],[106.432,3.164],[106.438,3.166],[106.436,3.161]]],[[[106.437,3.129],[106.41,3.13],[106.404,3.14],[106.418,3.155],[106.437,3.129]]],[[[106.433,3.123],[106.429,3.123],[106.43,3.124],[106.433,3.123]]],[[[106.421,3.292],[106.406,3.278],[106.417,3.301],[106.421,3.292]]],[[[106.417,2.989],[106.413,2.984],[106.415,2.994],[106.417,2.989]]],[[[106.407,3.014],[106.393,3.029],[106.399,3.038],[106.404,3.025],[106.416,3.036],[106.407,3.014]]],[[[106.392,3.297],[106.397,3.31],[106.412,3.31],[106.411,3.3],[106.392,3.297]]],[[[106.398,3.153],[106.407,3.15],[106.4,3.147],[106.398,3.153]]],[[[106.406,3.13],[106.407,3.131],[106.407,3.129],[106.406,3.13]]],[[[106.405,3.163],[106.405,3.161],[106.403,3.162],[106.405,3.163]]],[[[106.401,3.123],[106.402,3.109],[106.399,3.107],[106.401,3.123]]],[[[106.398,3.138],[106.381,3.144],[106.396,3.155],[106.398,3.138]]],[[[106.397,3.168],[106.397,3.167],[106.396,3.166],[106.397,3.168]]],[[[106.395,3.017],[106.397,3.018],[106.395,3.014],[106.395,3.017]]],[[[106.39,3.04],[106.395,3.043],[106.395,3.037],[106.39,3.04]]],[[[106.389,3.26],[106.391,3.258],[106.386,3.256],[106.389,3.26]]],[[[106.385,3.307],[106.39,3.313],[106.386,3.306],[106.385,3.307]]],[[[106.387,3.34],[106.39,3.342],[106.389,3.337],[106.387,3.34]]],[[[106.39,3.157],[106.386,3.154],[106.389,3.158],[106.39,3.157]]],[[[106.386,3.039],[106.38,3.03],[106.381,3.039],[106.386,3.039]]],[[[106.385,3.152],[106.383,3.154],[106.384,3.154],[106.385,3.152]]],[[[106.379,3.043],[106.382,3.044],[106.38,3.04],[106.379,3.043]]],[[[106.371,3.037],[106.377,3.039],[106.373,3.035],[106.371,3.037]]],[[[106.363,3.154],[106.372,3.165],[106.369,3.156],[106.363,3.154]]],[[[106.364,3.162],[106.368,3.19],[106.37,3.177],[106.364,3.162]]],[[[106.353,3.056],[106.342,3.073],[106.356,3.095],[106.359,3.089],[106.353,3.056]]],[[[106.355,3.103],[106.35,3.105],[106.353,3.11],[106.355,3.103]]],[[[106.353,3.189],[106.354,3.192],[106.355,3.19],[106.353,3.189]]],[[[106.352,3.202],[106.348,3.198],[106.35,3.203],[106.352,3.202]]],[[[106.346,3.38],[106.35,3.374],[106.349,3.372],[106.346,3.38]]],[[[106.341,3.105],[106.348,3.097],[106.346,3.094],[106.341,3.105]]],[[[106.345,3.417],[106.331,3.335],[106.319,3.323],[106.345,3.417]]],[[[106.342,3.092],[106.345,3.087],[106.343,3.085],[106.342,3.092]]],[[[106.334,3.159],[106.344,3.124],[106.324,3.124],[106.309,3.086],[106.312,3.115],[106.3,3.127],[106.296,3.104],[106.287,3.129],[106.317,3.17],[106.312,3.135],[106.334,3.159]]],[[[106.334,3.057],[106.339,3.058],[106.336,3.051],[106.334,3.057]]],[[[106.337,3.079],[106.331,3.093],[106.333,3.095],[106.337,3.079]]],[[[106.332,3.295],[106.331,3.29],[106.329,3.293],[106.332,3.295]]],[[[106.327,3.303],[106.328,3.293],[106.326,3.293],[106.327,3.303]]],[[[106.322,3.313],[106.327,3.314],[106.325,3.305],[106.322,3.313]]],[[[106.323,3.372],[106.325,3.366],[106.322,3.366],[106.323,3.372]]],[[[106.322,3.072],[106.323,3.073],[106.323,3.071],[106.322,3.072]]],[[[106.32,3.317],[106.322,3.317],[106.32,3.315],[106.32,3.317]]],[[[106.319,3.065],[106.32,3.067],[106.32,3.064],[106.319,3.065]]],[[[106.32,3.357],[106.314,3.362],[106.316,3.366],[106.32,3.357]]],[[[106.316,3.369],[106.315,3.38],[106.318,3.372],[106.316,3.369]]],[[[106.315,3.241],[106.317,3.238],[106.316,3.236],[106.315,3.241]]],[[[106.309,3.26],[106.31,3.262],[106.311,3.258],[106.309,3.26]]],[[[106.308,3.195],[106.311,3.196],[106.309,3.194],[106.308,3.195]]],[[[106.302,3.166],[106.304,3.181],[106.31,3.173],[106.302,3.166]]],[[[106.304,3.319],[106.309,3.309],[106.302,3.303],[106.304,3.319]]],[[[106.298,3.216],[106.304,3.236],[106.308,3.225],[106.298,3.216]]],[[[106.308,3.366],[106.293,3.349],[106.289,3.251],[106.274,3.299],[106.259,3.287],[106.285,3.232],[106.266,3.227],[106.227,3.26],[106.247,3.29],[106.242,3.339],[106.261,3.36],[106.265,3.336],[106.271,3.383],[106.308,3.366]]],[[[106.306,3.253],[106.308,3.241],[106.304,3.24],[106.306,3.253]]],[[[106.306,3.268],[106.301,3.28],[106.302,3.285],[106.307,3.283],[106.306,3.268]]],[[[106.304,3.338],[106.302,3.355],[106.306,3.358],[106.304,3.338]]],[[[106.304,3.185],[106.306,3.186],[106.305,3.184],[106.304,3.185]]],[[[106.296,3.236],[106.299,3.279],[106.306,3.26],[106.296,3.236]]],[[[106.291,3.19],[106.305,3.202],[106.296,3.184],[106.291,3.19]]],[[[106.3,2.633],[106.305,2.633],[106.302,2.629],[106.3,2.633]]],[[[106.302,3.205],[106.301,3.209],[106.304,3.204],[106.302,3.205]]],[[[106.301,3.352],[106.299,3.352],[106.3,3.353],[106.301,3.352]]],[[[106.298,3.35],[106.3,3.35],[106.299,3.348],[106.298,3.35]]],[[[106.296,3.162],[106.292,3.162],[106.294,3.167],[106.296,3.162]]],[[[106.287,3.387],[106.277,3.406],[106.292,3.391],[106.287,3.387]]],[[[106.246,3.224],[106.278,3.195],[106.274,3.17],[106.289,3.177],[106.268,3.118],[106.289,3.104],[106.279,3.077],[106.262,3.112],[106.249,3.122],[106.237,3.096],[106.204,3.138],[106.195,3.231],[106.246,3.224]]],[[[106.287,3.073],[106.287,3.075],[106.29,3.073],[106.287,3.073]]],[[[106.288,2.727],[106.283,2.728],[106.288,2.729],[106.288,2.727]]],[[[106.284,2.617],[106.286,2.621],[106.286,2.616],[106.284,2.617]]],[[[106.283,3.235],[106.284,3.237],[106.285,3.235],[106.283,3.235]]],[[[106.283,2.739],[106.285,2.74],[106.285,2.738],[106.283,2.739]]],[[[106.279,2.721],[106.283,2.72],[106.277,2.719],[106.279,2.721]]],[[[106.273,2.614],[106.283,2.617],[106.274,2.607],[106.273,2.614]]],[[[106.268,2.732],[106.276,2.733],[106.278,2.732],[106.268,2.732]]],[[[106.27,2.718],[106.269,2.72],[106.272,2.719],[106.27,2.718]]],[[[106.266,2.715],[106.253,2.721],[106.269,2.726],[106.266,2.715]]],[[[106.262,3.375],[106.262,3.377],[106.264,3.375],[106.262,3.375]]],[[[106.254,3.09],[106.257,3.095],[106.257,3.089],[106.254,3.09]]],[[[106.226,2.807],[106.255,2.761],[106.242,2.739],[106.254,2.724],[106.201,2.759],[106.223,2.767],[106.195,2.81],[106.226,2.807]]],[[[106.241,3.003],[106.246,2.998],[106.24,2.992],[106.241,3.003]]],[[[106.247,2.718],[106.249,2.72],[106.248,2.717],[106.247,2.718]]],[[[106.246,3.386],[106.248,3.388],[106.248,3.386],[106.246,3.386]]],[[[106.221,3.37],[106.239,3.344],[106.227,3.313],[106.21,3.299],[106.202,3.326],[106.188,3.3],[106.172,3.333],[106.202,3.346],[106.2,3.376],[106.228,3.394],[106.221,3.37]]],[[[106.234,3.384],[106.227,3.379],[106.23,3.387],[106.234,3.384]]],[[[106.227,3.398],[106.229,3.4],[106.23,3.396],[106.227,3.398]]],[[[106.218,3.046],[106.224,3.048],[106.223,3.04],[106.218,3.046]]],[[[106.22,2.739],[106.224,2.738],[106.222,2.737],[106.22,2.739]]],[[[106.202,3.292],[106.192,3.296],[106.2,3.308],[106.202,3.292]]],[[[106.192,2.753],[106.176,2.749],[106.167,2.762],[106.192,2.753]]],[[[106.188,2.942],[106.18,2.959],[106.193,2.952],[106.188,2.942]]],[[[106.174,3.352],[106.177,3.355],[106.175,3.351],[106.174,3.352]]],[[[106.165,2.954],[106.162,2.973],[106.17,2.969],[106.165,2.954]]],[[[106.158,2.907],[106.162,2.907],[106.161,2.904],[106.158,2.907]]],[[[106.154,2.901],[106.151,2.901],[106.153,2.901],[106.154,2.901]]],[[[106.152,3.396],[106.145,3.4],[106.15,3.405],[106.152,3.396]]],[[[106.142,2.977],[106.137,2.997],[106.146,3.006],[106.15,2.995],[106.142,2.977]]],[[[106.15,2.925],[106.134,2.93],[106.115,2.933],[106.133,2.938],[106.15,2.925]]],[[[106.148,3.123],[106.143,3.127],[106.147,3.128],[106.148,3.123]]],[[[106.135,2.904],[106.132,2.904],[106.134,2.906],[106.135,2.904]]],[[[106.124,2.994],[106.131,2.992],[106.126,2.988],[106.124,2.994]]],[[[106.124,3.13],[106.112,3.12],[106.114,3.141],[106.124,3.13]]],[[[106.116,2.849],[106.121,2.842],[106.116,2.847],[106.116,2.849]]],[[[106.117,3.111],[106.111,3.114],[106.115,3.116],[106.117,3.111]]],[[[106.103,3.139],[106.112,3.142],[106.105,3.134],[106.103,3.139]]],[[[106.105,2.874],[106.097,2.871],[106.099,2.875],[106.105,2.874]]],[[[106.089,3.123],[106.075,3.147],[106.088,3.158],[106.1,3.139],[106.089,3.123]]],[[[106.053,2.51],[106.052,2.511],[106.054,2.511],[106.053,2.51]]],[[[106.053,2.503],[106.049,2.504],[106.051,2.505],[106.053,2.503]]],[[[106.053,3.336],[106.047,3.33],[106.044,3.339],[106.053,3.336]]],[[[106.051,2.52],[106.04,2.514],[106.048,2.526],[106.051,2.52]]],[[[106.043,2.509],[106.044,2.511],[106.043,2.508],[106.043,2.509]]],[[[106.04,2.509],[106.041,2.512],[106.041,2.507],[106.04,2.509]]],[[[106.014,2.788],[106.022,2.785],[106.019,2.782],[106.014,2.788]]],[[[105.981,3.088],[105.978,3.018],[105.966,3.025],[105.981,3.088]]],[[[105.972,3.095],[105.97,3.097],[105.975,3.096],[105.972,3.095]]],[[[105.974,3.087],[105.963,3.084],[105.971,3.093],[105.974,3.087]]],[[[105.952,3.102],[105.961,3.092],[105.948,3.097],[105.952,3.102]]],[[[105.948,3.074],[105.955,3.093],[105.954,3.071],[105.948,3.074]]],[[[105.951,3.042],[105.954,3.029],[105.945,3.023],[105.951,3.042]]],[[[105.886,2.36],[105.878,2.358],[105.88,2.365],[105.886,2.36]]],[[[105.851,2.975],[105.852,2.976],[105.853,2.975],[105.851,2.975]]],[[[105.719,3.033],[105.739,3.05],[105.725,2.995],[105.749,2.97],[105.786,2.972],[105.801,3.0],[105.809,2.99],[105.851,2.987],[105.841,2.98],[105.852,2.957],[105.821,2.971],[105.811,2.944],[105.828,2.911],[105.796,2.909],[105.822,2.887],[105.786,2.907],[105.768,2.872],[105.722,2.874],[105.77,2.844],[105.733,2.815],[105.693,2.851],[105.707,2.926],[105.694,2.934],[105.707,2.936],[105.715,2.985],[105.676,3.009],[105.692,3.006],[105.706,3.032],[105.696,3.064],[105.719,3.033]]],[[[105.84,3.013],[105.838,3.008],[105.834,3.01],[105.84,3.013]]],[[[105.838,-0.865],[105.833,-0.871],[105.828,-0.869],[105.838,-0.865]]],[[[105.807,2.997],[105.805,3.009],[105.815,3.002],[105.807,2.997]]],[[[105.793,2.882],[105.785,2.88],[105.79,2.886],[105.793,2.882]]],[[[105.775,2.845],[105.772,2.842],[105.773,2.846],[105.775,2.845]]],[[[105.77,2.982],[105.77,2.983],[105.771,2.984],[105.77,2.982]]],[[[105.751,3.033],[105.754,3.034],[105.753,3.032],[105.751,3.033]]],[[[105.746,3.029],[105.747,3.034],[105.749,3.034],[105.748,3.029],[105.746,3.029]]],[[[105.734,3.091],[105.712,3.075],[105.696,3.098],[105.718,3.099],[105.734,3.091]]],[[[105.726,3.081],[105.727,3.083],[105.727,3.08],[105.726,3.081]]],[[[105.699,2.97],[105.703,2.975],[105.707,2.96],[105.699,2.97]]],[[[105.698,2.978],[105.7,2.979],[105.7,2.976],[105.698,2.978]]],[[[105.696,2.992],[105.698,2.988],[105.694,2.991],[105.696,2.992]]],[[[105.676,3.107],[105.685,3.119],[105.698,3.106],[105.696,3.103],[105.676,3.107]]],[[[105.696,-0.935],[105.691,-0.936],[105.694,-0.931],[105.696,-0.935]]],[[[105.679,2.919],[105.696,2.919],[105.688,2.91],[105.679,2.919]]],[[[105.685,2.986],[105.688,2.988],[105.687,2.986],[105.685,2.986]]],[[[105.674,3.124],[105.675,3.127],[105.676,3.124],[105.674,3.124]]],[[[105.673,3.089],[105.674,3.083],[105.67,3.084],[105.673,3.089]]],[[[105.675,3.092],[105.644,3.094],[105.644,3.118],[105.675,3.092]]],[[[105.675,2.918],[105.672,2.918],[105.674,2.919],[105.675,2.918]]],[[[105.671,3.01],[105.67,3.012],[105.672,3.01],[105.671,3.01]]],[[[105.669,3.118],[105.67,3.118],[105.67,3.117],[105.669,3.118]]],[[[105.665,3.127],[105.667,3.127],[105.666,3.123],[105.665,3.127]]],[[[105.64,3.091],[105.641,3.095],[105.642,3.092],[105.64,3.091]]],[[[105.609,3.076],[105.615,3.077],[105.615,3.075],[105.609,3.076]]],[[[105.606,3.079],[105.586,3.093],[105.61,3.082],[105.606,3.079]]],[[[105.28,-1.144],[105.303,-1.171],[105.275,-1.146],[105.28,-1.144]]],[[[105.263,-1.2],[105.263,-1.215],[105.26,-1.202],[105.263,-1.2]]],[[[105.25,-1.298],[105.251,-1.293],[105.254,-1.295],[105.25,-1.298]]],[[[105.242,-1.279],[105.245,-1.275],[105.245,-1.281],[105.242,-1.279]]],[[[104.999,-0.292],[105.003,-0.292],[105.003,-0.295],[104.999,-0.292]]],[[[104.66,-0.064],[104.662,-0.085],[104.628,-0.076],[104.634,-0.1],[104.668,-0.117],[104.661,-0.093],[104.684,-0.084],[104.757,-0.196],[104.821,-0.201],[104.814,-0.155],[104.828,-0.134],[104.897,-0.23],[104.954,-0.275],[104.998,-0.279],[104.994,-0.291],[105.001,-0.304],[104.916,-0.278],[104.9,-0.297],[104.929,-0.325],[104.917,-0.337],[104.865,-0.313],[104.849,-0.323],[104.7,-0.205],[104.599,-0.251],[104.569,-0.239],[104.522,-0.276],[104.498,-0.241],[104.429,-0.237],[104.427,-0.183],[104.476,-0.157],[104.47,-0.136],[104.506,-0.129],[104.498,-0.003],[104.548,-0.028],[104.536,-0.011],[104.555,0.004],[104.554,0.029],[104.66,-0.064]]],[[[104.991,-0.317],[104.984,-0.321],[104.999,-0.319],[104.991,-0.317]]],[[[104.99,-0.331],[104.991,-0.333],[104.989,-0.333],[104.99,-0.331]]],[[[104.968,-0.309],[104.97,-0.307],[104.971,-0.309],[104.968,-0.309]]],[[[104.941,-0.766],[104.943,-0.763],[104.943,-0.766],[104.941,-0.766]]],[[[104.925,-0.78],[104.935,-0.772],[104.933,-0.784],[104.925,-0.78]]],[[[104.93,-0.342],[104.926,-0.341],[104.928,-0.336],[104.93,-0.342]]],[[[104.927,0.936],[104.923,0.929],[104.92,0.936],[104.927,0.936]]],[[[104.921,-0.14],[104.916,-0.125],[104.925,-0.133],[104.921,-0.14]]],[[[104.912,-0.169],[104.916,-0.168],[104.915,-0.17],[104.912,-0.169]]],[[[104.905,-0.117],[104.908,-0.115],[104.907,-0.118],[104.905,-0.117]]],[[[104.901,-0.181],[104.902,-0.178],[104.904,-0.181],[104.901,-0.181]]],[[[104.883,-0.089],[104.885,-0.088],[104.885,-0.09],[104.883,-0.089]]],[[[104.877,-0.08],[104.848,-0.064],[104.843,-0.055],[104.838,-0.053],[104.833,-0.039],[104.877,-0.08]]],[[[104.835,1.016],[104.854,0.983],[104.826,0.957],[104.811,1.002],[104.787,1.004],[104.782,1.026],[104.835,1.016]]],[[[104.853,-0.08],[104.848,-0.078],[104.852,-0.077],[104.853,-0.08]]],[[[104.845,-0.06],[104.83,-0.057],[104.832,-0.053],[104.845,-0.06]]],[[[104.835,-0.031],[104.84,-0.035],[104.836,-0.038],[104.835,-0.031]]],[[[104.836,-0.083],[104.838,-0.082],[104.837,-0.086],[104.836,-0.083]]],[[[104.833,-0.013],[104.831,-0.013],[104.832,-0.013],[104.833,-0.013]]],[[[104.83,1.048],[104.831,1.047],[104.829,1.045],[104.83,1.048]]],[[[104.83,-0.021],[104.825,-0.016],[104.83,-0.014],[104.83,-0.021]]],[[[104.827,-0.043],[104.828,-0.045],[104.827,-0.044],[104.827,-0.043]]],[[[104.821,-0.128],[104.823,-0.127],[104.822,-0.131],[104.821,-0.128]]],[[[104.818,1.029],[104.82,1.029],[104.819,1.027],[104.818,1.029]]],[[[104.813,0.971],[104.809,0.973],[104.819,0.972],[104.813,0.971]]],[[[104.815,0.787],[104.811,0.79],[104.815,0.792],[104.815,0.787]]],[[[104.812,1.026],[104.814,1.026],[104.813,1.025],[104.812,1.026]]],[[[104.798,-0.095],[104.798,-0.091],[104.801,-0.097],[104.798,-0.095]]],[[[104.8,0.754],[104.797,0.753],[104.799,0.755],[104.8,0.754]]],[[[104.793,-0.18],[104.795,-0.179],[104.795,-0.181],[104.793,-0.18]]],[[[104.793,-0.191],[104.794,-0.194],[104.791,-0.194],[104.793,-0.191]]],[[[104.74,0.032],[104.767,0.064],[104.784,0.034],[104.784,0.031],[104.74,0.032]]],[[[104.781,0.723],[104.778,0.722],[104.78,0.724],[104.781,0.723]]],[[[104.778,-0.186],[104.78,-0.188],[104.777,-0.188],[104.778,-0.186]]],[[[104.768,0.813],[104.768,0.814],[104.77,0.813],[104.768,0.813]]],[[[104.767,0.811],[104.764,0.811],[104.766,0.813],[104.767,0.811]]],[[[104.745,-0.114],[104.757,-0.152],[104.729,-0.096],[104.745,-0.114]]],[[[104.758,0.748],[104.735,0.717],[104.714,0.753],[104.758,0.748]]],[[[104.732,0.931],[104.751,0.934],[104.756,0.919],[104.732,0.931]]],[[[104.74,0.087],[104.754,0.079],[104.74,0.076],[104.74,0.087]]],[[[104.698,0.794],[104.747,0.788],[104.75,0.753],[104.687,0.775],[104.698,0.794]]],[[[104.742,-0.15],[104.75,-0.153],[104.751,-0.157],[104.742,-0.15]]],[[[104.749,0.797],[104.738,0.795],[104.747,0.805],[104.749,0.797]]],[[[104.74,0.091],[104.741,0.092],[104.74,0.088],[104.74,0.091]]],[[[104.733,0.102],[104.734,0.093],[104.731,0.102],[104.733,0.102]]],[[[104.728,-0.086],[104.701,-0.068],[104.686,-0.041],[104.728,-0.086]]],[[[104.719,0.857],[104.718,0.86],[104.72,0.859],[104.719,0.857]]],[[[104.718,0.922],[104.717,0.919],[104.716,0.925],[104.718,0.922]]],[[[104.691,0.762],[104.715,0.759],[104.713,0.753],[104.715,0.745],[104.697,0.737],[104.691,0.762]]],[[[104.714,1.053],[104.707,1.051],[104.707,1.054],[104.714,1.053]]],[[[104.71,0.875],[104.708,0.876],[104.709,0.876],[104.71,0.875]]],[[[104.518,0.246],[104.704,0.048],[104.701,0.018],[104.621,0.075],[104.635,0.078],[104.626,0.098],[104.603,0.101],[104.618,0.081],[104.603,0.082],[104.562,0.118],[104.546,0.146],[104.569,0.136],[104.57,0.142],[104.545,0.168],[104.536,0.152],[104.506,0.191],[104.529,0.189],[104.476,0.238],[104.49,0.245],[104.53,0.214],[104.518,0.246]]],[[[104.708,0.128],[104.709,0.128],[104.706,0.127],[104.708,0.128]]],[[[104.707,0.841],[104.703,0.847],[104.706,0.847],[104.707,0.841]]],[[[104.698,0.799],[104.7,0.8],[104.699,0.797],[104.698,0.799]]],[[[104.679,0.896],[104.696,0.849],[104.661,0.86],[104.679,0.896]]],[[[104.696,0.854],[104.697,0.854],[104.697,0.853],[104.696,0.854]]],[[[104.682,-0.037],[104.683,-0.041],[104.68,-0.037],[104.682,-0.037]]],[[[104.677,0.771],[104.678,0.772],[104.679,0.769],[104.677,0.771]]],[[[104.672,0.825],[104.677,0.828],[104.679,0.821],[104.672,0.825]]],[[[104.678,1.047],[104.675,1.071],[104.678,1.067],[104.678,1.052],[104.678,1.047]]],[[[104.672,0.803],[104.674,0.799],[104.67,0.799],[104.672,0.803]]],[[[104.662,-0.013],[104.667,-0.026],[104.659,-0.013],[104.662,-0.013]]],[[[104.669,0.916],[104.673,0.913],[104.668,0.91],[104.669,0.916]]],[[[104.668,0.828],[104.669,0.834],[104.672,0.831],[104.668,0.828]]],[[[104.668,0.894],[104.663,0.891],[104.666,0.896],[104.668,0.894]]],[[[104.667,0.839],[104.664,0.842],[104.665,0.842],[104.667,0.839]]],[[[104.665,0.82],[104.666,0.821],[104.666,0.819],[104.665,0.82]]],[[[104.665,0.826],[104.651,0.81],[104.621,0.808],[104.636,0.824],[104.647,0.868],[104.665,0.826]]],[[[104.663,0.911],[104.658,0.913],[104.663,0.914],[104.663,0.911]]],[[[104.659,0.892],[104.628,0.854],[104.624,0.862],[104.619,0.864],[104.624,0.897],[104.659,0.892]]],[[[104.661,0.753],[104.625,0.713],[104.62,0.722],[104.613,0.721],[104.611,0.732],[104.661,0.753]]],[[[104.474,0.979],[104.446,1.017],[104.481,1.014],[104.489,1.034],[104.476,1.027],[104.454,1.054],[104.417,1.039],[104.404,1.054],[104.379,1.011],[104.341,1.026],[104.32,0.991],[104.23,1.016],[104.236,1.039],[104.212,1.074],[104.239,1.125],[104.33,1.138],[104.312,1.182],[104.375,1.179],[104.394,1.205],[104.501,1.17],[104.536,1.183],[104.551,1.224],[104.584,1.23],[104.578,1.156],[104.634,1.108],[104.652,1.063],[104.635,0.988],[104.64,0.946],[104.66,0.94],[104.66,0.914],[104.629,0.906],[104.615,0.891],[104.593,0.81],[104.475,0.852],[104.504,0.878],[104.449,0.899],[104.438,0.926],[104.48,0.931],[104.409,0.964],[104.415,0.978],[104.474,0.979]]],[[[104.648,0.046],[104.652,0.038],[104.645,0.048],[104.648,0.046]]],[[[104.656,0.866],[104.658,0.87],[104.659,0.865],[104.656,0.866]]],[[[104.656,-0.007],[104.654,-0.01],[104.652,-0.007],[104.656,-0.007]]],[[[104.655,-0.274],[104.655,-0.272],[104.656,-0.274],[104.655,-0.274]]],[[[104.649,0.871],[104.655,0.872],[104.653,0.868],[104.649,0.871]]],[[[104.65,-0.023],[104.652,-0.021],[104.652,-0.023],[104.65,-0.023]]],[[[104.638,0.805],[104.646,0.801],[104.635,0.801],[104.638,0.805]]],[[[104.641,0.792],[104.647,0.793],[104.647,0.791],[104.641,0.792]]],[[[104.638,0.808],[104.639,0.808],[104.639,0.807],[104.638,0.808]]],[[[104.634,-0.273],[104.638,-0.27],[104.636,-0.273],[104.634,-0.273]]],[[[104.638,0.859],[104.636,0.858],[104.636,0.861],[104.638,0.859]]],[[[104.587,0.791],[104.637,0.784],[104.583,0.752],[104.579,0.769],[104.59,0.776],[104.587,0.791]]],[[[104.636,0.896],[104.629,0.9],[104.637,0.897],[104.636,0.896]]],[[[104.628,0.824],[104.631,0.835],[104.632,0.827],[104.628,0.824]]],[[[104.627,0.795],[104.63,0.797],[104.628,0.795],[104.627,0.795]]],[[[104.621,0.817],[104.618,0.836],[104.626,0.835],[104.621,0.817]]],[[[104.623,0.701],[104.598,0.708],[104.619,0.722],[104.623,0.701]]],[[[104.622,0.798],[104.623,0.79],[104.616,0.792],[104.622,0.798]]],[[[104.617,0.838],[104.613,0.843],[104.625,0.841],[104.617,0.838]]],[[[104.621,0.08],[104.623,0.08],[104.625,0.078],[104.621,0.08]]],[[[104.62,0.849],[104.615,0.851],[104.622,0.861],[104.624,0.849],[104.62,0.849]]],[[[104.622,0.848],[104.623,0.847],[104.62,0.846],[104.622,0.848]]],[[[104.618,0.078],[104.619,0.076],[104.616,0.077],[104.618,0.078]]],[[[104.614,0.028],[104.618,0.03],[104.617,0.028],[104.614,0.028]]],[[[104.613,0.858],[104.617,0.86],[104.614,0.854],[104.613,0.858]]],[[[104.616,0.8],[104.611,0.794],[104.606,0.799],[104.616,0.8]]],[[[104.608,0.803],[104.61,0.805],[104.609,0.803],[104.608,0.803]]],[[[104.483,-0.335],[104.539,-0.371],[104.602,-0.467],[104.593,-0.493],[104.535,-0.539],[104.505,-0.643],[104.474,-0.637],[104.431,-0.583],[104.397,-0.602],[104.389,-0.667],[104.359,-0.683],[104.32,-0.538],[104.245,-0.485],[104.277,-0.396],[104.311,-0.389],[104.318,-0.35],[104.327,-0.341],[104.338,-0.388],[104.31,-0.417],[104.346,-0.446],[104.347,-0.387],[104.387,-0.412],[104.43,-0.384],[104.441,-0.34],[104.483,-0.335]]],[[[104.589,-0.261],[104.588,-0.258],[104.592,-0.26],[104.589,-0.261]]],[[[104.584,0.748],[104.588,0.747],[104.587,0.745],[104.584,0.748]]],[[[104.576,0.79],[104.588,0.777],[104.542,0.772],[104.509,0.744],[104.521,0.783],[104.576,0.79]]],[[[104.587,-0.253],[104.586,-0.254],[104.585,-0.253],[104.587,-0.253]]],[[[104.577,0.793],[104.584,0.795],[104.583,0.791],[104.577,0.793]]],[[[104.551,0.346],[104.567,0.343],[104.556,0.334],[104.551,0.346]]],[[[104.566,0.8],[104.554,0.802],[104.565,0.802],[104.566,0.8]]],[[[104.561,0.407],[104.565,0.407],[104.565,0.405],[104.561,0.407]]],[[[104.56,0.409],[104.529,0.405],[104.533,0.361],[104.514,0.434],[104.56,0.409]]],[[[104.562,0.072],[104.534,0.096],[104.536,0.102],[104.542,0.102],[104.562,0.072]]],[[[104.544,0.136],[104.551,0.134],[104.553,0.13],[104.544,0.136]]],[[[104.546,0.003],[104.542,0.004],[104.547,0.004],[104.546,0.003]]],[[[104.522,-0.001],[104.514,0.013],[104.532,0.026],[104.545,0.007],[104.522,-0.001]]],[[[104.542,0.025],[104.543,0.026],[104.544,0.023],[104.542,0.025]]],[[[104.53,0.038],[104.525,0.054],[104.544,0.033],[104.53,0.038]]],[[[104.538,0.022],[104.542,0.021],[104.543,0.018],[104.538,0.022]]],[[[104.536,0.106],[104.537,0.11],[104.54,0.107],[104.536,0.106]]],[[[104.535,-0.006],[104.537,-0.004],[104.537,-0.006],[104.535,-0.006]]],[[[104.534,0.077],[104.535,0.079],[104.537,0.077],[104.534,0.077]]],[[[104.533,-0.003],[104.529,-0.006],[104.529,-0.002],[104.533,-0.003]]],[[[104.531,0.805],[104.526,0.805],[104.528,0.806],[104.531,0.805]]],[[[104.527,0.138],[104.528,0.138],[104.526,0.137],[104.527,0.138]]],[[[104.524,0.028],[104.518,0.033],[104.528,0.03],[104.524,0.028]]],[[[104.525,0.102],[104.523,0.103],[104.523,0.111],[104.525,0.102]]],[[[104.525,0.058],[104.511,0.06],[104.509,0.069],[104.525,0.058]]],[[[104.513,0.031],[104.519,0.042],[104.523,0.035],[104.513,0.031]]],[[[104.519,-0.354],[104.521,-0.352],[104.521,-0.354],[104.519,-0.354]]],[[[104.518,0.124],[104.517,0.109],[104.489,0.142],[104.508,0.136],[104.51,0.129],[104.518,0.124]]],[[[104.516,0.786],[104.519,0.787],[104.518,0.784],[104.516,0.786]]],[[[104.511,0.097],[104.518,0.094],[104.518,0.092],[104.511,0.097]]],[[[104.518,0.045],[104.492,0.04],[104.514,0.05],[104.518,0.045]]],[[[104.515,0.236],[104.513,0.231],[104.513,0.238],[104.515,0.236]]],[[[104.517,0.781],[104.513,0.783],[104.516,0.783],[104.517,0.781]]],[[[104.515,0.025],[104.517,0.025],[104.516,0.024],[104.515,0.025]]],[[[104.516,0.132],[104.51,0.131],[104.511,0.135],[104.516,0.132]]],[[[104.512,0.0],[104.503,0.0],[104.504,0.007],[104.512,0.0]]],[[[104.51,-0.337],[104.51,-0.335],[104.511,-0.337],[104.51,-0.337]]],[[[104.508,0.256],[104.51,0.248],[104.501,0.255],[104.508,0.256]]],[[[104.494,0.054],[104.504,0.06],[104.508,0.05],[104.494,0.054]]],[[[104.504,0.794],[104.507,0.796],[104.508,0.794],[104.504,0.794]]],[[[104.502,-0.707],[104.5,-0.703],[104.505,-0.704],[104.502,-0.707]]],[[[104.505,0.197],[104.486,0.213],[104.482,0.212],[104.476,0.224],[104.505,0.197]]],[[[104.503,0.105],[104.504,0.106],[104.505,0.104],[104.503,0.105]]],[[[104.498,0.258],[104.489,0.266],[104.503,0.26],[104.498,0.258]]],[[[104.496,0.121],[104.502,0.12],[104.503,0.116],[104.496,0.121]]],[[[104.494,0.166],[104.502,0.161],[104.494,0.16],[104.494,0.166]]],[[[104.499,0.072],[104.483,0.084],[104.481,0.09],[104.493,0.088],[104.499,0.072]]],[[[104.501,0.11],[104.499,0.107],[104.497,0.111],[104.501,0.11]]],[[[104.489,0.177],[104.489,0.17],[104.485,0.178],[104.489,0.177]]],[[[104.495,0.12],[104.49,0.118],[104.488,0.126],[104.495,0.12]]],[[[104.401,0.161],[104.493,0.071],[104.487,0.045],[104.461,0.062],[104.495,0.014],[104.378,0.124],[104.432,0.089],[104.401,0.161]]],[[[104.491,0.047],[104.492,0.05],[104.493,0.048],[104.491,0.047]]],[[[104.485,0.149],[104.493,0.148],[104.484,0.144],[104.485,0.149]]],[[[104.489,0.165],[104.492,0.167],[104.492,0.165],[104.489,0.165]]],[[[104.482,-0.319],[104.42,-0.324],[104.386,-0.298],[104.405,-0.28],[104.476,-0.278],[104.482,-0.319]]],[[[104.491,-0.33],[104.492,-0.328],[104.492,-0.33],[104.491,-0.33]]],[[[104.489,0.206],[104.485,0.21],[104.491,0.206],[104.489,0.206]]],[[[104.49,-0.325],[104.491,-0.323],[104.491,-0.326],[104.49,-0.325]]],[[[104.49,-0.318],[104.487,-0.32],[104.487,-0.318],[104.49,-0.318]]],[[[104.46,0.349],[104.467,0.366],[104.491,0.346],[104.46,0.349]]],[[[104.488,0.129],[104.479,0.13],[104.489,0.132],[104.488,0.129]]],[[[104.486,0.168],[104.488,0.167],[104.488,0.166],[104.486,0.168]]],[[[104.487,0.12],[104.483,0.124],[104.488,0.121],[104.487,0.12]]],[[[104.471,0.383],[104.477,0.367],[104.464,0.383],[104.471,0.383]]],[[[104.485,0.141],[104.487,0.142],[104.487,0.141],[104.485,0.141]]],[[[104.483,0.761],[104.485,0.755],[104.481,0.752],[104.483,0.761]]],[[[104.483,0.161],[104.477,0.173],[104.485,0.173],[104.483,0.161]]],[[[104.485,0.871],[104.429,0.867],[104.417,0.876],[104.455,0.888],[104.485,0.871]]],[[[104.483,-0.698],[104.477,-0.71],[104.478,-0.697],[104.483,-0.698]]],[[[104.477,0.18],[104.476,0.185],[104.483,0.179],[104.477,0.18]]],[[[104.477,0.253],[104.48,0.245],[104.475,0.25],[104.477,0.253]]],[[[104.473,0.141],[104.482,0.135],[104.477,0.13],[104.473,0.141]]],[[[104.457,0.136],[104.478,0.108],[104.478,0.096],[104.446,0.127],[104.457,0.136]]],[[[104.472,0.161],[104.472,0.167],[104.479,0.162],[104.476,0.158],[104.472,0.161]]],[[[104.472,0.372],[104.472,0.365],[104.468,0.372],[104.472,0.372]]],[[[104.473,-0.692],[104.477,-0.695],[104.471,-0.697],[104.473,-0.692]]],[[[104.472,0.172],[104.473,0.178],[104.475,0.174],[104.472,0.172]]],[[[104.474,0.228],[104.459,0.235],[104.448,0.235],[104.441,0.248],[104.474,0.228]]],[[[104.474,0.159],[104.469,0.156],[104.47,0.161],[104.474,0.159]]],[[[104.472,0.143],[104.464,0.15],[104.465,0.154],[104.472,0.143]]],[[[104.461,-0.687],[104.472,-0.69],[104.466,-0.697],[104.461,-0.687]]],[[[104.47,0.226],[104.466,0.226],[104.46,0.231],[104.47,0.226]]],[[[104.468,0.176],[104.467,0.173],[104.465,0.175],[104.468,0.176]]],[[[104.47,-0.325],[104.464,-0.327],[104.464,-0.32],[104.47,-0.325]]],[[[104.468,0.193],[104.463,0.191],[104.462,0.192],[104.468,0.193]]],[[[104.462,0.372],[104.467,0.374],[104.467,0.37],[104.462,0.372]]],[[[104.462,0.17],[104.462,0.173],[104.464,0.171],[104.462,0.17]]],[[[104.457,-0.265],[104.463,-0.265],[104.462,-0.269],[104.457,-0.265]]],[[[104.437,0.482],[104.457,0.478],[104.462,0.454],[104.451,0.471],[104.437,0.482]]],[[[104.45,0.158],[104.46,0.155],[104.46,0.151],[104.45,0.158]]],[[[104.457,0.179],[104.453,0.184],[104.459,0.183],[104.457,0.179]]],[[[104.456,0.256],[104.458,0.258],[104.458,0.254],[104.456,0.256]]],[[[104.455,0.858],[104.455,0.854],[104.451,0.855],[104.455,0.858]]],[[[104.438,0.406],[104.452,0.401],[104.457,0.39],[104.442,0.39],[104.438,0.406]]],[[[104.456,0.26],[104.45,0.258],[104.453,0.262],[104.456,0.26]]],[[[104.456,-0.157],[104.449,-0.153],[104.456,-0.15],[104.456,-0.157]]],[[[104.449,0.174],[104.452,0.164],[104.448,0.166],[104.449,0.174]]],[[[104.45,0.249],[104.447,0.247],[104.446,0.249],[104.45,0.249]]],[[[104.449,0.263],[104.45,0.265],[104.451,0.263],[104.449,0.263]]],[[[104.449,0.178],[104.447,0.188],[104.45,0.179],[104.449,0.178]]],[[[104.445,0.262],[104.45,0.262],[104.45,0.26],[104.445,0.262]]],[[[104.446,0.31],[104.446,0.311],[104.45,0.308],[104.446,0.31]]],[[[104.449,0.264],[104.447,0.265],[104.45,0.265],[104.449,0.264]]],[[[104.436,0.306],[104.449,0.3],[104.449,0.298],[104.436,0.306]]],[[[104.444,0.14],[104.446,0.144],[104.447,0.139],[104.444,0.14]]],[[[104.446,0.133],[104.447,0.138],[104.447,0.133],[104.446,0.133]]],[[[104.44,0.461],[104.445,0.463],[104.444,0.46],[104.44,0.461]]],[[[104.444,0.311],[104.441,0.314],[104.444,0.313],[104.444,0.311]]],[[[104.443,0.143],[104.438,0.143],[104.442,0.146],[104.443,0.143]]],[[[104.437,0.146],[104.426,0.16],[104.443,0.147],[104.437,0.146]]],[[[104.441,0.25],[104.442,0.251],[104.442,0.248],[104.441,0.25]]],[[[104.437,1.009],[104.44,1.015],[104.442,1.008],[104.437,1.009]]],[[[104.435,0.251],[104.44,0.249],[104.44,0.246],[104.435,0.251]]],[[[104.438,0.299],[104.44,0.301],[104.44,0.299],[104.438,0.299]]],[[[104.438,0.393],[104.439,0.393],[104.439,0.392],[104.438,0.393]]],[[[104.427,0.36],[104.422,0.37],[104.436,0.367],[104.427,0.36]]],[[[104.434,0.304],[104.436,0.305],[104.435,0.303],[104.434,0.304]]],[[[104.416,0.372],[104.431,0.384],[104.436,0.376],[104.416,0.372]]],[[[104.433,-0.175],[104.435,-0.175],[104.434,-0.176],[104.433,-0.175]]],[[[104.433,0.774],[104.434,0.775],[104.435,0.774],[104.433,0.774]]],[[[104.328,0.375],[104.425,0.327],[104.434,0.307],[104.397,0.315],[104.421,0.299],[104.399,0.298],[104.393,0.288],[104.39,0.309],[104.383,0.297],[104.376,0.318],[104.354,0.314],[104.338,0.339],[104.354,0.345],[104.328,0.375]]],[[[104.432,0.449],[104.432,0.445],[104.428,0.446],[104.432,0.449]]],[[[104.429,0.996],[104.426,0.999],[104.434,0.997],[104.429,0.996]]],[[[104.433,-0.352],[104.426,-0.358],[104.428,-0.35],[104.433,-0.352]]],[[[104.432,0.252],[104.433,0.253],[104.433,0.251],[104.432,0.252]]],[[[104.418,0.282],[104.432,0.285],[104.424,0.278],[104.418,0.282]]],[[[104.43,0.304],[104.428,0.308],[104.432,0.305],[104.43,0.304]]],[[[104.431,0.268],[104.429,0.27],[104.431,0.27],[104.431,0.268]]],[[[104.429,0.276],[104.43,0.276],[104.431,0.275],[104.429,0.276]]],[[[104.427,0.292],[104.428,0.293],[104.431,0.292],[104.427,0.292]]],[[[104.409,0.93],[104.427,0.927],[104.408,0.926],[104.409,0.93]]],[[[104.426,0.862],[104.422,0.859],[104.42,0.861],[104.426,0.862]]],[[[104.408,0.467],[104.406,0.476],[104.427,0.459],[104.408,0.467]]],[[[104.423,0.276],[104.426,0.278],[104.425,0.275],[104.423,0.276]]],[[[104.415,0.295],[104.416,0.286],[104.413,0.288],[104.415,0.295]]],[[[104.419,0.274],[104.421,0.276],[104.424,0.273],[104.419,0.274]]],[[[104.424,-0.358],[104.422,-0.357],[104.424,-0.357],[104.424,-0.358]]],[[[104.422,0.439],[104.421,0.442],[104.424,0.442],[104.422,0.439]]],[[[104.417,-0.851],[104.421,-0.849],[104.418,-0.851],[104.417,-0.851]]],[[[104.419,0.164],[104.407,0.179],[104.405,0.184],[104.419,0.164]]],[[[104.39,0.444],[104.418,0.452],[104.396,0.436],[104.39,0.444]]],[[[104.417,0.278],[104.413,0.28],[104.417,0.28],[104.417,0.278]]],[[[104.409,0.505],[104.417,0.505],[104.414,0.494],[104.409,0.505]]],[[[104.407,0.214],[104.416,0.215],[104.414,0.211],[104.407,0.214]]],[[[104.412,0.119],[104.413,0.121],[104.414,0.119],[104.412,0.119]]],[[[104.409,0.424],[104.409,0.427],[104.411,0.425],[104.409,0.424]]],[[[104.411,0.267],[104.403,0.269],[104.404,0.273],[104.411,0.267]]],[[[104.404,0.955],[104.403,0.96],[104.41,0.96],[104.404,0.955]]],[[[104.401,-0.859],[104.41,-0.855],[104.409,-0.86],[104.401,-0.859]]],[[[104.401,0.449],[104.404,0.456],[104.409,0.452],[104.401,0.449]]],[[[104.403,0.283],[104.409,0.284],[104.409,0.282],[104.403,0.283]]],[[[104.408,0.285],[104.403,0.292],[104.408,0.291],[104.408,0.285]]],[[[104.403,0.179],[104.403,0.183],[104.405,0.179],[104.403,0.179]]],[[[104.402,0.431],[104.4,0.432],[104.403,0.432],[104.402,0.431]]],[[[104.401,0.284],[104.401,0.288],[104.402,0.287],[104.401,0.284]]],[[[104.391,0.278],[104.399,0.273],[104.402,0.268],[104.391,0.278]]],[[[104.366,0.99],[104.393,1.016],[104.399,0.997],[104.366,0.99]]],[[[104.349,0.189],[104.395,0.114],[104.346,0.18],[104.349,0.189]]],[[[104.395,0.457],[104.392,0.462],[104.396,0.462],[104.395,0.457]]],[[[104.392,0.28],[104.393,0.281],[104.395,0.278],[104.392,0.28]]],[[[104.393,0.21],[104.395,0.21],[104.394,0.209],[104.393,0.21]]],[[[104.383,0.435],[104.378,0.446],[104.382,0.456],[104.392,0.45],[104.383,0.435]]],[[[104.391,0.462],[104.388,0.461],[104.39,0.465],[104.391,0.462]]],[[[104.387,0.856],[104.386,0.859],[104.391,0.858],[104.387,0.856]]],[[[104.39,0.487],[104.371,0.483],[104.387,0.496],[104.39,0.487]]],[[[104.39,0.278],[104.39,0.275],[104.389,0.276],[104.39,0.278]]],[[[104.325,0.327],[104.387,0.274],[104.355,0.279],[104.325,0.327]]],[[[104.386,0.218],[104.387,0.222],[104.389,0.217],[104.386,0.218]]],[[[104.381,-0.286],[104.383,-0.283],[104.388,-0.287],[104.381,-0.286]]],[[[104.382,0.208],[104.387,0.201],[104.374,0.211],[104.382,0.208]]],[[[104.386,0.166],[104.381,0.169],[104.387,0.171],[104.386,0.166]]],[[[104.385,0.175],[104.384,0.178],[104.386,0.178],[104.385,0.175]]],[[[104.384,0.284],[104.384,0.287],[104.386,0.284],[104.384,0.284]]],[[[104.381,0.459],[104.381,0.461],[104.383,0.461],[104.381,0.459]]],[[[104.38,0.477],[104.383,0.477],[104.381,0.476],[104.38,0.477]]],[[[104.381,0.172],[104.382,0.173],[104.381,0.172],[104.381,0.172]]],[[[104.381,-0.275],[104.38,-0.277],[104.377,-0.277],[104.381,-0.275]]],[[[104.373,0.268],[104.378,0.266],[104.373,0.255],[104.373,0.268]]],[[[104.376,0.454],[104.374,0.453],[104.374,0.455],[104.376,0.454]]],[[[104.371,0.309],[104.375,0.31],[104.374,0.306],[104.371,0.309]]],[[[104.366,0.217],[104.36,0.224],[104.373,0.214],[104.366,0.217]]],[[[104.37,0.393],[104.373,0.393],[104.373,0.39],[104.37,0.393]]],[[[104.37,0.472],[104.373,0.476],[104.37,0.471],[104.37,0.472]]],[[[104.37,0.45],[104.371,0.449],[104.371,0.448],[104.37,0.45]]],[[[104.368,0.451],[104.369,0.459],[104.371,0.458],[104.368,0.451]]],[[[104.371,0.737],[104.365,0.739],[104.37,0.739],[104.371,0.737]]],[[[104.362,0.188],[104.37,0.181],[104.367,0.177],[104.362,0.188]]],[[[104.368,0.192],[104.37,0.191],[104.369,0.191],[104.368,0.192]]],[[[104.36,0.468],[104.367,0.47],[104.361,0.465],[104.36,0.468]]],[[[104.351,0.274],[104.365,0.269],[104.366,0.261],[104.362,0.262],[104.351,0.274]]],[[[104.364,0.403],[104.366,0.403],[104.366,0.401],[104.364,0.403]]],[[[104.351,0.815],[104.362,0.848],[104.366,0.82],[104.351,0.815]]],[[[104.366,0.26],[104.362,0.26],[104.365,0.261],[104.366,0.26]]],[[[104.354,0.266],[104.354,0.257],[104.349,0.266],[104.354,0.266]]],[[[104.357,0.495],[104.357,0.496],[104.358,0.496],[104.357,0.495]]],[[[104.358,0.745],[104.328,0.753],[104.299,0.756],[104.332,0.76],[104.358,0.745]]],[[[104.339,0.95],[104.338,0.956],[104.349,0.952],[104.339,0.95]]],[[[104.331,0.281],[104.342,0.275],[104.348,0.276],[104.348,0.267],[104.331,0.281]]],[[[104.346,0.676],[104.342,0.679],[104.348,0.677],[104.346,0.676]]],[[[104.33,0.288],[104.348,0.285],[104.344,0.277],[104.33,0.288]]],[[[104.342,0.203],[104.346,0.189],[104.346,0.188],[104.344,0.188],[104.342,0.203]]],[[[104.332,0.208],[104.342,0.185],[104.342,0.176],[104.338,0.183],[104.332,0.208]]],[[[104.341,0.675],[104.33,0.673],[104.331,0.677],[104.341,0.675]]],[[[104.337,0.263],[104.335,0.268],[104.339,0.263],[104.337,0.263]]],[[[104.326,0.111],[104.299,0.128],[104.29,0.176],[104.337,0.129],[104.326,0.111]]],[[[104.337,0.685],[104.321,0.685],[104.31,0.699],[104.337,0.685]]],[[[104.335,0.268],[104.331,0.271],[104.333,0.271],[104.335,0.268]]],[[[104.328,0.215],[104.324,0.223],[104.332,0.212],[104.328,0.215]]],[[[104.329,0.66],[104.309,0.669],[104.318,0.686],[104.329,0.66]]],[[[104.319,0.372],[104.327,0.377],[104.326,0.369],[104.319,0.372]]],[[[104.323,0.328],[104.3,0.314],[104.305,0.346],[104.323,0.328]]],[[[104.308,0.262],[104.323,0.254],[104.318,0.252],[104.308,0.262]]],[[[104.307,0.383],[104.322,0.377],[104.316,0.373],[104.307,0.383]]],[[[104.32,0.214],[104.322,0.213],[104.32,0.212],[104.32,0.214]]],[[[104.317,0.215],[104.316,0.22],[104.319,0.215],[104.317,0.215]]],[[[104.278,0.796],[104.267,0.737],[104.31,0.707],[104.278,0.709],[104.259,0.702],[104.259,0.692],[104.219,0.725],[104.197,0.721],[104.171,0.779],[104.186,0.776],[104.193,0.787],[104.202,0.78],[104.212,0.782],[104.262,0.801],[104.278,0.796]]],[[[104.305,0.303],[104.304,0.306],[104.308,0.304],[104.305,0.303]]],[[[104.306,0.673],[104.307,0.674],[104.307,0.67],[104.306,0.673]]],[[[104.306,0.679],[104.304,0.675],[104.301,0.678],[104.306,0.679]]],[[[104.305,0.263],[104.304,0.266],[104.307,0.263],[104.305,0.263]]],[[[104.303,0.531],[104.306,0.532],[104.306,0.531],[104.303,0.531]]],[[[104.303,0.348],[104.305,0.35],[104.305,0.348],[104.303,0.348]]],[[[104.303,0.672],[104.304,0.674],[104.304,0.672],[104.303,0.672]]],[[[104.304,0.463],[104.301,0.463],[104.302,0.464],[104.304,0.463]]],[[[104.303,0.265],[104.3,0.268],[104.303,0.266],[104.303,0.265]]],[[[104.296,0.674],[104.302,0.675],[104.302,0.672],[104.296,0.674]]],[[[104.3,0.818],[104.291,0.819],[104.3,0.822],[104.3,0.818]]],[[[104.296,0.388],[104.301,0.39],[104.302,0.389],[104.296,0.388]]],[[[104.294,0.672],[104.275,0.689],[104.301,0.686],[104.294,0.683],[104.294,0.672]]],[[[104.293,0.623],[104.297,0.621],[104.297,0.618],[104.293,0.623]]],[[[104.292,0.519],[104.296,0.475],[104.282,0.527],[104.292,0.519]]],[[[104.276,0.166],[104.292,0.159],[104.294,0.15],[104.29,0.147],[104.276,0.166]]],[[[104.291,0.629],[104.289,0.63],[104.291,0.631],[104.291,0.629]]],[[[104.21,0.717],[104.286,0.66],[104.288,0.611],[104.264,0.622],[104.263,0.636],[104.247,0.669],[104.21,0.717]]],[[[104.283,0.821],[104.278,0.815],[104.281,0.822],[104.283,0.821]]],[[[104.274,0.677],[104.276,0.676],[104.277,0.674],[104.274,0.677]]],[[[104.266,0.496],[104.263,0.504],[104.274,0.484],[104.266,0.496]]],[[[104.271,-0.37],[104.273,-0.371],[104.27,-0.367],[104.271,-0.37]]],[[[104.271,-0.339],[104.273,-0.339],[104.272,-0.341],[104.271,-0.339]]],[[[104.261,-0.347],[104.271,-0.359],[104.258,-0.362],[104.261,-0.347]]],[[[104.27,-0.365],[104.27,-0.364],[104.272,-0.364],[104.27,-0.365]]],[[[104.265,0.177],[104.267,0.179],[104.269,0.177],[104.265,0.177]]],[[[104.266,-0.385],[104.268,-0.383],[104.269,-0.386],[104.266,-0.385]]],[[[104.132,0.937],[104.155,0.927],[104.153,0.898],[104.17,0.899],[104.167,0.867],[104.21,0.882],[104.266,0.859],[104.243,0.832],[104.245,0.82],[104.168,0.788],[104.146,0.856],[104.116,0.877],[104.092,0.87],[104.095,0.927],[104.078,0.96],[104.089,0.953],[104.107,0.96],[104.111,0.954],[104.12,0.962],[104.132,0.937]]],[[[104.265,-0.378],[104.26,-0.376],[104.264,-0.375],[104.265,-0.378]]],[[[104.262,0.697],[104.265,0.697],[104.264,0.695],[104.262,0.697]]],[[[104.256,0.375],[104.257,0.368],[104.255,0.376],[104.256,0.375]]],[[[104.242,0.976],[104.241,0.997],[104.262,0.987],[104.258,0.974],[104.242,0.976]]],[[[104.262,0.636],[104.258,0.633],[104.261,0.637],[104.262,0.636]]],[[[104.256,-0.347],[104.258,-0.347],[104.257,-0.349],[104.256,-0.347]]],[[[104.255,0.183],[104.254,0.17],[104.249,0.173],[104.255,0.183]]],[[[104.251,-0.611],[104.254,-0.608],[104.252,-0.613],[104.251,-0.611]]],[[[104.243,0.637],[104.245,0.645],[104.25,0.637],[104.243,0.637]]],[[[104.248,0.541],[104.25,0.541],[104.25,0.539],[104.248,0.541]]],[[[104.246,0.833],[104.246,0.831],[104.244,0.832],[104.246,0.833]]],[[[104.242,-0.657],[104.233,-0.659],[104.235,-0.654],[104.242,-0.657]]],[[[104.245,0.653],[104.243,0.652],[104.243,0.653],[104.245,0.653]]],[[[104.243,0.636],[104.245,0.636],[104.244,0.635],[104.243,0.636]]],[[[104.242,0.664],[104.244,0.666],[104.242,0.663],[104.242,0.664]]],[[[104.23,0.155],[104.2,0.172],[104.229,0.201],[104.241,0.177],[104.23,0.155]]],[[[104.236,0.657],[104.24,0.647],[104.232,0.657],[104.236,0.657]]],[[[104.235,0.563],[104.241,0.555],[104.231,0.557],[104.235,0.563]]],[[[104.222,0.556],[104.241,0.533],[104.226,0.532],[104.222,0.556]]],[[[104.239,0.66],[104.24,0.66],[104.24,0.659],[104.239,0.66]]],[[[104.221,-0.344],[104.239,-0.335],[104.233,-0.356],[104.221,-0.344]]],[[[104.234,0.136],[104.233,0.132],[104.222,0.135],[104.234,0.136]]],[[[104.232,0.81],[104.232,0.806],[104.227,0.808],[104.232,0.81]]],[[[104.23,-0.364],[104.221,-0.391],[104.172,-0.371],[104.186,-0.361],[104.23,-0.364]]],[[[104.189,-0.4],[104.231,-0.398],[104.223,-0.43],[104.196,-0.424],[104.189,-0.4]]],[[[104.23,0.57],[104.207,0.576],[104.198,0.561],[104.193,0.57],[104.197,0.545],[104.195,0.545],[104.185,0.588],[104.194,0.609],[104.23,0.57]]],[[[104.225,0.981],[104.229,0.985],[104.228,0.981],[104.225,0.981]]],[[[104.226,0.665],[104.221,0.668],[104.228,0.665],[104.226,0.665]]],[[[104.223,1.047],[104.221,1.038],[104.218,1.05],[104.223,1.047]]],[[[104.222,1.101],[104.224,1.103],[104.224,1.101],[104.222,1.101]]],[[[104.213,0.797],[104.223,0.797],[104.222,0.794],[104.213,0.797]]],[[[104.211,0.562],[104.221,0.561],[104.212,0.556],[104.208,0.563],[104.211,0.562]]],[[[104.214,0.791],[104.22,0.79],[104.217,0.786],[104.214,0.791]]],[[[104.209,0.575],[104.208,0.57],[104.206,0.573],[104.209,0.575]]],[[[104.207,0.905],[104.199,0.917],[104.212,0.923],[104.207,0.905]]],[[[104.212,0.567],[104.21,0.562],[104.21,0.567],[104.212,0.567]]],[[[104.202,0.781],[104.21,0.793],[104.212,0.783],[104.202,0.781]]],[[[104.209,0.796],[104.21,0.798],[104.212,0.796],[104.209,0.796]]],[[[104.209,0.719],[104.21,0.719],[104.209,0.717],[104.209,0.719]]],[[[104.207,0.567],[104.21,0.564],[104.208,0.563],[104.207,0.567]]],[[[104.21,-0.354],[104.203,-0.353],[104.205,-0.349],[104.21,-0.354]]],[[[104.207,0.15],[104.2,0.147],[104.206,0.15],[104.207,0.15]]],[[[104.204,0.943],[104.206,0.943],[104.202,0.941],[104.204,0.943]]],[[[104.202,0.798],[104.205,0.802],[104.205,0.799],[104.202,0.798]]],[[[104.196,0.544],[104.199,0.543],[104.198,0.542],[104.196,0.544]]],[[[104.198,0.791],[104.197,0.784],[104.194,0.788],[104.198,0.791]]],[[[104.198,0.947],[104.152,0.934],[104.142,0.955],[104.198,0.947]]],[[[104.179,0.179],[104.189,0.169],[104.194,0.153],[104.183,0.168],[104.179,0.179]]],[[[104.19,-0.389],[104.193,-0.389],[104.192,-0.391],[104.19,-0.389]]],[[[104.161,0.911],[104.172,0.938],[104.191,0.931],[104.188,0.919],[104.161,0.911]]],[[[104.189,0.938],[104.186,0.935],[104.185,0.936],[104.189,0.938]]],[[[104.187,0.899],[104.184,0.895],[104.186,0.899],[104.187,0.899]]],[[[104.18,0.88],[104.187,0.882],[104.184,0.877],[104.18,0.88]]],[[[104.186,0.777],[104.184,0.778],[104.185,0.778],[104.186,0.777]]],[[[104.183,1.046],[104.167,1.022],[104.155,1.039],[104.164,1.066],[104.183,1.046]]],[[[104.171,0.995],[104.156,1.016],[104.183,1.024],[104.171,0.995]]],[[[104.182,0.739],[104.184,0.738],[104.181,0.737],[104.182,0.739]]],[[[104.178,-0.396],[104.182,-0.392],[104.184,-0.397],[104.178,-0.396]]],[[[104.182,-0.387],[104.183,-0.391],[104.18,-0.386],[104.182,-0.387]]],[[[104.176,1.068],[104.182,1.067],[104.176,1.063],[104.176,1.068]]],[[[104.179,0.742],[104.181,0.743],[104.18,0.741],[104.179,0.742]]],[[[104.179,0.583],[104.177,0.584],[104.179,0.584],[104.179,0.583]]],[[[104.162,-0.369],[104.175,-0.39],[104.167,-0.385],[104.162,-0.369]]],[[[104.174,0.974],[104.179,0.976],[104.177,0.972],[104.174,0.974]]],[[[104.177,-0.351],[104.145,-0.361],[104.156,-0.338],[104.177,-0.351]]],[[[104.155,0.957],[104.143,0.974],[104.175,0.97],[104.155,0.957]]],[[[104.174,-0.363],[104.164,-0.362],[104.169,-0.359],[104.174,-0.363]]],[[[104.153,1.018],[104.152,1.022],[104.157,1.022],[104.153,1.018]]],[[[104.149,1.171],[104.137,1.039],[104.105,1.043],[104.08,1.023],[104.082,1.008],[104.101,0.982],[104.084,0.985],[104.076,0.998],[104.072,0.999],[104.062,0.985],[104.022,1.028],[104.038,0.981],[104.009,0.986],[103.99,1.017],[103.943,1.008],[103.89,1.094],[103.912,1.098],[103.922,1.07],[103.937,1.083],[103.921,1.143],[104.0,1.12],[103.985,1.144],[104.015,1.192],[104.059,1.159],[104.054,1.132],[104.073,1.119],[104.093,1.156],[104.069,1.168],[104.085,1.195],[104.107,1.201],[104.149,1.171]],[[104.039,1.073],[104.063,1.067],[104.061,1.031],[104.072,1.051],[104.09,1.038],[104.106,1.044],[104.101,1.09],[104.096,1.064],[104.076,1.065],[104.087,1.077],[104.09,1.095],[104.065,1.074],[104.041,1.097],[104.039,1.073]]],[[[104.149,0.931],[104.15,0.934],[104.153,0.931],[104.149,0.931]]],[[[104.151,1.035],[104.152,1.036],[104.152,1.033],[104.151,1.035]]],[[[104.147,0.796],[104.142,0.82],[104.151,0.79],[104.147,0.796]]],[[[104.146,0.984],[104.139,0.999],[104.149,0.99],[104.146,0.984]]],[[[104.147,0.936],[104.147,0.938],[104.148,0.935],[104.147,0.936]]],[[[104.147,1.01],[104.145,1.01],[104.145,1.012],[104.147,1.01]]],[[[104.142,1.021],[104.145,1.02],[104.143,1.019],[104.142,1.021]]],[[[104.14,1.021],[104.142,1.014],[104.138,1.015],[104.14,1.021]]],[[[104.14,1.01],[104.141,1.011],[104.14,1.008],[104.14,1.01]]],[[[104.132,1.026],[104.137,1.035],[104.138,1.03],[104.132,1.026]]],[[[104.136,1.009],[104.137,1.011],[104.137,1.007],[104.136,1.009]]],[[[104.134,1.003],[104.129,1.007],[104.135,1.005],[104.134,1.003]]],[[[104.127,0.996],[104.117,0.987],[104.115,0.995],[104.127,0.996]]],[[[104.125,-0.305],[104.118,-0.306],[104.123,-0.3],[104.125,-0.305]]],[[[104.119,1.022],[104.122,1.02],[104.119,1.016],[104.119,1.022]]],[[[104.103,0.974],[104.114,0.974],[104.121,0.965],[104.103,0.974]]],[[[104.112,1.031],[104.118,1.032],[104.113,1.029],[104.112,1.031]]],[[[104.113,1.019],[104.108,1.004],[104.1,1.005],[104.113,1.019]]],[[[104.095,1.021],[104.098,1.016],[104.096,1.006],[104.095,1.021]]],[[[104.104,0.625],[104.084,0.603],[104.085,0.628],[104.078,0.643],[104.104,0.625]]],[[[104.104,0.607],[104.101,0.607],[104.101,0.609],[104.104,0.607]]],[[[104.099,0.966],[104.097,0.962],[104.096,0.965],[104.099,0.966]]],[[[104.099,0.987],[104.098,0.991],[104.1,0.987],[104.099,0.987]]],[[[104.097,1.063],[104.1,1.064],[104.099,1.062],[104.097,1.063]]],[[[104.097,0.603],[104.098,0.604],[104.099,0.603],[104.097,0.603]]],[[[104.092,0.957],[104.094,0.97],[104.095,0.958],[104.092,0.957]]],[[[104.092,0.974],[104.091,0.971],[104.09,0.972],[104.092,0.974]]],[[[104.09,1.023],[104.087,1.022],[104.089,1.023],[104.09,1.023]]],[[[104.076,1.05],[104.082,1.056],[104.089,1.052],[104.076,1.05]]],[[[104.084,1.026],[104.085,1.019],[104.081,1.024],[104.084,1.026]]],[[[104.089,1.054],[104.085,1.055],[104.087,1.056],[104.089,1.054]]],[[[104.084,0.96],[104.085,0.962],[104.088,0.958],[104.084,0.96]]],[[[104.072,0.979],[104.077,0.982],[104.079,0.975],[104.072,0.979]]],[[[104.059,0.974],[104.068,0.914],[104.047,0.93],[104.046,0.964],[104.058,0.967],[104.059,0.974]]],[[[104.077,0.638],[104.079,0.638],[104.078,0.637],[104.077,0.638]]],[[[104.072,0.962],[104.07,0.965],[104.076,0.961],[104.072,0.962]]],[[[104.069,0.985],[104.075,0.985],[104.069,0.984],[104.069,0.985]]],[[[104.075,0.995],[104.071,0.998],[104.075,0.997],[104.075,0.995]]],[[[104.07,1.138],[104.073,1.133],[104.068,1.135],[104.07,1.138]]],[[[104.067,1.07],[104.07,1.068],[104.069,1.068],[104.067,1.07]]],[[[104.057,1.071],[104.058,1.074],[104.059,1.071],[104.057,1.071]]],[[[104.051,0.976],[104.057,0.969],[104.05,0.968],[104.051,0.976]]],[[[104.057,0.917],[104.033,0.901],[104.054,0.92],[104.057,0.917]]],[[[104.04,0.979],[104.048,0.976],[104.04,0.974],[104.04,0.979]]],[[[104.044,0.995],[104.047,0.996],[104.045,0.993],[104.044,0.995]]],[[[104.043,0.988],[104.045,0.992],[104.046,0.989],[104.043,0.988]]],[[[104.042,1.087],[104.044,1.087],[104.044,1.086],[104.042,1.087]]],[[[104.04,0.638],[104.041,0.633],[104.037,0.633],[104.04,0.638]]],[[[104.038,-0.501],[104.041,-0.501],[104.04,-0.503],[104.038,-0.501]]],[[[104.038,0.889],[104.037,0.885],[104.031,0.887],[104.038,0.889]]],[[[104.035,-0.514],[104.04,-0.513],[104.039,-0.52],[104.035,-0.514]]],[[[104.039,0.925],[104.037,0.925],[104.038,0.927],[104.039,0.925]]],[[[104.033,0.968],[104.036,0.967],[104.035,0.963],[104.033,0.968]]],[[[104.032,0.633],[104.036,0.631],[104.033,0.63],[104.032,0.633]]],[[[104.027,-0.539],[104.032,-0.54],[104.031,-0.541],[104.027,-0.539]]],[[[104.029,0.975],[104.031,0.974],[104.031,0.973],[104.029,0.975]]],[[[104.022,0.963],[104.03,0.958],[104.028,0.952],[104.022,0.963]]],[[[104.02,0.968],[104.027,0.969],[104.026,0.966],[104.02,0.968]]],[[[104.02,0.974],[104.02,0.971],[104.018,0.971],[104.02,0.974]]],[[[104.013,0.94],[104.008,0.936],[104.007,0.944],[104.013,0.94]]],[[[103.992,0.958],[103.998,0.962],[103.998,0.951],[103.992,0.958]]],[[[103.994,0.948],[103.981,0.966],[103.982,0.976],[103.994,0.948]]],[[[103.992,1.012],[103.985,1.002],[103.983,1.007],[103.992,1.012]]],[[[103.98,0.986],[103.987,0.984],[103.982,0.983],[103.98,0.986]]],[[[103.981,0.937],[103.982,0.941],[103.983,0.934],[103.981,0.937]]],[[[103.982,0.96],[103.978,0.962],[103.98,0.962],[103.982,0.96]]],[[[103.98,0.888],[103.981,0.889],[103.981,0.887],[103.98,0.888]]],[[[103.98,0.766],[103.977,0.767],[103.978,0.77],[103.98,0.766]]],[[[103.978,0.951],[103.98,0.953],[103.98,0.951],[103.978,0.951]]],[[[103.98,0.988],[103.978,0.989],[103.979,0.989],[103.98,0.988]]],[[[103.979,0.964],[103.975,0.969],[103.978,0.97],[103.979,0.964]]],[[[103.976,1.001],[103.978,0.998],[103.972,0.998],[103.976,1.001]]],[[[103.958,0.996],[103.967,0.975],[103.943,0.999],[103.958,0.996]]],[[[103.974,0.985],[103.978,0.987],[103.978,0.984],[103.974,0.985]]],[[[103.978,1.146],[103.972,1.148],[103.975,1.15],[103.978,1.146]]],[[[103.969,0.755],[103.972,0.75],[103.963,0.748],[103.969,0.755]]],[[[103.972,1.004],[103.975,1.005],[103.972,1.002],[103.972,1.004]]],[[[103.966,0.96],[103.975,0.954],[103.971,0.951],[103.966,0.96]]],[[[103.971,0.89],[103.974,0.889],[103.973,0.887],[103.971,0.89]]],[[[103.97,1.006],[103.973,1.007],[103.97,1.005],[103.97,1.006]]],[[[103.97,0.879],[103.966,0.881],[103.972,0.882],[103.97,0.879]]],[[[103.971,0.989],[103.971,0.987],[103.969,0.99],[103.971,0.989]]],[[[103.971,1.002],[103.968,1.001],[103.969,1.003],[103.971,1.002]]],[[[103.97,0.883],[103.968,0.883],[103.97,0.885],[103.97,0.883]]],[[[103.968,0.923],[103.969,0.924],[103.97,0.923],[103.968,0.923]]],[[[103.968,0.919],[103.964,0.92],[103.966,0.922],[103.968,0.919]]],[[[103.868,1.038],[103.877,1.013],[103.901,0.999],[103.923,1.009],[103.927,0.998],[103.967,0.967],[103.966,0.961],[103.968,0.957],[103.963,0.937],[103.944,0.926],[103.944,0.91],[103.833,0.977],[103.834,1.017],[103.861,1.008],[103.848,1.025],[103.854,1.023],[103.854,1.034],[103.866,1.031],[103.868,1.038]]],[[[103.967,1.001],[103.961,1.002],[103.967,1.004],[103.967,1.001]]],[[[103.964,0.905],[103.967,0.906],[103.967,0.904],[103.964,0.905]]],[[[103.951,0.764],[103.963,0.778],[103.965,0.776],[103.965,0.768],[103.951,0.764]]],[[[103.966,0.992],[103.962,0.994],[103.963,0.994],[103.966,0.992]]],[[[103.961,0.932],[103.964,0.935],[103.966,0.934],[103.961,0.932]]],[[[103.947,0.924],[103.965,0.919],[103.965,0.908],[103.952,0.906],[103.947,0.924]]],[[[103.963,0.878],[103.962,0.881],[103.965,0.877],[103.963,0.878]]],[[[103.958,0.904],[103.957,0.893],[103.95,0.903],[103.958,0.904]]],[[[103.955,0.928],[103.953,0.926],[103.949,0.927],[103.955,0.928]]],[[[103.955,0.924],[103.951,0.925],[103.953,0.924],[103.955,0.924]]],[[[103.953,0.895],[103.951,0.894],[103.952,0.895],[103.953,0.895]]],[[[103.95,0.907],[103.951,0.904],[103.947,0.901],[103.95,0.907]]],[[[103.947,0.919],[103.946,0.917],[103.945,0.921],[103.947,0.919]]],[[[103.945,0.922],[103.946,0.923],[103.947,0.921],[103.945,0.922]]],[[[103.944,1.146],[103.945,1.149],[103.946,1.147],[103.944,1.146]]],[[[103.943,0.906],[103.938,0.907],[103.94,0.907],[103.943,0.906]]],[[[103.939,0.751],[103.942,0.75],[103.941,0.748],[103.939,0.751]]],[[[103.936,0.772],[103.92,0.755],[103.914,0.781],[103.888,0.793],[103.905,0.817],[103.907,0.833],[103.936,0.772]]],[[[103.934,1.0],[103.927,1.004],[103.929,1.006],[103.934,1.0]]],[[[103.926,1.017],[103.932,1.014],[103.931,1.013],[103.926,1.017]]],[[[103.921,1.103],[103.923,1.105],[103.924,1.102],[103.921,1.103]]],[[[103.919,1.024],[103.919,1.026],[103.923,1.023],[103.919,1.024]]],[[[103.91,1.103],[103.9,1.106],[103.91,1.11],[103.912,1.125],[103.91,1.103]]],[[[103.903,1.003],[103.885,1.03],[103.895,1.031],[103.896,1.039],[103.92,1.012],[103.903,1.003]]],[[[103.919,1.103],[103.92,1.104],[103.92,1.103],[103.919,1.103]]],[[[103.915,1.103],[103.916,1.101],[103.913,1.101],[103.915,1.103]]],[[[103.912,1.023],[103.915,1.025],[103.916,1.022],[103.912,1.023]]],[[[103.91,1.118],[103.908,1.118],[103.908,1.119],[103.91,1.118]]],[[[103.906,1.114],[103.909,1.116],[103.909,1.114],[103.906,1.114]]],[[[103.908,1.113],[103.908,1.111],[103.906,1.111],[103.908,1.113]]],[[[103.907,1.101],[103.904,1.1],[103.905,1.102],[103.907,1.101]]],[[[103.905,1.116],[103.905,1.118],[103.907,1.116],[103.905,1.116]]],[[[103.906,0.843],[103.884,0.797],[103.832,0.843],[103.811,0.9],[103.906,0.843]]],[[[103.905,1.112],[103.903,1.113],[103.906,1.113],[103.905,1.112]]],[[[103.906,0.918],[103.903,0.915],[103.902,0.916],[103.906,0.918]]],[[[103.898,1.157],[103.905,1.157],[103.905,1.155],[103.898,1.157]]],[[[103.901,0.868],[103.904,0.87],[103.905,0.866],[103.901,0.868]]],[[[103.898,1.101],[103.902,1.101],[103.901,1.099],[103.898,1.101]]],[[[103.9,1.001],[103.9,1.002],[103.901,1.001],[103.9,1.001]]],[[[103.893,1.041],[103.895,1.065],[103.9,1.039],[103.893,1.041]]],[[[103.889,1.142],[103.877,1.146],[103.876,1.15],[103.881,1.149],[103.881,1.154],[103.884,1.15],[103.887,1.159],[103.896,1.151],[103.889,1.142]]],[[[103.894,1.127],[103.89,1.127],[103.894,1.13],[103.894,1.127]]],[[[103.894,1.031],[103.893,1.032],[103.894,1.033],[103.894,1.031]]],[[[103.892,0.94],[103.887,0.936],[103.887,0.939],[103.892,0.94]]],[[[103.892,1.168],[103.889,1.173],[103.893,1.168],[103.892,1.168]]],[[[103.885,1.017],[103.891,1.015],[103.891,1.011],[103.885,1.017]]],[[[103.889,1.042],[103.879,1.037],[103.877,1.046],[103.889,1.042]]],[[[103.886,1.12],[103.89,1.121],[103.889,1.119],[103.886,1.12]]],[[[103.889,1.065],[103.888,1.066],[103.889,1.066],[103.889,1.065]]],[[[103.888,1.045],[103.887,1.046],[103.889,1.047],[103.888,1.045]]],[[[103.884,1.122],[103.878,1.124],[103.885,1.126],[103.884,1.122]]],[[[103.88,1.164],[103.877,1.155],[103.875,1.158],[103.88,1.164]]],[[[103.883,1.093],[103.881,1.097],[103.883,1.097],[103.883,1.093]]],[[[103.883,1.048],[103.882,1.047],[103.881,1.05],[103.883,1.048]]],[[[103.88,1.048],[103.835,1.029],[103.838,1.036],[103.835,1.043],[103.838,1.047],[103.835,1.056],[103.838,1.058],[103.833,1.064],[103.853,1.075],[103.88,1.048]]],[[[103.879,1.016],[103.882,1.017],[103.88,1.015],[103.879,1.016]]],[[[103.878,1.118],[103.88,1.116],[103.876,1.119],[103.878,1.118]]],[[[103.874,1.124],[103.877,1.131],[103.88,1.126],[103.874,1.124]]],[[[103.878,1.135],[103.876,1.136],[103.878,1.137],[103.878,1.135]]],[[[103.874,1.144],[103.869,1.152],[103.874,1.155],[103.876,1.146],[103.875,1.146],[103.874,1.144]]],[[[103.873,1.073],[103.875,1.07],[103.873,1.069],[103.873,1.073]]],[[[103.871,1.131],[103.876,1.131],[103.872,1.128],[103.871,1.131]]],[[[103.872,1.078],[103.875,1.074],[103.87,1.076],[103.872,1.078]]],[[[103.875,1.103],[103.873,1.102],[103.872,1.102],[103.875,1.103]]],[[[103.874,1.091],[103.863,1.095],[103.869,1.099],[103.871,1.092],[103.874,1.091]]],[[[103.871,1.118],[103.874,1.118],[103.873,1.117],[103.871,1.118]]],[[[103.868,1.081],[103.873,1.082],[103.87,1.076],[103.868,1.081]]],[[[103.869,1.098],[103.872,1.098],[103.871,1.096],[103.869,1.098]]],[[[103.87,1.086],[103.872,1.086],[103.871,1.084],[103.87,1.086]]],[[[103.856,1.079],[103.871,1.067],[103.87,1.064],[103.856,1.079]]],[[[103.869,0.781],[103.865,0.778],[103.86,0.792],[103.869,0.781]]],[[[103.866,1.086],[103.868,1.086],[103.869,1.084],[103.866,1.086]]],[[[103.859,1.096],[103.866,1.102],[103.869,1.101],[103.859,1.096]]],[[[103.863,1.157],[103.868,1.162],[103.865,1.155],[103.863,1.157]]],[[[103.863,1.034],[103.865,1.035],[103.865,1.034],[103.863,1.034]]],[[[103.863,1.088],[103.864,1.091],[103.865,1.087],[103.863,1.088]]],[[[103.862,1.108],[103.86,1.11],[103.862,1.11],[103.862,1.108]]],[[[103.86,1.103],[103.861,1.104],[103.861,1.102],[103.86,1.103]]],[[[103.857,0.765],[103.859,0.761],[103.857,0.761],[103.857,0.765]]],[[[103.856,1.106],[103.858,1.105],[103.857,1.102],[103.856,1.106]]],[[[103.852,1.09],[103.855,1.09],[103.852,1.087],[103.852,1.09]]],[[[103.855,1.127],[103.851,1.128],[103.85,1.133],[103.855,1.127]]],[[[103.854,0.749],[103.854,0.751],[103.855,0.75],[103.854,0.749]]],[[[103.849,0.766],[103.854,0.769],[103.853,0.763],[103.849,0.766]]],[[[103.847,0.959],[103.842,0.966],[103.85,0.961],[103.847,0.959]]],[[[103.846,1.112],[103.848,1.113],[103.847,1.111],[103.846,1.112]]],[[[103.844,0.781],[103.832,0.792],[103.836,0.802],[103.844,0.781]]],[[[103.836,1.116],[103.838,1.125],[103.841,1.125],[103.836,1.116]]],[[[103.839,1.137],[103.841,1.134],[103.836,1.137],[103.839,1.137]]],[[[103.832,0.901],[103.835,0.906],[103.838,0.903],[103.832,0.901]]],[[[103.837,1.036],[103.833,1.037],[103.835,1.039],[103.837,1.036]]],[[[103.836,1.139],[103.834,1.139],[103.836,1.14],[103.836,1.139]]],[[[103.829,0.815],[103.824,0.751],[103.82,0.772],[103.738,0.828],[103.718,0.873],[103.749,0.886],[103.772,0.873],[103.779,0.874],[103.829,0.815]]],[[[103.829,0.961],[103.832,0.961],[103.833,0.958],[103.829,0.961]]],[[[103.824,1.044],[103.829,1.054],[103.832,1.047],[103.824,1.044]]],[[[103.821,1.077],[103.826,1.067],[103.818,1.071],[103.821,1.077]]],[[[103.829,0.997],[103.823,0.999],[103.828,1.006],[103.829,0.997]]],[[[103.829,1.037],[103.821,1.039],[103.823,1.041],[103.829,1.037]]],[[[103.827,1.125],[103.826,1.129],[103.829,1.125],[103.827,1.125]]],[[[103.818,1.068],[103.82,1.056],[103.813,1.063],[103.818,1.068]]],[[[103.823,0.965],[103.821,0.971],[103.825,0.964],[103.823,0.965]]],[[[103.823,1.087],[103.824,1.088],[103.825,1.086],[103.823,1.087]]],[[[103.82,1.008],[103.822,1.008],[103.822,1.006],[103.82,1.008]]],[[[103.821,1.056],[103.822,1.058],[103.822,1.055],[103.821,1.056]]],[[[103.82,1.044],[103.821,1.045],[103.821,1.044],[103.82,1.044]]],[[[103.821,0.982],[103.818,0.981],[103.82,0.984],[103.821,0.982]]],[[[103.816,1.058],[103.812,1.049],[103.811,1.052],[103.816,1.058]]],[[[103.815,1.069],[103.817,1.072],[103.818,1.069],[103.815,1.069]]],[[[103.816,0.985],[103.81,0.991],[103.812,0.992],[103.816,0.985]]],[[[103.792,1.111],[103.811,1.096],[103.812,1.084],[103.799,1.086],[103.792,1.111]]],[[[103.815,1.057],[103.811,1.059],[103.813,1.06],[103.815,1.057]]],[[[103.81,0.98],[103.815,0.98],[103.812,0.978],[103.81,0.98]]],[[[103.809,1.001],[103.811,0.998],[103.809,0.998],[103.809,1.001]]],[[[103.806,1.039],[103.809,1.035],[103.802,1.037],[103.806,1.039]]],[[[103.809,0.912],[103.808,0.908],[103.803,0.915],[103.809,0.912]]],[[[103.799,0.967],[103.807,0.966],[103.803,0.961],[103.799,0.967]]],[[[103.803,1.021],[103.806,1.019],[103.807,1.015],[103.803,1.021]]],[[[103.802,0.882],[103.805,0.887],[103.806,0.881],[103.802,0.882]]],[[[103.803,0.878],[103.806,0.878],[103.806,0.877],[103.803,0.878]]],[[[103.789,1.046],[103.806,0.973],[103.798,0.969],[103.749,1.029],[103.789,1.046]]],[[[103.801,1.033],[103.805,1.031],[103.803,1.025],[103.801,1.033]]],[[[103.796,0.873],[103.801,0.872],[103.804,0.867],[103.795,0.87],[103.792,0.879],[103.796,0.873]]],[[[103.802,0.902],[103.791,0.902],[103.795,0.909],[103.802,0.902]]],[[[103.794,0.888],[103.801,0.89],[103.797,0.886],[103.798,0.882],[103.794,0.888]]],[[[103.796,0.858],[103.798,0.86],[103.8,0.855],[103.796,0.858]]],[[[103.795,0.891],[103.8,0.893],[103.799,0.89],[103.795,0.891]]],[[[103.8,0.886],[103.799,0.884],[103.799,0.886],[103.8,0.886]]],[[[103.797,1.029],[103.799,1.029],[103.799,1.027],[103.797,1.029]]],[[[103.797,1.041],[103.799,1.042],[103.799,1.04],[103.797,1.041]]],[[[103.796,0.875],[103.799,0.876],[103.798,0.872],[103.796,0.875]]],[[[103.798,1.045],[103.795,1.045],[103.796,1.046],[103.798,1.045]]],[[[103.788,0.967],[103.787,0.959],[103.78,0.964],[103.788,0.967]]],[[[103.785,0.944],[103.789,0.942],[103.79,0.936],[103.785,0.944]]],[[[103.78,1.091],[103.783,1.092],[103.78,1.088],[103.78,1.091]]],[[[103.773,0.554],[103.781,0.54],[103.774,0.543],[103.773,0.554]]],[[[103.779,1.097],[103.781,1.096],[103.78,1.095],[103.779,1.097]]],[[[103.779,0.98],[103.781,0.98],[103.781,0.978],[103.779,0.98]]],[[[103.78,0.879],[103.779,0.88],[103.78,0.88],[103.78,0.879]]],[[[103.776,0.575],[103.771,0.579],[103.776,0.579],[103.776,0.575]]],[[[103.768,0.946],[103.778,0.94],[103.771,0.931],[103.773,0.939],[103.768,0.946]]],[[[103.772,0.875],[103.77,0.882],[103.777,0.876],[103.772,0.875]]],[[[103.766,0.977],[103.777,0.973],[103.772,0.969],[103.766,0.977]]],[[[103.772,0.912],[103.774,0.912],[103.774,0.911],[103.772,0.912]]],[[[103.768,0.786],[103.773,0.782],[103.773,0.779],[103.768,0.786]]],[[[103.771,0.936],[103.768,0.936],[103.77,0.938],[103.771,0.936]]],[[[103.753,0.901],[103.768,0.888],[103.768,0.884],[103.752,0.886],[103.753,0.901]]],[[[103.767,0.964],[103.765,0.966],[103.767,0.966],[103.767,0.964]]],[[[103.764,0.947],[103.766,0.949],[103.766,0.945],[103.764,0.947]]],[[[103.762,1.01],[103.755,1.007],[103.757,1.018],[103.762,1.01]]],[[[103.758,0.625],[103.761,0.626],[103.76,0.623],[103.758,0.625]]],[[[103.753,1.019],[103.755,1.019],[103.755,1.018],[103.753,1.019]]],[[[103.75,0.736],[103.742,0.685],[103.706,0.699],[103.693,0.729],[103.75,0.736]]],[[[103.74,0.755],[103.725,0.75],[103.719,0.754],[103.74,0.755]]],[[[103.725,0.738],[103.727,0.741],[103.729,0.739],[103.725,0.738]]],[[[103.729,0.766],[103.703,0.756],[103.665,0.832],[103.704,0.803],[103.709,0.788],[103.729,0.766]]],[[[103.723,0.8],[103.726,0.802],[103.726,0.8],[103.723,0.8]]],[[[103.725,0.786],[103.724,0.789],[103.725,0.788],[103.725,0.786]]],[[[103.711,0.791],[103.718,0.793],[103.717,0.788],[103.711,0.791]]],[[[103.712,0.605],[103.707,0.612],[103.718,0.606],[103.712,0.605]]],[[[103.717,1.115],[103.712,1.117],[103.714,1.117],[103.717,1.115]]],[[[103.709,0.966],[103.709,0.967],[103.712,0.967],[103.709,0.966]]],[[[103.705,0.62],[103.671,0.618],[103.672,0.635],[103.705,0.62]]],[[[103.692,0.857],[103.706,0.839],[103.697,0.837],[103.692,0.857]]],[[[103.702,0.884],[103.698,0.882],[103.7,0.886],[103.702,0.884]]],[[[103.697,0.606],[103.702,0.606],[103.701,0.605],[103.697,0.606]]],[[[103.655,0.873],[103.672,0.863],[103.692,0.823],[103.655,0.873]]],[[[103.684,0.761],[103.69,0.76],[103.686,0.757],[103.684,0.761]]],[[[103.674,0.712],[103.666,0.73],[103.654,0.741],[103.684,0.731],[103.674,0.712]]],[[[103.679,0.768],[103.68,0.758],[103.669,0.762],[103.679,0.768]]],[[[103.67,0.61],[103.678,0.61],[103.68,0.609],[103.67,0.61]]],[[[103.669,0.636],[103.672,0.637],[103.671,0.635],[103.669,0.636]]],[[[103.653,0.568],[103.667,0.562],[103.663,0.553],[103.653,0.568]]],[[[103.632,0.624],[103.651,0.622],[103.664,0.614],[103.652,0.611],[103.632,0.624]]],[[[103.659,0.595],[103.658,0.599],[103.662,0.596],[103.659,0.595]]],[[[103.66,1.145],[103.657,1.144],[103.656,1.151],[103.66,1.145]]],[[[103.658,0.638],[103.659,0.633],[103.656,0.633],[103.658,0.638]]],[[[103.652,0.841],[103.66,0.837],[103.657,0.833],[103.652,0.841]]],[[[103.657,0.56],[103.657,0.558],[103.656,0.56],[103.657,0.56]]],[[[103.655,0.866],[103.656,0.867],[103.656,0.865],[103.655,0.866]]],[[[103.651,0.72],[103.653,0.722],[103.653,0.718],[103.651,0.72]]],[[[103.645,0.574],[103.651,0.574],[103.649,0.57],[103.645,0.574]]],[[[103.643,0.587],[103.639,0.59],[103.645,0.591],[103.643,0.587]]],[[[103.641,0.885],[103.643,0.881],[103.641,0.882],[103.641,0.885]]],[[[103.642,0.629],[103.631,0.631],[103.63,0.635],[103.642,0.629]]],[[[103.64,0.503],[103.633,0.5],[103.63,0.506],[103.64,0.503]]],[[[103.635,0.592],[103.639,0.595],[103.639,0.592],[103.635,0.592]]],[[[103.634,0.536],[103.63,0.517],[103.622,0.531],[103.634,0.536]]],[[[103.635,0.491],[103.63,0.498],[103.631,0.498],[103.635,0.491]]],[[[103.633,0.512],[103.624,0.514],[103.621,0.522],[103.633,0.512]]],[[[103.629,0.564],[103.632,0.566],[103.631,0.563],[103.629,0.564]]],[[[103.627,0.76],[103.629,0.76],[103.628,0.759],[103.627,0.76]]],[[[103.625,0.64],[103.628,0.643],[103.629,0.639],[103.625,0.64]]],[[[103.623,0.539],[103.629,0.542],[103.627,0.536],[103.623,0.539]]],[[[103.623,0.867],[103.624,0.871],[103.626,0.867],[103.623,0.867]]],[[[103.605,0.491],[103.57,0.551],[103.576,0.558],[103.624,0.506],[103.605,0.491]]],[[[103.62,0.492],[103.623,0.494],[103.621,0.49],[103.62,0.492]]],[[[103.62,0.535],[103.622,0.534],[103.621,0.532],[103.62,0.535]]],[[[103.592,0.691],[103.578,0.687],[103.585,0.697],[103.592,0.691]]],[[[103.585,0.662],[103.586,0.664],[103.587,0.663],[103.585,0.662]]],[[[103.585,0.748],[103.582,0.746],[103.581,0.75],[103.585,0.748]]],[[[103.572,0.67],[103.58,0.677],[103.585,0.671],[103.572,0.67]]],[[[103.584,0.651],[103.581,0.649],[103.582,0.653],[103.584,0.651]]],[[[103.578,0.662],[103.574,0.656],[103.572,0.662],[103.578,0.662]]],[[[103.572,0.56],[103.575,0.561],[103.573,0.558],[103.572,0.56]]],[[[103.574,0.624],[103.571,0.625],[103.573,0.626],[103.574,0.624]]],[[[103.566,0.727],[103.558,0.749],[103.568,0.726],[103.566,0.727]]],[[[103.569,0.589],[103.572,0.589],[103.571,0.588],[103.569,0.589]]],[[[103.569,0.535],[103.57,0.537],[103.571,0.534],[103.569,0.535]]],[[[103.569,0.539],[103.57,0.54],[103.57,0.539],[103.569,0.539]]],[[[103.562,0.548],[103.567,0.538],[103.558,0.54],[103.562,0.548]]],[[[103.566,0.585],[103.567,0.586],[103.567,0.584],[103.566,0.585]]],[[[103.563,0.62],[103.565,0.623],[103.566,0.62],[103.563,0.62]]],[[[103.563,0.71],[103.565,0.712],[103.565,0.71],[103.563,0.71]]],[[[103.563,0.591],[103.564,0.591],[103.565,0.589],[103.563,0.591]]],[[[103.558,0.688],[103.556,0.682],[103.554,0.683],[103.558,0.688]]],[[[103.557,0.634],[103.558,0.632],[103.556,0.632],[103.557,0.634]]],[[[103.556,0.672],[103.559,0.676],[103.559,0.671],[103.556,0.672]]],[[[103.553,0.7],[103.557,0.697],[103.556,0.697],[103.553,0.7]]],[[[103.553,0.55],[103.557,0.548],[103.554,0.548],[103.553,0.55]]],[[[103.553,0.64],[103.556,0.639],[103.553,0.638],[103.553,0.64]]],[[[103.554,0.785],[103.532,0.761],[103.538,0.796],[103.554,0.785]]],[[[103.551,0.749],[103.549,0.756],[103.553,0.752],[103.551,0.749]]],[[[103.552,0.768],[103.553,0.767],[103.552,0.766],[103.552,0.768]]],[[[103.545,0.689],[103.543,0.687],[103.542,0.69],[103.545,0.689]]],[[[103.536,0.593],[103.524,0.593],[103.53,0.599],[103.536,0.593]]],[[[103.534,0.802],[103.534,0.806],[103.535,0.803],[103.534,0.802]]],[[[103.533,0.691],[103.535,0.691],[103.534,0.69],[103.533,0.691]]],[[[103.494,0.845],[103.532,0.801],[103.533,0.787],[103.527,0.78],[103.528,0.767],[103.476,0.821],[103.414,0.847],[103.41,0.885],[103.453,0.856],[103.494,0.845]]],[[[103.527,0.815],[103.532,0.809],[103.525,0.811],[103.527,0.815]]],[[[103.528,0.779],[103.53,0.781],[103.53,0.777],[103.528,0.779]]],[[[103.527,0.686],[103.529,0.688],[103.529,0.686],[103.527,0.686]]],[[[103.497,0.922],[103.527,0.879],[103.513,0.86],[103.486,0.899],[103.497,0.922]]],[[[103.522,0.813],[103.524,0.814],[103.523,0.811],[103.522,0.813]]],[[[103.521,0.816],[103.524,0.818],[103.523,0.816],[103.521,0.816]]],[[[103.472,0.622],[103.482,0.671],[103.521,0.691],[103.49,0.624],[103.472,0.622]]],[[[103.515,0.826],[103.516,0.832],[103.521,0.827],[103.515,0.826]]],[[[103.503,0.706],[103.517,0.694],[103.496,0.692],[103.503,0.706]]],[[[103.51,0.608],[103.515,0.605],[103.511,0.604],[103.51,0.608]]],[[[103.404,0.883],[103.411,0.845],[103.441,0.823],[103.472,0.809],[103.513,0.755],[103.457,0.638],[103.4,0.649],[103.352,0.741],[103.342,0.801],[103.37,0.892],[103.404,0.883]]],[[[103.499,0.844],[103.498,0.852],[103.503,0.848],[103.499,0.844]]],[[[103.493,0.952],[103.494,0.954],[103.496,0.95],[103.493,0.952]]],[[[103.495,0.609],[103.491,0.612],[103.494,0.612],[103.495,0.609]]],[[[103.489,0.947],[103.494,0.944],[103.49,0.943],[103.489,0.947]]],[[[103.48,0.855],[103.435,0.869],[103.406,0.909],[103.423,0.912],[103.438,0.925],[103.475,0.914],[103.48,0.855]]],[[[103.463,0.959],[103.476,0.92],[103.456,0.936],[103.439,0.941],[103.427,0.956],[103.463,0.959]]],[[[103.467,0.821],[103.453,0.818],[103.45,0.821],[103.467,0.821]]],[[[103.464,0.921],[103.462,0.922],[103.464,0.923],[103.464,0.921]]],[[[103.444,0.925],[103.457,0.934],[103.461,0.925],[103.444,0.925]]],[[[103.447,0.822],[103.441,0.826],[103.45,0.828],[103.447,0.822]]],[[[103.382,1.133],[103.4,1.052],[103.425,1.045],[103.437,0.988],[103.351,1.005],[103.316,1.035],[103.312,1.087],[103.351,1.135],[103.382,1.133]]],[[[103.415,0.917],[103.409,0.941],[103.417,0.95],[103.439,0.932],[103.415,0.917]]],[[[103.422,0.881],[103.425,0.88],[103.423,0.878],[103.422,0.881]]],[[[103.41,0.857],[103.413,0.856],[103.412,0.855],[103.41,0.857]]],[[[103.41,1.134],[103.395,1.129],[103.382,1.161],[103.395,1.161],[103.41,1.134]]],[[[103.405,0.911],[103.399,0.908],[103.399,0.911],[103.405,0.911]]],[[[103.396,0.895],[103.398,0.893],[103.398,0.892],[103.396,0.895]]],[[[103.387,0.983],[103.375,0.988],[103.371,0.992],[103.379,0.995],[103.387,0.983]]],[[[103.381,0.925],[103.386,0.927],[103.386,0.924],[103.381,0.925]]],[[[103.372,0.932],[103.375,0.935],[103.374,0.931],[103.372,0.932]]],[[[103.373,0.898],[103.364,0.901],[103.366,0.906],[103.373,0.898]]],[[[103.365,0.957],[103.357,0.957],[103.356,0.961],[103.365,0.957]]],[[[103.363,0.909],[103.358,0.906],[103.358,0.912],[103.363,0.909]]],[[[103.349,0.922],[103.351,0.923],[103.35,0.921],[103.349,0.922]]],[[[103.347,0.849],[103.348,0.85],[103.348,0.848],[103.347,0.849]]],[[[103.346,0.928],[103.347,0.928],[103.348,0.927],[103.346,0.928]]],[[[103.345,1.187],[103.345,1.188],[103.346,1.186],[103.345,1.187]]],[[[103.345,0.939],[103.344,0.938],[103.343,0.939],[103.345,0.939]]],[[[103.343,0.847],[103.343,0.849],[103.344,0.849],[103.343,0.847]]],[[[103.339,0.929],[103.344,0.929],[103.341,0.926],[103.339,0.929]]],[[[103.333,0.901],[103.344,0.912],[103.34,0.894],[103.333,0.901]]],[[[103.342,0.915],[103.34,0.916],[103.343,0.917],[103.342,0.915]]],[[[103.332,1.125],[103.334,1.122],[103.334,1.12],[103.331,1.124],[103.332,1.125]]],[[[103.327,1.115],[103.324,1.117],[103.327,1.118],[103.327,1.115]]],[[[103.306,1.115],[103.298,1.14],[103.309,1.14],[103.306,1.115]]],[[[103.291,0.99],[103.297,0.987],[103.303,0.979],[103.291,0.99]]],[[[103.295,1.144],[103.296,1.145],[103.297,1.143],[103.295,1.144]]],[[[103.293,1.128],[103.292,1.129],[103.293,1.13],[103.293,1.128]]],[[[103.285,1.089],[103.293,1.096],[103.289,1.088],[103.285,1.089]]],[[[103.292,1.118],[103.288,1.119],[103.291,1.119],[103.292,1.118]]]]}},{"type":"Feature","properties":{"id":"JMB","name":"Jambi","region":"Sumatra","tz":"WIB","population_m":3.68,"districts":11,"center":[102.595,-1.7497],"bbox":[101.129,-2.77,104.498,-0.733]},"geometry":{"type":"MultiPolygon","coordinates":[[[[103.207,-2.142],[103.181,-2.179],[103.18,-2.25],[103.206,-2.277],[103.212,-2.317],[103.143,-2.361],[103.055,-2.312],[103.033,-2.321],[103.034,-2.339],[102.989,-2.34],[102.877,-2.305],[102.84,-2.359],[102.875,-2.41],[102.794,-2.505],[102.796,-2.533],[102.728,-2.586],[102.716,-2.57],[102.641,-2.611],[102.599,-2.677],[102.519,-2.677],[102.468,-2.704],[102.406,-2.689],[102.387,-2.647],[102.328,-2.655],[102.277,-2.614],[102.251,-2.631],[102.235,-2.691],[102.126,-2.729],[102.091,-2.77],[102.029,-2.757],[101.99,-2.723],[101.882,-2.734],[101.815,-2.691],[101.815,-2.673],[101.768,-2.644],[101.676,-2.533],[101.575,-2.544],[101.547,-2.571],[101.557,-2.449],[101.285,-2.277],[101.265,-2.102],[101.206,-1.981],[101.143,-1.926],[101.142,-1.902],[101.179,-1.861],[101.129,-1.764],[101.132,-1.685],[101.169,-1.711],[101.19,-1.678],[101.199,-1.714],[101.232,-1.724],[101.267,-1.696],[101.397,-1.69],[101.411,-1.672],[101.437,-1.696],[101.502,-1.679],[101.549,-1.596],[101.671,-1.508],[101.724,-1.439],[101.697,-1.394],[101.725,-1.362],[101.695,-1.291],[101.722,-1.241],[101.814,-1.221],[101.885,-1.135],[101.891,-1.101],[101.831,-1.103],[101.823,-0.992],[101.907,-0.951],[101.921,-0.911],[101.959,-0.91],[101.984,-0.88],[102.062,-0.89],[102.117,-0.921],[102.165,-0.899],[102.204,-0.949],[102.307,-0.917],[102.326,-0.963],[102.386,-0.993],[102.382,-1.027],[102.443,-1.025],[102.482,-1.08],[102.617,-1.095],[102.647,-1.122],[102.686,-1.085],[102.732,-1.077],[102.758,-1.028],[102.782,-1.033],[102.783,-0.998],[102.928,-0.867],[103.012,-0.755],[103.139,-0.749],[103.357,-0.807],[103.44,-0.771],[103.456,-0.733],[103.487,-0.764],[103.488,-0.797],[103.548,-0.811],[103.55,-0.856],[103.674,-0.951],[103.729,-0.96],[103.75,-0.985],[103.747,-1.007],[103.748,-1.011],[103.753,-1.018],[103.741,-1.015],[103.729,-1.029],[103.754,-1.02],[103.75,-0.992],[103.843,-1.009],[103.849,-1.029],[103.844,-1.008],[103.908,-0.982],[104.031,-1.002],[104.135,-1.051],[104.205,-1.032],[104.334,-1.048],[104.364,-1.019],[104.406,-1.127],[104.393,-1.217],[104.456,-1.333],[104.44,-1.516],[104.498,-1.673],[104.453,-1.633],[104.408,-1.625],[104.362,-1.639],[104.342,-1.676],[103.664,-1.849],[103.626,-1.844],[103.538,-1.889],[103.51,-1.962],[103.56,-2.0],[103.552,-2.048],[103.514,-2.084],[103.531,-2.125],[103.56,-2.141],[103.528,-2.167],[103.459,-2.178],[103.466,-2.255],[103.447,-2.356],[103.297,-2.206],[103.259,-2.134],[103.207,-2.142]]],[[[104.404,-0.861],[104.409,-0.86],[104.407,-0.864],[104.404,-0.861]]]]}},{"type":"Feature","properties":{"id":"SMS","name":"Sumatera Selatan","region":"Sumatra","tz":"WIB","population_m":8.74,"districts":17,"center":[104.287,-3.2751],"bbox":[102.068,-4.925,106.189,-1.625]},"geometry":{"type":"MultiPolygon","coordinates":[[[[106.182,-3.315],[106.172,-3.309],[106.162,-3.297],[106.178,-3.302],[106.182,-3.315]]],[[[103.935,-4.885],[103.995,-4.882],[104.016,-4.865],[103.977,-4.825],[103.92,-4.813],[103.875,-4.884],[103.825,-4.801],[103.78,-4.796],[103.745,-4.741],[103.673,-4.732],[103.705,-4.698],[103.695,-4.654],[103.641,-4.595],[103.597,-4.595],[103.63,-4.556],[103.615,-4.531],[103.571,-4.525],[103.53,-4.569],[103.485,-4.579],[103.398,-4.518],[103.464,-4.338],[103.328,-4.292],[103.305,-4.255],[103.181,-4.236],[103.076,-4.262],[103.052,-4.219],[103.061,-4.196],[102.918,-4.093],[102.916,-4.057],[102.957,-4.056],[102.997,-4.019],[102.961,-4.02],[102.912,-3.971],[102.86,-3.993],[102.816,-3.982],[102.776,-3.916],[102.619,-3.801],[102.739,-3.748],[102.752,-3.667],[102.809,-3.609],[102.794,-3.586],[102.81,-3.53],[102.86,-3.548],[102.903,-3.616],[102.947,-3.536],[102.991,-3.517],[102.989,-3.37],[102.892,-3.376],[102.895,-3.328],[102.87,-3.345],[102.813,-3.337],[102.773,-3.28],[102.744,-3.316],[102.675,-3.322],[102.636,-3.353],[102.591,-3.331],[102.56,-3.294],[102.498,-3.263],[102.492,-3.133],[102.467,-3.08],[102.39,-3.044],[102.315,-3.069],[102.257,-3.037],[102.225,-2.928],[102.133,-2.876],[102.13,-2.836],[102.072,-2.793],[102.068,-2.768],[102.235,-2.691],[102.251,-2.631],[102.277,-2.614],[102.328,-2.655],[102.387,-2.647],[102.406,-2.689],[102.468,-2.704],[102.519,-2.677],[102.599,-2.677],[102.641,-2.611],[102.716,-2.57],[102.728,-2.586],[102.796,-2.533],[102.794,-2.505],[102.875,-2.41],[102.84,-2.359],[102.877,-2.305],[102.989,-2.34],[103.034,-2.339],[103.033,-2.321],[103.055,-2.312],[103.143,-2.361],[103.212,-2.317],[103.206,-2.277],[103.18,-2.25],[103.181,-2.179],[103.207,-2.142],[103.259,-2.134],[103.297,-2.206],[103.447,-2.356],[103.466,-2.255],[103.459,-2.178],[103.528,-2.167],[103.56,-2.141],[103.531,-2.125],[103.514,-2.084],[103.552,-2.048],[103.56,-2.0],[103.51,-1.962],[103.538,-1.889],[103.626,-1.844],[103.664,-1.849],[104.342,-1.676],[104.362,-1.639],[104.429,-1.626],[104.514,-1.674],[104.541,-1.736],[104.54,-1.783],[104.465,-1.859],[104.473,-1.876],[104.464,-1.927],[104.473,-1.964],[104.469,-1.915],[104.487,-1.907],[104.506,-1.962],[104.574,-1.999],[104.616,-1.996],[104.653,-1.96],[104.687,-1.985],[104.672,-2.011],[104.682,-2.05],[104.652,-2.045],[104.63,-2.055],[104.624,-2.109],[104.595,-2.105],[104.627,-2.113],[104.637,-2.057],[104.687,-2.055],[104.691,-2.006],[104.717,-1.988],[104.844,-2.005],[104.896,-2.096],[104.905,-2.189],[104.777,-2.292],[104.747,-2.355],[104.697,-2.342],[104.73,-2.38],[104.743,-2.451],[104.72,-2.532],[104.727,-2.596],[104.756,-2.471],[104.753,-2.395],[104.826,-2.355],[104.848,-2.284],[104.917,-2.287],[104.901,-2.368],[104.934,-2.44],[104.941,-2.439],[104.926,-2.341],[104.963,-2.331],[105.004,-2.334],[105.051,-2.375],[105.081,-2.362],[105.121,-2.374],[105.211,-2.326],[105.297,-2.372],[105.471,-2.38],[105.568,-2.403],[105.569,-2.418],[105.619,-2.389],[105.634,-2.434],[105.604,-2.558],[105.633,-2.641],[105.689,-2.682],[105.797,-2.692],[105.798,-2.877],[105.832,-2.929],[105.902,-2.974],[105.979,-2.953],[106.051,-2.987],[106.071,-3.065],[106.06,-3.119],[106.098,-3.228],[106.088,-3.256],[105.933,-3.361],[105.834,-3.568],[105.83,-3.712],[105.85,-3.749],[105.865,-3.738],[105.907,-3.761],[105.96,-3.823],[105.872,-4.012],[105.848,-4.165],[105.777,-4.113],[105.747,-4.15],[105.702,-4.14],[105.711,-4.108],[105.687,-4.101],[105.684,-4.079],[105.651,-4.086],[105.661,-4.048],[105.607,-4.058],[105.631,-4.006],[105.59,-3.954],[105.611,-3.941],[105.563,-3.929],[105.574,-3.901],[105.548,-3.882],[105.523,-3.893],[105.524,-3.84],[105.432,-3.826],[105.436,-3.787],[105.421,-3.779],[105.359,-3.797],[105.342,-3.731],[105.324,-3.727],[105.305,-3.792],[105.284,-3.798],[105.292,-3.846],[105.276,-3.879],[105.244,-3.906],[105.205,-3.891],[105.165,-3.938],[105.139,-3.934],[105.142,-3.973],[105.106,-4.018],[105.12,-4.048],[105.095,-4.047],[105.063,-4.127],[105.013,-4.174],[104.967,-4.172],[104.793,-4.265],[104.76,-4.245],[104.663,-4.261],[104.623,-4.242],[104.621,-4.213],[104.384,-4.348],[104.336,-4.423],[104.333,-4.5],[104.314,-4.523],[104.334,-4.605],[104.295,-4.646],[104.287,-4.683],[104.295,-4.705],[104.316,-4.692],[104.295,-4.713],[104.329,-4.812],[104.372,-4.818],[104.333,-4.872],[104.313,-4.884],[104.287,-4.856],[104.244,-4.882],[104.194,-4.862],[104.174,-4.908],[104.144,-4.925],[104.089,-4.917],[104.058,-4.89],[103.96,-4.911],[103.935,-4.885]]],[[[104.926,-2.354],[104.929,-2.398],[104.926,-2.401],[104.913,-2.366],[104.926,-2.354]]],[[[104.755,-2.344],[104.772,-2.312],[104.757,-2.352],[104.755,-2.344]]],[[[104.61,-1.953],[104.619,-1.979],[104.584,-1.994],[104.507,-1.955],[104.541,-1.851],[104.594,-1.868],[104.644,-1.914],[104.61,-1.953]]],[[[104.549,-1.805],[104.567,-1.732],[104.585,-1.726],[104.606,-1.806],[104.549,-1.805]]]]}},{"type":"Feature","properties":{"id":"BBL","name":"Kepulauan Bangka Belitung","region":"Sumatra","tz":"WIB","population_m":1.49,"districts":7,"center":[107.9051,-2.8992],"bbox":[105.108,-3.417,108.848,-1.502]},"geometry":{"type":"MultiPolygon","coordinates":[[[[108.847,-2.493],[108.848,-2.498],[108.846,-2.495],[108.847,-2.493]]],[[[108.83,-2.521],[108.83,-2.518],[108.834,-2.525],[108.83,-2.521]]],[[[108.769,-2.571],[108.767,-2.574],[108.764,-2.566],[108.769,-2.571]]],[[[108.749,-2.574],[108.75,-2.573],[108.75,-2.576],[108.749,-2.574]]],[[[108.741,-2.591],[108.726,-2.589],[108.727,-2.582],[108.741,-2.591]]],[[[108.715,-2.585],[108.716,-2.583],[108.716,-2.588],[108.715,-2.585]]],[[[108.616,-2.592],[108.618,-2.59],[108.618,-2.593],[108.616,-2.592]]],[[[108.565,-2.58],[108.569,-2.567],[108.569,-2.581],[108.565,-2.58]]],[[[108.569,-2.543],[108.568,-2.546],[108.567,-2.545],[108.569,-2.543]]],[[[108.564,-2.553],[108.565,-2.556],[108.562,-2.555],[108.564,-2.553]]],[[[108.537,-2.513],[108.548,-2.497],[108.542,-2.513],[108.537,-2.513]]],[[[108.526,-2.512],[108.528,-2.514],[108.526,-2.514],[108.526,-2.512]]],[[[108.492,-2.633],[108.499,-2.634],[108.498,-2.639],[108.492,-2.633]]],[[[108.491,-2.679],[108.492,-2.681],[108.489,-2.679],[108.491,-2.679]]],[[[108.462,-3.307],[108.465,-3.308],[108.463,-3.31],[108.462,-3.307]]],[[[108.462,-3.312],[108.46,-3.317],[108.459,-3.314],[108.462,-3.312]]],[[[108.462,-3.324],[108.46,-3.324],[108.461,-3.322],[108.462,-3.324]]],[[[108.438,-3.33],[108.447,-3.332],[108.445,-3.341],[108.438,-3.33]]],[[[108.432,-2.712],[108.428,-2.709],[108.432,-2.709],[108.432,-2.712]]],[[[108.42,-2.671],[108.426,-2.672],[108.425,-2.675],[108.42,-2.671]]],[[[108.417,-2.683],[108.415,-2.691],[108.413,-2.682],[108.417,-2.683]]],[[[108.42,-2.793],[108.412,-2.788],[108.414,-2.786],[108.42,-2.793]]],[[[108.414,-3.312],[108.408,-3.309],[108.414,-3.301],[108.414,-3.312]]],[[[108.405,-3.319],[108.404,-3.321],[108.403,-3.319],[108.405,-3.319]]],[[[108.401,-2.812],[108.403,-2.81],[108.404,-2.814],[108.401,-2.812]]],[[[108.396,-3.294],[108.38,-3.3],[108.395,-3.283],[108.396,-3.294]]],[[[108.391,-3.238],[108.393,-3.247],[108.39,-3.247],[108.391,-3.238]]],[[[108.381,-3.262],[108.374,-3.247],[108.385,-3.239],[108.393,-3.253],[108.381,-3.262]]],[[[108.367,-2.767],[108.369,-2.77],[108.367,-2.77],[108.367,-2.767]]],[[[108.368,-3.267],[108.364,-3.268],[108.366,-3.265],[108.368,-3.267]]],[[[108.305,-3.226],[108.307,-3.23],[108.304,-3.229],[108.305,-3.226]]],[[[108.301,-3.066],[108.298,-3.059],[108.302,-3.06],[108.301,-3.066]]],[[[107.847,-3.06],[107.8,-3.082],[107.848,-3.12],[107.828,-3.167],[107.709,-3.193],[107.64,-3.239],[107.608,-3.241],[107.585,-3.195],[107.627,-3.152],[107.627,-3.129],[107.632,-3.131],[107.635,-3.13],[107.635,-3.132],[107.636,-3.132],[107.643,-3.121],[107.636,-3.132],[107.635,-3.129],[107.628,-3.128],[107.624,-3.131],[107.594,-3.105],[107.561,-2.997],[107.6,-2.932],[107.614,-2.939],[107.623,-2.901],[107.565,-2.931],[107.531,-2.937],[107.529,-2.921],[107.598,-2.858],[107.599,-2.815],[107.581,-2.797],[107.63,-2.749],[107.638,-2.798],[107.643,-2.751],[107.631,-2.743],[107.623,-2.748],[107.628,-2.715],[107.611,-2.705],[107.646,-2.626],[107.628,-2.595],[107.669,-2.554],[107.764,-2.557],[107.795,-2.547],[107.816,-2.526],[107.838,-2.556],[107.903,-2.575],[107.92,-2.572],[107.926,-2.56],[107.959,-2.579],[107.989,-2.572],[108.01,-2.585],[108.003,-2.618],[108.03,-2.637],[108.02,-2.655],[108.016,-2.665],[108.019,-2.667],[108.03,-2.657],[108.032,-2.648],[108.032,-2.64],[108.039,-2.641],[108.042,-2.599],[108.086,-2.599],[108.153,-2.652],[108.164,-2.686],[108.171,-2.669],[108.198,-2.683],[108.271,-2.752],[108.294,-2.877],[108.253,-2.912],[108.247,-2.956],[108.209,-3.011],[108.213,-3.07],[108.18,-3.12],[108.209,-3.145],[108.185,-3.143],[108.152,-3.172],[108.08,-3.17],[108.08,-3.247],[108.014,-3.244],[107.983,-3.272],[107.963,-3.168],[107.933,-3.151],[107.93,-3.126],[107.924,-3.132],[107.905,-3.115],[107.886,-3.117],[107.889,-3.081],[107.847,-3.06]]],[[[108.276,-3.213],[108.287,-3.219],[108.277,-3.225],[108.276,-3.213]]],[[[108.278,-2.978],[108.283,-2.979],[108.28,-2.98],[108.278,-2.978]]],[[[108.279,-3.015],[108.276,-3.015],[108.277,-3.013],[108.279,-3.015]]],[[[108.275,-3.228],[108.278,-3.228],[108.276,-3.226],[108.275,-3.228]]],[[[108.273,-3.056],[108.248,-3.075],[108.238,-3.074],[108.243,-3.049],[108.273,-3.056]]],[[[108.254,-2.961],[108.254,-2.964],[108.252,-2.963],[108.254,-2.961]]],[[[108.254,-2.966],[108.252,-2.966],[108.253,-2.965],[108.254,-2.966]]],[[[108.252,-2.964],[108.25,-2.965],[108.251,-2.964],[108.252,-2.964]]],[[[108.249,-2.96],[108.249,-2.963],[108.248,-2.962],[108.249,-2.96]]],[[[108.246,-3.148],[108.246,-3.15],[108.242,-3.15],[108.246,-3.148]]],[[[108.213,-3.143],[108.213,-3.15],[108.211,-3.149],[108.213,-3.143]]],[[[108.208,-2.623],[108.207,-2.621],[108.21,-2.623],[108.208,-2.623]]],[[[108.206,-3.17],[108.198,-3.176],[108.197,-3.173],[108.206,-3.17]]],[[[108.189,-3.214],[108.198,-3.202],[108.208,-3.2],[108.189,-3.214]]],[[[108.193,-3.22],[108.198,-3.228],[108.187,-3.228],[108.193,-3.22]]],[[[108.183,-3.179],[108.185,-3.167],[108.195,-3.167],[108.183,-3.179]]],[[[108.192,-3.163],[108.195,-3.162],[108.195,-3.164],[108.192,-3.163]]],[[[108.184,-3.194],[108.184,-3.188],[108.188,-3.191],[108.184,-3.194]]],[[[108.159,-3.172],[108.163,-3.176],[108.159,-3.175],[108.159,-3.172]]],[[[108.125,-3.184],[108.132,-3.182],[108.134,-3.186],[108.125,-3.184]]],[[[108.09,-3.212],[108.089,-3.213],[108.089,-3.211],[108.09,-3.212]]],[[[108.03,-2.645],[108.031,-2.648],[108.029,-2.646],[108.03,-2.645]]],[[[108.03,-2.649],[108.027,-2.65],[108.028,-2.647],[108.03,-2.649]]],[[[108.019,-2.666],[108.026,-2.65],[108.029,-2.652],[108.019,-2.666]]],[[[107.988,-2.551],[107.991,-2.553],[107.986,-2.554],[107.988,-2.551]]],[[[107.989,-3.3],[107.988,-3.303],[107.986,-3.299],[107.989,-3.3]]],[[[107.959,-3.412],[107.962,-3.411],[107.962,-3.417],[107.959,-3.412]]],[[[107.921,-2.542],[107.923,-2.542],[107.922,-2.544],[107.921,-2.542]]],[[[107.916,-2.54],[107.919,-2.543],[107.917,-2.542],[107.916,-2.54]]],[[[107.906,-2.57],[107.909,-2.569],[107.909,-2.571],[107.906,-2.57]]],[[[107.887,-3.122],[107.894,-3.126],[107.89,-3.128],[107.887,-3.122]]],[[[107.855,-2.543],[107.87,-2.544],[107.859,-2.549],[107.855,-2.543]]],[[[107.856,-3.127],[107.84,-3.11],[107.848,-3.098],[107.863,-3.107],[107.856,-3.127]]],[[[107.845,-2.534],[107.845,-2.536],[107.844,-2.535],[107.845,-2.534]]],[[[107.836,-2.534],[107.839,-2.533],[107.842,-2.534],[107.836,-2.534]]],[[[107.81,-2.525],[107.811,-2.525],[107.81,-2.526],[107.81,-2.525]]],[[[107.796,-2.542],[107.797,-2.544],[107.795,-2.543],[107.796,-2.542]]],[[[107.759,-3.25],[107.765,-3.251],[107.762,-3.253],[107.759,-3.25]]],[[[107.753,-3.249],[107.754,-3.248],[107.755,-3.249],[107.753,-3.249]]],[[[107.731,-3.272],[107.734,-3.274],[107.731,-3.273],[107.731,-3.272]]],[[[107.724,-3.353],[107.729,-3.35],[107.732,-3.353],[107.724,-3.353]]],[[[107.722,-3.228],[107.722,-3.225],[107.723,-3.229],[107.722,-3.228]]],[[[107.705,-2.55],[107.706,-2.549],[107.706,-2.551],[107.705,-2.55]]],[[[107.701,-3.338],[107.705,-3.34],[107.701,-3.342],[107.701,-3.338]]],[[[107.69,-3.331],[107.691,-3.332],[107.69,-3.33],[107.69,-3.331]]],[[[107.676,-3.243],[107.674,-3.242],[107.674,-3.238],[107.676,-3.243]]],[[[107.669,-2.55],[107.671,-2.549],[107.67,-2.551],[107.669,-2.55]]],[[[107.651,-2.546],[107.649,-2.55],[107.65,-2.545],[107.651,-2.546]]],[[[107.65,-2.539],[107.649,-2.541],[107.648,-2.541],[107.65,-2.539]]],[[[107.647,-2.539],[107.649,-2.539],[107.648,-2.54],[107.647,-2.539]]],[[[107.645,-2.552],[107.647,-2.552],[107.646,-2.553],[107.645,-2.552]]],[[[107.646,-2.56],[107.646,-2.563],[107.644,-2.563],[107.646,-2.56]]],[[[107.627,-2.565],[107.625,-2.569],[107.624,-2.565],[107.627,-2.565]]],[[[107.619,-2.536],[107.621,-2.537],[107.618,-2.538],[107.619,-2.536]]],[[[107.608,-3.246],[107.607,-3.243],[107.609,-3.246],[107.608,-3.246]]],[[[107.603,-2.773],[107.597,-2.773],[107.603,-2.772],[107.603,-2.77],[107.603,-2.773]]],[[[107.593,-2.765],[107.6,-2.772],[107.596,-2.77],[107.593,-2.765]]],[[[107.595,-2.771],[107.595,-2.773],[107.598,-2.772],[107.595,-2.771]]],[[[107.592,-2.832],[107.593,-2.832],[107.593,-2.833],[107.592,-2.832]]],[[[107.589,-2.83],[107.589,-2.835],[107.588,-2.831],[107.589,-2.83]]],[[[107.586,-2.827],[107.589,-2.829],[107.587,-2.829],[107.586,-2.827]]],[[[107.566,-3.237],[107.566,-3.246],[107.562,-3.243],[107.566,-3.237]]],[[[107.567,-3.053],[107.565,-3.052],[107.567,-3.051],[107.567,-3.053]]],[[[107.562,-3.048],[107.555,-3.041],[107.557,-3.039],[107.562,-3.048]]],[[[107.556,-2.98],[107.559,-2.979],[107.56,-2.982],[107.556,-2.98]]],[[[107.557,-2.986],[107.555,-2.985],[107.559,-2.982],[107.557,-2.986]]],[[[107.552,-3.202],[107.539,-3.238],[107.518,-3.253],[107.517,-3.197],[107.552,-3.202]]],[[[107.545,-3.025],[107.549,-3.041],[107.542,-3.026],[107.545,-3.025]]],[[[107.536,-2.778],[107.529,-2.782],[107.53,-2.778],[107.536,-2.778]]],[[[107.538,-2.964],[107.529,-2.961],[107.53,-2.959],[107.538,-2.964]]],[[[107.526,-3.005],[107.516,-2.972],[107.532,-2.968],[107.526,-3.005]]],[[[107.53,-2.945],[107.514,-2.936],[107.517,-2.932],[107.53,-2.945]]],[[[107.517,-2.97],[107.516,-2.961],[107.53,-2.967],[107.517,-2.97]]],[[[107.519,-2.951],[107.519,-2.949],[107.52,-2.951],[107.519,-2.951]]],[[[107.507,-3.003],[107.504,-3.017],[107.498,-2.999],[107.507,-3.003]]],[[[107.507,-2.999],[107.499,-2.974],[107.502,-2.97],[107.507,-2.999]]],[[[107.509,-3.035],[107.506,-3.036],[107.507,-3.033],[107.509,-3.035]]],[[[107.483,-2.863],[107.5,-2.844],[107.506,-2.843],[107.494,-2.876],[107.483,-2.863]]],[[[107.478,-2.825],[107.493,-2.828],[107.487,-2.844],[107.478,-2.825]]],[[[107.504,-3.0],[107.503,-2.998],[107.505,-3.0],[107.504,-3.0]]],[[[107.502,-3.045],[107.487,-3.031],[107.499,-3.026],[107.502,-3.045]]],[[[107.496,-3.06],[107.495,-3.061],[107.493,-3.06],[107.496,-3.06]]],[[[107.479,-2.932],[107.488,-2.93],[107.482,-2.945],[107.479,-2.932]]],[[[107.468,-2.822],[107.451,-2.854],[107.486,-2.85],[107.472,-2.903],[107.432,-2.921],[107.431,-2.93],[107.411,-2.918],[107.424,-2.93],[107.412,-2.945],[107.339,-2.882],[107.377,-2.882],[107.381,-2.848],[107.424,-2.826],[107.468,-2.822]]],[[[107.474,-2.832],[107.476,-2.833],[107.475,-2.834],[107.474,-2.832]]],[[[107.471,-2.846],[107.473,-2.845],[107.473,-2.846],[107.471,-2.846]]],[[[107.469,-2.924],[107.456,-2.979],[107.436,-2.984],[107.432,-2.939],[107.469,-2.924]]],[[[107.431,-2.806],[107.401,-2.834],[107.371,-2.821],[107.398,-2.818],[107.383,-2.8],[107.4,-2.793],[107.431,-2.806]]],[[[107.433,-2.923],[107.434,-2.926],[107.432,-2.926],[107.433,-2.923]]],[[[107.432,-2.936],[107.431,-2.938],[107.43,-2.937],[107.432,-2.936]]],[[[107.391,-3.056],[107.395,-3.053],[107.394,-3.058],[107.391,-3.056]]],[[[107.383,-3.047],[107.386,-3.047],[107.386,-3.057],[107.383,-3.047]]],[[[107.372,-2.802],[107.37,-2.806],[107.366,-2.804],[107.372,-2.802]]],[[[107.366,-3.061],[107.368,-3.062],[107.367,-3.063],[107.366,-3.061]]],[[[107.361,-3.078],[107.362,-3.082],[107.36,-3.083],[107.361,-3.078]]],[[[107.359,-3.053],[107.359,-3.06],[107.358,-3.056],[107.359,-3.053]]],[[[107.349,-3.047],[107.348,-3.046],[107.35,-3.047],[107.349,-3.047]]],[[[107.275,-3.001],[107.27,-2.998],[107.272,-2.995],[107.275,-3.001]]],[[[107.226,-2.991],[107.243,-2.989],[107.229,-2.997],[107.226,-2.991]]],[[[107.222,-2.963],[107.236,-2.957],[107.228,-2.965],[107.222,-2.963]]],[[[107.21,-3.321],[107.213,-3.315],[107.212,-3.322],[107.21,-3.321]]],[[[107.173,-3.031],[107.166,-3.027],[107.176,-3.028],[107.173,-3.031]]],[[[107.151,-3.032],[107.15,-3.039],[107.146,-3.037],[107.151,-3.032]]],[[[107.134,-2.988],[107.13,-2.982],[107.134,-2.979],[107.134,-2.988]]],[[[107.105,-2.987],[107.106,-2.991],[107.104,-2.991],[107.105,-2.987]]],[[[107.054,-2.82],[107.092,-2.86],[107.084,-2.912],[107.019,-2.878],[107.054,-2.82]]],[[[107.088,-2.851],[107.095,-2.854],[107.092,-2.856],[107.088,-2.851]]],[[[107.017,-2.874],[107.018,-2.873],[107.016,-2.877],[107.017,-2.874]]],[[[106.804,-2.886],[106.911,-2.944],[106.88,-3.008],[106.895,-3.032],[106.822,-3.032],[106.709,-2.967],[106.732,-2.925],[106.804,-2.886]]],[[[106.851,-2.859],[106.829,-2.851],[106.832,-2.846],[106.854,-2.844],[106.851,-2.859]]],[[[106.619,-2.832],[106.595,-2.948],[106.675,-2.975],[106.694,-3.003],[106.741,-3.007],[106.74,-3.085],[106.659,-3.102],[106.643,-3.083],[106.585,-3.077],[106.554,-3.109],[106.514,-3.117],[106.491,-3.091],[106.491,-3.05],[106.441,-3.012],[106.424,-2.971],[106.336,-2.968],[106.284,-2.905],[106.183,-2.871],[106.142,-2.876],[106.095,-2.837],[105.95,-2.82],[105.955,-2.788],[105.919,-2.744],[105.887,-2.644],[105.891,-2.588],[105.938,-2.53],[105.933,-2.47],[105.88,-2.424],[105.835,-2.413],[105.803,-2.367],[105.826,-2.311],[105.788,-2.252],[105.792,-2.177],[105.759,-2.144],[105.649,-2.117],[105.59,-2.124],[105.572,-2.094],[105.513,-2.083],[105.447,-2.135],[105.419,-2.118],[105.351,-2.12],[105.296,-2.154],[105.229,-2.066],[105.131,-2.085],[105.108,-2.024],[105.132,-1.981],[105.125,-1.959],[105.318,-1.864],[105.388,-1.797],[105.389,-1.736],[105.322,-1.698],[105.368,-1.68],[105.342,-1.669],[105.344,-1.649],[105.389,-1.636],[105.389,-1.601],[105.42,-1.607],[105.461,-1.564],[105.537,-1.565],[105.564,-1.528],[105.605,-1.53],[105.64,-1.642],[105.724,-1.644],[105.661,-1.714],[105.642,-1.71],[105.656,-1.747],[105.694,-1.781],[105.774,-1.767],[105.801,-1.814],[105.826,-1.803],[105.779,-1.744],[105.754,-1.728],[105.74,-1.686],[105.767,-1.651],[105.733,-1.632],[105.741,-1.613],[105.703,-1.528],[105.815,-1.531],[105.916,-1.502],[105.913,-1.54],[105.952,-1.56],[105.981,-1.551],[106.049,-1.6],[106.054,-1.619],[106.033,-1.614],[106.023,-1.632],[106.029,-1.682],[106.095,-1.757],[106.087,-1.776],[106.127,-1.801],[106.135,-1.855],[106.186,-1.896],[106.149,-1.979],[106.164,-2.068],[106.151,-2.083],[106.203,-2.183],[106.232,-2.316],[106.299,-2.421],[106.372,-2.473],[106.447,-2.473],[106.498,-2.504],[106.849,-2.572],[106.833,-2.59],[106.824,-2.589],[106.807,-2.595],[106.802,-2.595],[106.824,-2.588],[106.809,-2.579],[106.773,-2.608],[106.763,-2.598],[106.708,-2.643],[106.619,-2.832]]],[[[106.788,-2.833],[106.803,-2.84],[106.781,-2.843],[106.788,-2.833]]],[[[106.76,-2.886],[106.777,-2.888],[106.763,-2.897],[106.76,-2.886]]],[[[106.766,-2.901],[106.77,-2.904],[106.766,-2.903],[106.766,-2.901]]],[[[106.737,-2.865],[106.735,-2.904],[106.718,-2.894],[106.737,-2.865]]],[[[106.71,-2.993],[106.695,-2.977],[106.713,-2.982],[106.71,-2.993]]],[[[106.705,-2.967],[106.703,-2.968],[106.704,-2.964],[106.705,-2.967]]],[[[106.695,-2.973],[106.697,-2.973],[106.696,-2.975],[106.695,-2.973]]],[[[106.692,-2.96],[106.697,-2.964],[106.691,-2.966],[106.692,-2.96]]],[[[106.674,-2.959],[106.677,-2.969],[106.666,-2.961],[106.674,-2.959]]],[[[106.448,-2.284],[106.445,-2.288],[106.448,-2.28],[106.448,-2.284]]],[[[106.382,-2.253],[106.381,-2.254],[106.375,-2.253],[106.382,-2.253]]],[[[106.37,-2.253],[106.37,-2.252],[106.373,-2.254],[106.37,-2.253]]],[[[106.356,-2.259],[106.362,-2.254],[106.347,-2.258],[106.356,-2.259]]],[[[106.327,-2.269],[106.327,-2.262],[106.329,-2.263],[106.327,-2.269]]],[[[106.297,-2.157],[106.292,-2.157],[106.298,-2.154],[106.297,-2.157]]],[[[106.257,-2.163],[106.27,-2.15],[106.278,-2.15],[106.257,-2.163]]],[[[105.813,-1.796],[105.806,-1.805],[105.808,-1.795],[105.813,-1.796]]],[[[105.791,-2.423],[105.782,-2.401],[105.786,-2.398],[105.803,-2.408],[105.791,-2.423]]],[[[105.762,-1.737],[105.768,-1.737],[105.769,-1.743],[105.762,-1.737]]],[[[105.76,-2.392],[105.766,-2.393],[105.763,-2.396],[105.76,-2.392]]],[[[105.754,-2.389],[105.749,-2.388],[105.751,-2.386],[105.754,-2.389]]],[[[105.738,-1.682],[105.735,-1.684],[105.735,-1.682],[105.738,-1.682]]]]}},{"type":"Feature","properties":{"id":"BKL","name":"Bengkulu","region":"Sumatra","tz":"WIB","population_m":2.09,"districts":10,"center":[102.4734,-3.6029],"bbox":[101.023,-5.515,103.763,-2.277]},"geometry":{"type":"MultiPolygon","coordinates":[[[[102.265,-3.916],[102.303,-3.874],[102.248,-3.793],[102.261,-3.761],[102.223,-3.667],[102.076,-3.552],[101.926,-3.479],[101.91,-3.439],[101.614,-3.238],[101.521,-3.116],[101.479,-3.012],[101.404,-2.927],[101.321,-2.738],[101.142,-2.628],[101.029,-2.493],[101.023,-2.478],[101.147,-2.388],[101.237,-2.342],[101.238,-2.32],[101.285,-2.277],[101.557,-2.449],[101.547,-2.571],[101.575,-2.544],[101.676,-2.533],[101.863,-2.725],[101.912,-2.739],[101.99,-2.723],[102.068,-2.768],[102.072,-2.793],[102.13,-2.836],[102.133,-2.876],[102.225,-2.928],[102.257,-3.037],[102.315,-3.069],[102.39,-3.044],[102.467,-3.08],[102.492,-3.133],[102.498,-3.263],[102.56,-3.294],[102.591,-3.331],[102.636,-3.353],[102.675,-3.322],[102.744,-3.316],[102.773,-3.28],[102.813,-3.337],[102.87,-3.345],[102.895,-3.328],[102.892,-3.376],[102.989,-3.37],[102.991,-3.517],[102.947,-3.536],[102.903,-3.616],[102.86,-3.548],[102.81,-3.53],[102.794,-3.586],[102.809,-3.609],[102.752,-3.667],[102.739,-3.748],[102.619,-3.801],[102.776,-3.916],[102.816,-3.982],[102.86,-3.993],[102.912,-3.971],[102.961,-4.02],[102.997,-4.019],[102.957,-4.056],[102.916,-4.057],[102.918,-4.093],[103.061,-4.196],[103.052,-4.219],[103.076,-4.262],[103.181,-4.236],[103.305,-4.255],[103.328,-4.292],[103.464,-4.338],[103.398,-4.518],[103.485,-4.579],[103.53,-4.569],[103.571,-4.525],[103.618,-4.533],[103.63,-4.556],[103.597,-4.595],[103.662,-4.61],[103.7,-4.672],[103.705,-4.698],[103.673,-4.732],[103.745,-4.741],[103.761,-4.775],[103.602,-4.868],[103.571,-4.926],[103.533,-4.916],[103.497,-4.874],[103.418,-4.867],[103.405,-4.82],[103.38,-4.8],[103.328,-4.808],[103.31,-4.782],[103.318,-4.759],[103.224,-4.656],[103.037,-4.534],[102.9,-4.489],[102.877,-4.431],[102.795,-4.354],[102.332,-4.01],[102.281,-3.964],[102.265,-3.916]]],[[[102.393,-5.446],[102.392,-5.441],[102.396,-5.443],[102.393,-5.446]]],[[[102.146,-5.283],[102.381,-5.386],[102.368,-5.457],[102.339,-5.457],[102.375,-5.485],[102.36,-5.505],[102.28,-5.477],[102.266,-5.512],[102.203,-5.417],[102.088,-5.358],[102.095,-5.323],[102.136,-5.313],[102.146,-5.283]]],[[[102.384,-5.472],[102.387,-5.472],[102.384,-5.476],[102.384,-5.472]]]]}},{"type":"Feature","properties":{"id":"LPG","name":"Lampung","region":"Sumatra","tz":"WIB","population_m":9.31,"districts":15,"center":[105.1127,-4.8331],"bbox":[103.571,-6.169,106.111,-3.724]},"geometry":{"type":"MultiPolygon","coordinates":[[[[106.111,-5.157],[106.11,-5.157],[106.111,-5.154],[106.111,-5.157]]],[[[106.108,-5.17],[106.11,-5.166],[106.108,-5.172],[106.108,-5.17]]],[[[105.255,-5.5],[105.265,-5.52],[105.255,-5.526],[105.249,-5.514],[105.243,-5.516],[105.245,-5.547],[105.261,-5.545],[105.239,-5.565],[105.244,-5.588],[105.204,-5.577],[105.166,-5.604],[105.188,-5.648],[105.209,-5.646],[105.178,-5.67],[105.219,-5.719],[105.18,-5.721],[105.155,-5.754],[105.173,-5.778],[105.215,-5.77],[105.22,-5.79],[105.152,-5.809],[105.117,-5.775],[105.089,-5.795],[105.108,-5.773],[105.089,-5.775],[105.094,-5.756],[105.063,-5.764],[105.054,-5.744],[105.029,-5.753],[105.006,-5.717],[104.96,-5.717],[104.951,-5.694],[104.937,-5.702],[104.906,-5.676],[104.929,-5.666],[104.885,-5.666],[104.777,-5.605],[104.707,-5.521],[104.607,-5.491],[104.567,-5.506],[104.53,-5.544],[104.648,-5.699],[104.645,-5.743],[104.71,-5.831],[104.698,-5.878],[104.733,-5.927],[104.585,-5.943],[104.553,-5.919],[104.576,-5.904],[104.565,-5.867],[104.453,-5.764],[104.421,-5.712],[104.301,-5.642],[104.32,-5.615],[104.299,-5.576],[104.069,-5.408],[104.027,-5.359],[104.028,-5.334],[103.995,-5.318],[104.009,-5.289],[103.987,-5.257],[103.905,-5.23],[103.936,-5.183],[103.929,-5.139],[103.867,-5.111],[103.788,-5.033],[103.748,-5.044],[103.746,-4.989],[103.71,-4.961],[103.665,-4.992],[103.64,-4.933],[103.571,-4.926],[103.602,-4.868],[103.767,-4.773],[103.864,-4.844],[103.875,-4.884],[103.853,-4.923],[103.885,-4.928],[103.916,-4.96],[103.915,-4.914],[103.943,-4.897],[104.014,-4.908],[104.058,-4.89],[104.089,-4.917],[104.152,-4.925],[104.194,-4.862],[104.244,-4.882],[104.287,-4.856],[104.313,-4.884],[104.333,-4.872],[104.372,-4.818],[104.329,-4.812],[104.295,-4.713],[104.316,-4.692],[104.295,-4.705],[104.287,-4.683],[104.295,-4.646],[104.334,-4.605],[104.314,-4.523],[104.333,-4.5],[104.336,-4.423],[104.384,-4.348],[104.621,-4.213],[104.623,-4.242],[104.663,-4.261],[104.76,-4.245],[104.793,-4.265],[104.967,-4.172],[105.013,-4.174],[105.063,-4.127],[105.095,-4.047],[105.12,-4.048],[105.106,-4.018],[105.142,-3.973],[105.139,-3.934],[105.165,-3.938],[105.205,-3.891],[105.244,-3.906],[105.276,-3.879],[105.292,-3.846],[105.284,-3.798],[105.305,-3.792],[105.319,-3.732],[105.336,-3.725],[105.359,-3.797],[105.421,-3.779],[105.436,-3.787],[105.432,-3.826],[105.524,-3.84],[105.523,-3.893],[105.548,-3.882],[105.574,-3.901],[105.563,-3.929],[105.611,-3.941],[105.59,-3.954],[105.631,-4.006],[105.607,-4.058],[105.661,-4.048],[105.651,-4.086],[105.684,-4.079],[105.687,-4.101],[105.711,-4.108],[105.702,-4.14],[105.747,-4.15],[105.777,-4.113],[105.808,-4.123],[105.827,-4.189],[105.825,-4.343],[105.859,-4.378],[105.853,-4.407],[105.892,-4.44],[105.913,-4.437],[105.905,-4.55],[105.884,-4.59],[105.917,-4.647],[105.898,-4.685],[105.876,-4.683],[105.861,-4.797],[105.902,-4.937],[105.874,-4.964],[105.859,-5.038],[105.863,-5.258],[105.821,-5.322],[105.815,-5.553],[105.829,-5.59],[105.78,-5.836],[105.717,-5.909],[105.705,-5.849],[105.614,-5.836],[105.585,-5.806],[105.589,-5.737],[105.554,-5.699],[105.558,-5.668],[105.523,-5.697],[105.412,-5.624],[105.306,-5.452],[105.255,-5.461],[105.255,-5.5]]],[[[105.793,-5.846],[105.795,-5.846],[105.794,-5.847],[105.793,-5.846]]],[[[105.792,-5.849],[105.773,-5.862],[105.785,-5.847],[105.792,-5.849]]],[[[105.788,-5.884],[105.783,-5.89],[105.775,-5.885],[105.788,-5.884]]],[[[105.776,-5.847],[105.775,-5.846],[105.777,-5.845],[105.776,-5.847]]],[[[105.771,-5.874],[105.773,-5.873],[105.772,-5.875],[105.771,-5.874]]],[[[105.768,-5.883],[105.773,-5.879],[105.771,-5.884],[105.768,-5.883]]],[[[105.77,-5.873],[105.767,-5.872],[105.77,-5.871],[105.77,-5.873]]],[[[105.747,-5.899],[105.757,-5.884],[105.764,-5.879],[105.767,-5.889],[105.747,-5.899]]],[[[105.737,-5.889],[105.74,-5.889],[105.74,-5.891],[105.737,-5.889]]],[[[105.533,-5.847],[105.529,-5.894],[105.504,-5.903],[105.492,-5.877],[105.505,-5.857],[105.533,-5.847]]],[[[105.542,-5.885],[105.539,-5.883],[105.539,-5.879],[105.542,-5.885]]],[[[105.495,-5.921],[105.516,-5.941],[105.516,-5.948],[105.507,-5.963],[105.496,-5.971],[105.463,-5.954],[105.495,-5.921]]],[[[105.465,-6.088],[105.451,-6.107],[105.451,-6.08],[105.465,-6.088]]],[[[105.46,-6.158],[105.428,-6.165],[105.42,-6.142],[105.458,-6.136],[105.46,-6.158]]],[[[105.457,-5.885],[105.452,-5.885],[105.452,-5.88],[105.457,-5.885]]],[[[105.416,-6.101],[105.435,-6.103],[105.425,-6.111],[105.416,-6.101]]],[[[105.361,-6.113],[105.385,-6.078],[105.404,-6.073],[105.361,-6.113]]],[[[105.364,-5.549],[105.36,-5.548],[105.364,-5.547],[105.364,-5.549]]],[[[105.361,-5.546],[105.357,-5.545],[105.36,-5.545],[105.361,-5.546]]],[[[105.356,-5.547],[105.354,-5.548],[105.352,-5.547],[105.356,-5.547]]],[[[105.342,-5.823],[105.348,-5.819],[105.346,-5.826],[105.342,-5.823]]],[[[105.333,-5.834],[105.332,-5.834],[105.333,-5.833],[105.333,-5.834]]],[[[105.333,-5.808],[105.332,-5.807],[105.333,-5.806],[105.333,-5.808]]],[[[105.312,-5.783],[105.328,-5.822],[105.306,-5.794],[105.312,-5.783]]],[[[105.314,-5.83],[105.318,-5.823],[105.322,-5.828],[105.314,-5.83]]],[[[105.317,-5.819],[105.318,-5.82],[105.316,-5.82],[105.317,-5.819]]],[[[105.314,-5.814],[105.313,-5.814],[105.313,-5.813],[105.314,-5.814]]],[[[105.308,-5.814],[105.28,-5.84],[105.228,-5.83],[105.279,-5.813],[105.291,-5.787],[105.308,-5.814]]],[[[105.292,-5.843],[105.29,-5.843],[105.291,-5.842],[105.292,-5.843]]],[[[105.281,-5.562],[105.27,-5.572],[105.27,-5.562],[105.281,-5.562]]],[[[105.28,-5.791],[105.277,-5.793],[105.278,-5.79],[105.28,-5.791]]],[[[105.273,-5.514],[105.271,-5.515],[105.271,-5.51],[105.273,-5.514]]],[[[105.266,-5.519],[105.267,-5.52],[105.266,-5.52],[105.266,-5.519]]],[[[105.267,-5.465],[105.263,-5.463],[105.265,-5.462],[105.267,-5.465]]],[[[105.264,-5.544],[105.262,-5.544],[105.263,-5.543],[105.264,-5.544]]],[[[105.257,-5.487],[105.258,-5.485],[105.259,-5.486],[105.257,-5.487]]],[[[105.244,-5.595],[105.242,-5.591],[105.253,-5.599],[105.244,-5.595]]],[[[105.244,-5.794],[105.249,-5.793],[105.247,-5.797],[105.244,-5.794]]],[[[105.244,-5.673],[105.24,-5.675],[105.241,-5.672],[105.244,-5.673]]],[[[105.234,-5.64],[105.213,-5.638],[105.213,-5.622],[105.224,-5.617],[105.234,-5.64]]],[[[105.24,-5.668],[105.227,-5.687],[105.208,-5.685],[105.212,-5.663],[105.24,-5.668]]],[[[105.23,-5.729],[105.232,-5.732],[105.227,-5.732],[105.23,-5.729]]],[[[105.221,-5.728],[105.22,-5.732],[105.217,-5.728],[105.221,-5.728]]],[[[105.207,-5.73],[105.214,-5.734],[105.204,-5.734],[105.207,-5.73]]],[[[105.177,-5.752],[105.182,-5.756],[105.176,-5.754],[105.177,-5.752]]],[[[105.177,-5.747],[105.172,-5.746],[105.173,-5.744],[105.177,-5.747]]],[[[104.851,-5.801],[104.855,-5.84],[104.814,-5.825],[104.783,-5.766],[104.851,-5.801]]],[[[103.847,-5.116],[103.851,-5.126],[103.839,-5.122],[103.847,-5.116]]]]}},{"type":"Feature","properties":{"id":"JKT","name":"DKI Jakarta","region":"Jabodetabek","tz":"WIB","population_m":10.67,"districts":6,"center":[106.8452,-6.2291],"bbox":[106.391,-6.371,106.973,-5.202]},"geometry":{"type":"MultiPolygon","coordinates":[[[[106.849,-6.336],[106.793,-6.364],[106.809,-6.315],[106.777,-6.315],[106.745,-6.231],[106.718,-6.224],[106.724,-6.192],[106.689,-6.172],[106.687,-6.097],[106.725,-6.089],[106.785,-6.111],[106.804,-6.095],[106.812,-6.123],[106.841,-6.124],[106.873,-6.104],[106.865,-6.112],[106.866,-6.12],[106.882,-6.094],[106.907,-6.109],[106.969,-6.092],[106.966,-6.207],[106.944,-6.252],[106.904,-6.262],[106.922,-6.303],[106.916,-6.363],[106.883,-6.37],[106.849,-6.336]]],[[[106.878,-6.095],[106.877,-6.1],[106.877,-6.095],[106.878,-6.095]]],[[[106.846,-5.984],[106.848,-5.984],[106.848,-5.986],[106.846,-5.984]]],[[[106.847,-5.957],[106.841,-5.957],[106.843,-5.955],[106.847,-5.957]]],[[[106.782,-6.005],[106.78,-6.003],[106.783,-6.003],[106.782,-6.005]]],[[[106.746,-6.035],[106.748,-6.037],[106.747,-6.037],[106.746,-6.035]]],[[[106.733,-6.032],[106.737,-6.033],[106.735,-6.035],[106.733,-6.032]]],[[[106.711,-5.696],[106.713,-5.693],[106.713,-5.695],[106.711,-5.696]]],[[[106.711,-5.976],[106.705,-5.979],[106.702,-5.976],[106.711,-5.976]]],[[[106.69,-5.975],[106.695,-5.972],[106.695,-5.978],[106.69,-5.975]]],[[[106.681,-5.687],[106.678,-5.69],[106.679,-5.687],[106.681,-5.687]]],[[[106.633,-5.942],[106.633,-5.946],[106.628,-5.943],[106.633,-5.942]]],[[[106.615,-5.856],[106.623,-5.857],[106.61,-5.864],[106.615,-5.856]]],[[[106.62,-5.853],[106.619,-5.855],[106.621,-5.852],[106.62,-5.853]]],[[[106.612,-5.749],[106.616,-5.742],[106.612,-5.749],[106.612,-5.749]]],[[[106.603,-5.86],[106.606,-5.857],[106.607,-5.859],[106.603,-5.86]]],[[[106.602,-5.737],[106.604,-5.743],[106.598,-5.738],[106.602,-5.737]]],[[[106.601,-5.736],[106.599,-5.735],[106.603,-5.734],[106.601,-5.736]]],[[[106.602,-5.857],[106.6,-5.856],[106.6,-5.855],[106.602,-5.857]]],[[[106.593,-5.939],[106.593,-5.935],[106.597,-5.938],[106.593,-5.939]]],[[[106.596,-5.58],[106.593,-5.58],[106.595,-5.579],[106.596,-5.58]]],[[[106.592,-5.584],[106.59,-5.587],[106.588,-5.586],[106.592,-5.584]]],[[[106.588,-5.934],[106.587,-5.927],[106.59,-5.932],[106.588,-5.934]]],[[[106.576,-5.636],[106.575,-5.634],[106.586,-5.635],[106.576,-5.636]]],[[[106.584,-5.618],[106.584,-5.621],[106.582,-5.62],[106.584,-5.618]]],[[[106.579,-5.671],[106.58,-5.669],[106.585,-5.669],[106.579,-5.671]]],[[[106.583,-5.765],[106.582,-5.763],[106.584,-5.76],[106.583,-5.765]]],[[[106.573,-5.611],[106.583,-5.61],[106.575,-5.614],[106.573,-5.611]]],[[[106.581,-5.577],[106.581,-5.574],[106.583,-5.575],[106.581,-5.577]]],[[[106.576,-5.653],[106.578,-5.652],[106.581,-5.653],[106.576,-5.653]]],[[[106.579,-5.494],[106.577,-5.492],[106.58,-5.491],[106.579,-5.494]]],[[[106.568,-5.653],[106.573,-5.652],[106.564,-5.656],[106.568,-5.653]]],[[[106.568,-5.459],[106.566,-5.457],[106.573,-5.456],[106.568,-5.459]]],[[[106.569,-5.66],[106.571,-5.66],[106.565,-5.663],[106.569,-5.66]]],[[[106.57,-5.592],[106.568,-5.591],[106.57,-5.591],[106.57,-5.592]]],[[[106.559,-5.644],[106.567,-5.643],[106.557,-5.646],[106.559,-5.644]]],[[[106.562,-5.593],[106.561,-5.594],[106.557,-5.595],[106.562,-5.593]]],[[[106.559,-5.77],[106.561,-5.769],[106.56,-5.772],[106.559,-5.77]]],[[[106.56,-5.572],[106.556,-5.572],[106.557,-5.571],[106.56,-5.572]]],[[[106.553,-5.461],[106.557,-5.464],[106.553,-5.465],[106.553,-5.461]]],[[[106.557,-5.82],[106.555,-5.823],[106.548,-5.82],[106.557,-5.82]]],[[[106.549,-5.499],[106.557,-5.5],[106.543,-5.505],[106.549,-5.499]]],[[[106.549,-5.62],[106.555,-5.614],[106.556,-5.617],[106.549,-5.62]]],[[[106.552,-5.59],[106.551,-5.589],[106.556,-5.589],[106.552,-5.59]]],[[[106.55,-5.569],[106.551,-5.569],[106.55,-5.57],[106.55,-5.569]]],[[[106.549,-5.583],[106.547,-5.58],[106.551,-5.577],[106.549,-5.583]]],[[[106.545,-5.623],[106.548,-5.624],[106.544,-5.624],[106.545,-5.623]]],[[[106.546,-5.588],[106.544,-5.587],[106.548,-5.587],[106.546,-5.588]]],[[[106.544,-5.606],[106.544,-5.604],[106.547,-5.604],[106.544,-5.606]]],[[[106.545,-5.462],[106.546,-5.462],[106.545,-5.463],[106.545,-5.462]]],[[[106.543,-5.555],[106.541,-5.552],[106.546,-5.552],[106.543,-5.555]]],[[[106.544,-5.529],[106.541,-5.528],[106.544,-5.528],[106.544,-5.529]]],[[[106.543,-5.591],[106.544,-5.592],[106.542,-5.592],[106.543,-5.591]]],[[[106.54,-5.702],[106.534,-5.7],[106.544,-5.7],[106.54,-5.702]]],[[[106.543,-5.572],[106.541,-5.571],[106.543,-5.57],[106.543,-5.572]]],[[[106.537,-5.513],[106.534,-5.512],[106.538,-5.51],[106.537,-5.513]]],[[[106.535,-5.534],[106.536,-5.535],[106.53,-5.537],[106.535,-5.534]]],[[[106.535,-5.502],[106.532,-5.502],[106.532,-5.501],[106.535,-5.502]]],[[[106.531,-5.556],[106.53,-5.555],[106.532,-5.554],[106.531,-5.556]]],[[[106.522,-5.804],[106.516,-5.802],[106.531,-5.804],[106.522,-5.804]]],[[[106.53,-5.55],[106.526,-5.55],[106.53,-5.549],[106.53,-5.55]]],[[[106.525,-5.567],[106.528,-5.57],[106.525,-5.568],[106.525,-5.567]]],[[[106.529,-5.514],[106.526,-5.513],[106.527,-5.512],[106.529,-5.514]]],[[[106.525,-5.557],[106.528,-5.556],[106.526,-5.557],[106.525,-5.557]]],[[[106.524,-5.479],[106.522,-5.478],[106.528,-5.475],[106.524,-5.479]]],[[[106.524,-5.522],[106.526,-5.521],[106.526,-5.522],[106.524,-5.522]]],[[[106.522,-5.959],[106.52,-5.955],[106.523,-5.954],[106.522,-5.959]]],[[[106.519,-5.549],[106.521,-5.548],[106.519,-5.551],[106.519,-5.549]]],[[[106.512,-5.803],[106.484,-5.796],[106.478,-5.793],[106.497,-5.795],[106.512,-5.803]]],[[[106.491,-5.418],[106.492,-5.422],[106.49,-5.421],[106.491,-5.418]]],[[[106.471,-5.415],[106.47,-5.412],[106.473,-5.412],[106.471,-5.415]]],[[[106.462,-5.206],[106.46,-5.203],[106.463,-5.202],[106.462,-5.206]]],[[[106.438,-5.465],[106.438,-5.466],[106.437,-5.465],[106.438,-5.465]]],[[[106.391,-5.479],[106.395,-5.477],[106.392,-5.481],[106.391,-5.479]]]]}},{"type":"Feature","properties":{"id":"JBR","name":"Jawa Barat","region":"Java","tz":"WIB","population_m":49.86,"districts":27,"center":[107.6105,-6.871],"bbox":[106.37,-7.821,108.847,-5.918]},"geometry":{"type":"MultiPolygon","coordinates":[[[[106.884,-7.43],[106.547,-7.414],[106.444,-7.361],[106.405,-7.382],[106.398,-7.332],[106.373,-7.308],[106.373,-7.237],[106.401,-7.186],[106.457,-7.185],[106.457,-7.129],[106.545,-7.056],[106.544,-6.988],[106.525,-6.972],[106.443,-6.953],[106.393,-6.971],[106.393,-6.901],[106.431,-6.862],[106.436,-6.82],[106.526,-6.769],[106.467,-6.751],[106.429,-6.682],[106.43,-6.591],[106.401,-6.453],[106.44,-6.45],[106.455,-6.427],[106.426,-6.35],[106.469,-6.303],[106.476,-6.351],[106.499,-6.356],[106.53,-6.347],[106.532,-6.34],[106.515,-6.332],[106.516,-6.324],[106.577,-6.339],[106.594,-6.363],[106.759,-6.361],[106.779,-6.317],[106.809,-6.315],[106.795,-6.365],[106.849,-6.336],[106.883,-6.37],[106.914,-6.365],[106.922,-6.303],[106.904,-6.262],[106.944,-6.252],[106.966,-6.207],[106.97,-6.088],[107.017,-6.078],[106.989,-6.05],[107.015,-6.029],[106.984,-6.011],[107.018,-5.971],[106.991,-5.942],[107.008,-5.92],[107.095,-5.937],[107.168,-5.989],[107.28,-5.959],[107.343,-5.97],[107.476,-6.15],[107.621,-6.187],[107.668,-6.239],[107.696,-6.221],[107.733,-6.235],[107.819,-6.186],[107.85,-6.189],[107.857,-6.213],[107.891,-6.182],[107.903,-6.244],[108.128,-6.335],[108.21,-6.274],[108.202,-6.242],[108.174,-6.225],[108.32,-6.254],[108.335,-6.275],[108.349,-6.247],[108.385,-6.358],[108.448,-6.431],[108.535,-6.481],[108.562,-6.691],[108.603,-6.764],[108.629,-6.771],[108.651,-6.748],[108.677,-6.764],[108.685,-6.801],[108.75,-6.815],[108.846,-6.735],[108.825,-6.832],[108.753,-6.92],[108.76,-6.988],[108.791,-7.012],[108.771,-7.112],[108.726,-7.115],[108.675,-7.157],[108.635,-7.139],[108.592,-7.15],[108.558,-7.192],[108.581,-7.207],[108.586,-7.242],[108.556,-7.288],[108.559,-7.335],[108.599,-7.351],[108.647,-7.337],[108.676,-7.357],[108.687,-7.4],[108.723,-7.431],[108.713,-7.458],[108.755,-7.559],[108.732,-7.614],[108.8,-7.668],[108.797,-7.688],[108.777,-7.699],[108.688,-7.678],[108.659,-7.699],[108.678,-7.721],[108.67,-7.731],[108.641,-7.688],[108.515,-7.7],[108.498,-7.719],[108.503,-7.785],[108.447,-7.819],[108.3,-7.815],[107.944,-7.734],[107.847,-7.737],[107.81,-7.688],[107.691,-7.669],[107.674,-7.627],[107.606,-7.573],[107.4,-7.496],[107.248,-7.489],[106.884,-7.43]],[[107.285,-6.716],[107.251,-6.714],[107.276,-6.741],[107.253,-6.739],[107.25,-6.756],[107.266,-6.742],[107.284,-6.752],[107.261,-6.756],[107.262,-6.774],[107.251,-6.789],[107.25,-6.803],[107.252,-6.803],[107.25,-6.806],[107.252,-6.803],[107.251,-6.799],[107.253,-6.797],[107.251,-6.795],[107.255,-6.792],[107.253,-6.789],[107.274,-6.768],[107.317,-6.823],[107.319,-6.802],[107.289,-6.777],[107.295,-6.743],[107.334,-6.77],[107.332,-6.751],[107.348,-6.758],[107.352,-6.754],[107.327,-6.727],[107.343,-6.7],[107.368,-6.701],[107.336,-6.687],[107.32,-6.72],[107.28,-6.7],[107.285,-6.716]]],[[[108.685,-6.77],[108.684,-6.769],[108.686,-6.77],[108.685,-6.77]]]]}},{"type":"Feature","properties":{"id":"BTN","name":"Banten","region":"Java","tz":"WIB","population_m":12.31,"districts":8,"center":[106.1331,-6.438],"bbox":[105.1,-7.017,106.78,-5.807]},"geometry":{"type":"MultiPolygon","coordinates":[[[[105.901,-6.843],[105.774,-6.85],[105.671,-6.836],[105.538,-6.874],[105.476,-6.864],[105.437,-6.836],[105.414,-6.854],[105.393,-6.823],[105.313,-6.802],[105.262,-6.846],[105.238,-6.836],[105.244,-6.825],[105.24,-6.799],[105.211,-6.748],[105.264,-6.761],[105.33,-6.696],[105.326,-6.669],[105.37,-6.646],[105.401,-6.717],[105.39,-6.742],[105.424,-6.774],[105.43,-6.767],[105.441,-6.819],[105.469,-6.827],[105.5,-6.792],[105.507,-6.729],[105.571,-6.682],[105.569,-6.658],[105.597,-6.649],[105.618,-6.616],[105.616,-6.559],[105.65,-6.481],[105.677,-6.476],[105.674,-6.51],[105.716,-6.533],[105.783,-6.507],[105.822,-6.438],[105.82,-6.361],[105.841,-6.306],[105.825,-6.238],[105.883,-6.071],[105.983,-5.997],[106.003,-5.948],[105.992,-5.923],[106.041,-5.877],[106.101,-5.911],[106.114,-5.975],[106.098,-5.982],[106.161,-6.026],[106.224,-6.012],[106.265,-5.958],[106.327,-5.984],[106.36,-5.962],[106.364,-5.978],[106.389,-5.977],[106.404,-6.019],[106.482,-6.047],[106.522,-6.034],[106.535,-6.01],[106.587,-6.032],[106.643,-6.001],[106.709,-6.036],[106.725,-6.089],[106.687,-6.097],[106.689,-6.172],[106.724,-6.192],[106.718,-6.224],[106.745,-6.231],[106.78,-6.317],[106.771,-6.357],[106.594,-6.363],[106.577,-6.339],[106.516,-6.324],[106.53,-6.347],[106.499,-6.356],[106.476,-6.351],[106.469,-6.303],[106.426,-6.35],[106.455,-6.427],[106.44,-6.45],[106.401,-6.453],[106.43,-6.591],[106.429,-6.682],[106.467,-6.751],[106.526,-6.769],[106.436,-6.82],[106.431,-6.862],[106.393,-6.901],[106.394,-6.985],[106.307,-6.995],[106.301,-6.978],[106.242,-6.959],[106.238,-6.932],[106.106,-6.883],[106.029,-6.82],[105.924,-6.815],[105.895,-6.826],[105.901,-6.843]]],[[[106.254,-5.811],[106.271,-5.807],[106.295,-5.812],[106.283,-5.817],[106.254,-5.811]]],[[[106.216,-5.941],[106.221,-5.943],[106.216,-5.943],[106.216,-5.941]]],[[[106.156,-5.945],[106.142,-5.939],[106.139,-5.922],[106.161,-5.922],[106.156,-5.945]]],[[[106.155,-6.0],[106.155,-6.002],[106.154,-6.001],[106.155,-6.0]]],[[[106.151,-5.996],[106.15,-5.998],[106.149,-5.996],[106.151,-5.996]]],[[[106.092,-5.901],[106.093,-5.9],[106.094,-5.903],[106.092,-5.901]]],[[[105.987,-5.937],[105.991,-5.931],[105.994,-5.934],[105.987,-5.937]]],[[[105.856,-5.938],[105.851,-5.98],[105.83,-5.951],[105.856,-5.938]]],[[[105.815,-6.958],[105.772,-6.964],[105.819,-6.95],[105.815,-6.958]]],[[[105.809,-6.394],[105.806,-6.398],[105.805,-6.395],[105.809,-6.394]]],[[[105.726,-6.491],[105.72,-6.491],[105.719,-6.488],[105.726,-6.491]]],[[[105.581,-6.642],[105.583,-6.644],[105.58,-6.643],[105.581,-6.642]]],[[[105.581,-6.653],[105.579,-6.651],[105.58,-6.651],[105.581,-6.653]]],[[[105.57,-6.646],[105.571,-6.647],[105.569,-6.647],[105.57,-6.646]]],[[[105.56,-7.017],[105.525,-7.013],[105.52,-7.004],[105.554,-6.997],[105.56,-7.017]]],[[[105.555,-6.677],[105.556,-6.676],[105.558,-6.678],[105.555,-6.677]]],[[[105.444,-6.808],[105.443,-6.81],[105.443,-6.809],[105.444,-6.808]]],[[[105.436,-6.77],[105.437,-6.772],[105.435,-6.772],[105.436,-6.77]]],[[[105.435,-6.755],[105.429,-6.755],[105.429,-6.75],[105.435,-6.755]]],[[[105.423,-6.748],[105.419,-6.753],[105.419,-6.749],[105.423,-6.748]]],[[[105.425,-6.76],[105.421,-6.764],[105.423,-6.758],[105.425,-6.76]]],[[[105.423,-6.767],[105.422,-6.765],[105.423,-6.766],[105.423,-6.767]]],[[[105.419,-6.756],[105.421,-6.756],[105.421,-6.757],[105.419,-6.756]]],[[[105.419,-6.758],[105.417,-6.76],[105.418,-6.754],[105.419,-6.758]]],[[[105.261,-6.521],[105.26,-6.601],[105.243,-6.635],[105.218,-6.634],[105.184,-6.68],[105.17,-6.661],[105.195,-6.62],[105.176,-6.579],[105.159,-6.576],[105.128,-6.624],[105.113,-6.61],[105.101,-6.62],[105.186,-6.538],[105.211,-6.547],[105.261,-6.521]]],[[[105.268,-6.737],[105.248,-6.748],[105.247,-6.726],[105.268,-6.737]]],[[[105.239,-6.821],[105.239,-6.822],[105.238,-6.822],[105.239,-6.821]]],[[[105.107,-6.621],[105.107,-6.617],[105.112,-6.619],[105.107,-6.621]]]]}},{"type":"Feature","properties":{"id":"JTG","name":"Jawa Tengah","region":"Java","tz":"WIB","population_m":37.54,"districts":35,"center":[109.6774,-7.3072],"bbox":[108.556,-8.212,111.691,-5.726]},"geometry":{"type":"MultiPolygon","coordinates":[[[[110.255,-7.642],[110.118,-7.668],[110.138,-7.693],[110.13,-7.747],[110.062,-7.814],[110.031,-7.897],[109.621,-7.781],[109.467,-7.759],[109.412,-7.776],[109.387,-7.754],[109.383,-7.72],[109.29,-7.701],[109.063,-7.695],[109.02,-7.741],[109.019,-7.761],[109.044,-7.76],[109.041,-7.785],[108.863,-7.741],[108.799,-7.743],[108.785,-7.736],[108.8,-7.712],[108.783,-7.702],[108.803,-7.69],[108.8,-7.668],[108.732,-7.614],[108.755,-7.559],[108.713,-7.458],[108.723,-7.431],[108.662,-7.342],[108.583,-7.35],[108.559,-7.335],[108.556,-7.288],[108.586,-7.242],[108.562,-7.171],[108.625,-7.14],[108.693,-7.152],[108.726,-7.115],[108.771,-7.112],[108.791,-7.012],[108.76,-6.988],[108.753,-6.92],[108.825,-6.832],[108.827,-6.77],[108.834,-6.758],[108.853,-6.8],[108.93,-6.825],[109.052,-6.781],[109.069,-6.755],[109.081,-6.799],[109.067,-6.803],[109.102,-6.84],[109.273,-6.873],[109.413,-6.852],[109.517,-6.791],[109.523,-6.772],[109.574,-6.836],[109.866,-6.914],[109.969,-6.924],[110.129,-6.881],[110.175,-6.835],[110.306,-6.937],[110.424,-6.956],[110.424,-6.937],[110.436,-6.951],[110.476,-6.924],[110.521,-6.835],[110.56,-6.804],[110.575,-6.77],[110.538,-6.752],[110.56,-6.751],[110.551,-6.726],[110.584,-6.731],[110.634,-6.678],[110.656,-6.597],[110.644,-6.585],[110.662,-6.574],[110.645,-6.556],[110.684,-6.518],[110.664,-6.503],[110.69,-6.499],[110.723,-6.448],[110.836,-6.408],[110.918,-6.403],[111.047,-6.427],[111.064,-6.52],[111.144,-6.653],[111.245,-6.692],[111.357,-6.704],[111.461,-6.664],[111.492,-6.621],[111.563,-6.639],[111.691,-6.754],[111.663,-6.771],[111.658,-6.821],[111.619,-6.822],[111.608,-6.902],[111.573,-6.924],[111.572,-6.952],[111.605,-6.967],[111.622,-6.982],[111.623,-6.988],[111.613,-7.035],[111.63,-7.059],[111.611,-7.143],[111.542,-7.227],[111.488,-7.243],[111.49,-7.261],[111.452,-7.248],[111.451,-7.275],[111.438,-7.27],[111.424,-7.31],[111.457,-7.321],[111.446,-7.337],[111.463,-7.346],[111.442,-7.352],[111.464,-7.373],[111.345,-7.335],[111.345,-7.319],[111.286,-7.289],[111.244,-7.285],[111.208,-7.245],[111.15,-7.26],[111.145,-7.368],[111.119,-7.419],[111.153,-7.499],[111.153,-7.563],[111.194,-7.62],[111.182,-7.712],[111.239,-7.751],[111.29,-7.743],[111.281,-7.789],[111.319,-7.854],[111.298,-7.862],[111.267,-7.945],[111.216,-7.926],[111.192,-7.939],[111.183,-7.919],[111.144,-7.933],[111.147,-7.966],[111.123,-7.972],[111.128,-8.064],[111.093,-8.065],[111.093,-8.031],[111.077,-8.025],[111.072,-8.064],[111.036,-8.081],[110.953,-8.063],[110.908,-8.125],[110.909,-8.211],[110.837,-8.206],[110.819,-8.144],[110.799,-8.163],[110.787,-8.153],[110.779,-8.068],[110.754,-8.026],[110.786,-7.817],[110.764,-7.81],[110.756,-7.827],[110.724,-7.794],[110.692,-7.808],[110.671,-7.786],[110.658,-7.805],[110.586,-7.809],[110.583,-7.79],[110.531,-7.798],[110.492,-7.767],[110.446,-7.542],[110.304,-7.655],[110.273,-7.707],[110.255,-7.642]],[[110.828,-7.252],[110.764,-7.264],[110.781,-7.27],[110.76,-7.297],[110.775,-7.303],[110.786,-7.272],[110.818,-7.27],[110.801,-7.288],[110.817,-7.296],[110.795,-7.307],[110.839,-7.315],[110.82,-7.322],[110.836,-7.324],[110.833,-7.345],[110.837,-7.323],[110.861,-7.316],[110.829,-7.306],[110.848,-7.304],[110.825,-7.297],[110.845,-7.297],[110.832,-7.265],[110.843,-7.276],[110.854,-7.268],[110.828,-7.252]],[[110.563,-7.537],[110.586,-7.554],[110.588,-7.548],[110.563,-7.537]],[[110.347,-7.149],[110.318,-7.179],[110.34,-7.2],[110.398,-7.167],[110.347,-7.149]]],[[[111.313,-6.665],[111.316,-6.666],[111.314,-6.668],[111.313,-6.665]]],[[[111.307,-6.673],[111.306,-6.676],[111.304,-6.675],[111.307,-6.673]]],[[[111.306,-6.661],[111.305,-6.66],[111.306,-6.658],[111.306,-6.661]]],[[[111.301,-6.669],[111.305,-6.67],[111.301,-6.672],[111.301,-6.669]]],[[[111.299,-6.661],[111.302,-6.66],[111.301,-6.662],[111.299,-6.661]]],[[[111.301,-6.668],[111.299,-6.667],[111.302,-6.666],[111.301,-6.668]]],[[[111.297,-6.672],[111.3,-6.67],[111.3,-6.673],[111.297,-6.672]]],[[[110.924,-6.381],[110.92,-6.385],[110.919,-6.382],[110.924,-6.381]]],[[[110.632,-6.578],[110.625,-6.575],[110.63,-6.574],[110.632,-6.578]]],[[[110.6,-5.867],[110.599,-5.852],[110.603,-5.84],[110.6,-5.867]]],[[[110.585,-5.846],[110.584,-5.844],[110.586,-5.844],[110.585,-5.846]]],[[[110.585,-5.862],[110.579,-5.862],[110.579,-5.86],[110.585,-5.862]]],[[[110.553,-5.804],[110.561,-5.797],[110.555,-5.804],[110.553,-5.804]]],[[[110.51,-5.783],[110.514,-5.783],[110.514,-5.786],[110.51,-5.783]]],[[[110.508,-5.801],[110.51,-5.8],[110.51,-5.801],[110.508,-5.801]]],[[[110.509,-5.81],[110.507,-5.808],[110.509,-5.809],[110.509,-5.81]]],[[[110.483,-5.77],[110.495,-5.818],[110.485,-5.837],[110.468,-5.831],[110.478,-5.854],[110.447,-5.863],[110.448,-5.89],[110.431,-5.882],[110.41,-5.84],[110.476,-5.819],[110.479,-5.808],[110.472,-5.798],[110.476,-5.814],[110.45,-5.809],[110.483,-5.77]]],[[[110.485,-5.858],[110.489,-5.857],[110.486,-5.86],[110.485,-5.858]]],[[[110.455,-5.798],[110.457,-5.798],[110.454,-5.798],[110.455,-5.798]]],[[[110.426,-5.887],[110.429,-5.883],[110.433,-5.896],[110.426,-5.887]]],[[[110.403,-5.733],[110.412,-5.737],[110.407,-5.746],[110.403,-5.733]]],[[[110.411,-5.893],[110.406,-5.891],[110.411,-5.885],[110.411,-5.893]]],[[[110.373,-5.808],[110.372,-5.808],[110.376,-5.804],[110.373,-5.808]]],[[[110.355,-5.88],[110.356,-5.873],[110.358,-5.873],[110.355,-5.88]]],[[[110.342,-5.796],[110.346,-5.799],[110.342,-5.8],[110.342,-5.796]]],[[[110.254,-5.756],[110.231,-5.738],[110.249,-5.726],[110.247,-5.741],[110.254,-5.756]]],[[[110.239,-5.85],[110.239,-5.849],[110.24,-5.848],[110.239,-5.85]]],[[[110.239,-5.767],[110.239,-5.769],[110.234,-5.77],[110.239,-5.767]]],[[[110.183,-5.82],[110.191,-5.809],[110.196,-5.816],[110.183,-5.82]]],[[[110.185,-5.738],[110.191,-5.741],[110.191,-5.743],[110.185,-5.738]]],[[[110.163,-5.802],[110.163,-5.799],[110.164,-5.801],[110.163,-5.802]]]]}},{"type":"Feature","properties":{"id":"DIY","name":"DI Yogyakarta","region":"Java","tz":"WIB","population_m":3.71,"districts":5,"center":[110.4119,-7.876],"bbox":[110.003,-8.204,110.835,-7.542]},"geometry":{"type":"Polygon","coordinates":[[[110.531,-7.798],[110.583,-7.79],[110.586,-7.809],[110.658,-7.805],[110.671,-7.786],[110.692,-7.808],[110.724,-7.794],[110.756,-7.827],[110.764,-7.81],[110.786,-7.817],[110.754,-8.026],[110.779,-8.068],[110.787,-8.153],[110.799,-8.163],[110.819,-8.144],[110.829,-8.204],[110.798,-8.19],[110.706,-8.2],[110.707,-8.183],[110.436,-8.1],[110.375,-8.072],[110.344,-8.03],[110.003,-7.888],[110.042,-7.885],[110.062,-7.814],[110.13,-7.747],[110.138,-7.693],[110.118,-7.668],[110.142,-7.645],[110.263,-7.646],[110.273,-7.707],[110.304,-7.655],[110.446,-7.542],[110.492,-7.767],[110.531,-7.798]]]}},{"type":"Feature","properties":{"id":"JTM","name":"Jawa Timur","region":"Java","tz":"WIB","population_m":41.53,"districts":38,"center":[112.2781,-7.767],"bbox":[110.899,-8.78,116.27,-5.049]},"geometry":{"type":"MultiPolygon","coordinates":[[[[116.27,-6.938],[116.246,-6.95],[116.235,-6.943],[116.265,-6.935],[116.252,-6.928],[116.262,-6.932],[116.27,-6.938]]],[[[115.932,-6.955],[115.903,-6.961],[115.901,-6.952],[115.932,-6.955]]],[[[115.828,-7.206],[115.742,-7.152],[115.763,-7.129],[115.775,-7.15],[115.783,-7.109],[115.809,-7.154],[115.885,-7.164],[115.892,-7.15],[115.88,-7.16],[115.87,-7.132],[115.888,-7.12],[115.892,-7.138],[115.907,-7.103],[115.894,-7.193],[115.828,-7.206]]],[[[115.869,-6.961],[115.884,-6.951],[115.875,-6.962],[115.869,-6.961]]],[[[115.87,-7.155],[115.87,-7.157],[115.869,-7.156],[115.87,-7.155]]],[[[115.86,-7.152],[115.857,-7.145],[115.865,-7.148],[115.86,-7.152]]],[[[115.851,-7.143],[115.855,-7.146],[115.852,-7.148],[115.851,-7.143]]],[[[115.84,-7.145],[115.841,-7.141],[115.843,-7.144],[115.84,-7.145]]],[[[115.835,-7.138],[115.842,-7.14],[115.836,-7.14],[115.835,-7.138]]],[[[115.839,-7.151],[115.841,-7.151],[115.841,-7.152],[115.839,-7.151]]],[[[115.813,-7.038],[115.813,-7.032],[115.816,-7.032],[115.813,-7.038]]],[[[115.804,-7.051],[115.801,-7.06],[115.8,-7.057],[115.804,-7.051]]],[[[115.779,-6.961],[115.789,-6.936],[115.795,-6.938],[115.795,-6.956],[115.779,-6.961]]],[[[115.767,-7.13],[115.766,-7.12],[115.771,-7.124],[115.767,-7.13]]],[[[115.757,-7.112],[115.77,-7.11],[115.77,-7.115],[115.757,-7.112]]],[[[115.755,-7.108],[115.755,-7.086],[115.766,-7.089],[115.755,-7.108]]],[[[115.764,-7.116],[115.757,-7.118],[115.756,-7.115],[115.764,-7.116]]],[[[115.758,-6.975],[115.758,-6.965],[115.762,-6.969],[115.758,-6.975]]],[[[115.751,-6.485],[115.748,-6.486],[115.748,-6.481],[115.751,-6.485]]],[[[115.747,-6.934],[115.749,-6.933],[115.745,-6.936],[115.747,-6.934]]],[[[115.713,-6.633],[115.715,-6.634],[115.713,-6.635],[115.713,-6.633]]],[[[115.705,-7.074],[115.686,-7.056],[115.713,-7.063],[115.705,-7.074]]],[[[115.706,-7.011],[115.709,-7.001],[115.712,-7.005],[115.706,-7.011]]],[[[115.697,-7.027],[115.694,-7.02],[115.699,-7.024],[115.697,-7.027]]],[[[115.692,-7.011],[115.69,-7.01],[115.692,-7.009],[115.692,-7.011]]],[[[115.588,-6.94],[115.685,-7.013],[115.648,-6.997],[115.59,-6.993],[115.592,-6.978],[115.565,-6.961],[115.588,-6.94]]],[[[115.649,-7.055],[115.66,-7.04],[115.676,-7.062],[115.662,-7.066],[115.649,-7.055]]],[[[115.664,-7.009],[115.66,-7.009],[115.662,-7.007],[115.664,-7.009]]],[[[115.637,-6.933],[115.638,-6.938],[115.635,-6.936],[115.637,-6.933]]],[[[115.636,-6.67],[115.635,-6.674],[115.633,-6.675],[115.636,-6.67]]],[[[115.637,-7.059],[115.597,-7.038],[115.637,-7.036],[115.637,-7.059]]],[[[115.602,-7.001],[115.605,-7.002],[115.602,-7.002],[115.602,-7.001]]],[[[115.599,-7.002],[115.596,-7.005],[115.595,-7.004],[115.599,-7.002]]],[[[115.578,-6.991],[115.588,-6.99],[115.585,-6.996],[115.578,-6.991]]],[[[115.343,-6.832],[115.477,-6.863],[115.56,-6.906],[115.576,-6.934],[115.549,-6.966],[115.519,-6.945],[115.498,-6.949],[115.476,-6.924],[115.454,-6.932],[115.449,-6.912],[115.434,-6.948],[115.431,-6.918],[115.412,-6.943],[115.376,-6.9],[115.369,-6.929],[115.354,-6.916],[115.331,-6.931],[115.337,-6.948],[115.351,-6.937],[115.385,-6.958],[115.391,-6.976],[115.375,-6.974],[115.404,-6.989],[115.334,-6.996],[115.316,-6.97],[115.324,-6.973],[115.326,-6.962],[115.303,-6.948],[115.299,-6.956],[115.31,-6.978],[115.287,-6.97],[115.293,-7.013],[115.265,-6.991],[115.27,-6.936],[115.212,-6.943],[115.2,-6.908],[115.254,-6.862],[115.227,-6.843],[115.233,-6.833],[115.343,-6.832]]],[[[115.554,-6.963],[115.555,-6.968],[115.552,-6.968],[115.554,-6.963]]],[[[115.542,-7.025],[115.555,-7.01],[115.555,-7.016],[115.542,-7.025]]],[[[115.544,-6.561],[115.545,-6.563],[115.544,-6.563],[115.544,-6.561]]],[[[115.545,-6.979],[115.534,-7.031],[115.505,-7.012],[115.545,-6.979]]],[[[115.526,-6.958],[115.526,-6.959],[115.524,-6.958],[115.526,-6.958]]],[[[115.525,-6.957],[115.518,-6.96],[115.524,-6.953],[115.525,-6.957]]],[[[115.51,-6.947],[115.523,-6.95],[115.509,-6.949],[115.51,-6.947]]],[[[115.513,-6.602],[115.513,-6.609],[115.511,-6.611],[115.513,-6.602]]],[[[115.509,-6.951],[115.506,-6.951],[115.508,-6.949],[115.509,-6.951]]],[[[115.503,-6.958],[115.507,-6.957],[115.508,-6.959],[115.503,-6.958]]],[[[115.505,-6.952],[115.502,-6.954],[115.504,-6.951],[115.505,-6.952]]],[[[115.498,-6.954],[115.5,-6.959],[115.498,-6.957],[115.498,-6.954]]],[[[115.501,-6.964],[115.496,-6.965],[115.501,-6.963],[115.501,-6.964]]],[[[115.49,-6.95],[115.493,-6.943],[115.499,-6.954],[115.49,-6.95]]],[[[115.473,-6.946],[115.481,-6.942],[115.482,-6.945],[115.473,-6.946]]],[[[115.476,-7.006],[115.426,-6.985],[115.462,-6.972],[115.476,-7.006]]],[[[115.467,-6.962],[115.466,-6.965],[115.464,-6.964],[115.467,-6.962]]],[[[115.461,-6.946],[115.462,-6.949],[115.458,-6.948],[115.461,-6.946]]],[[[115.438,-6.957],[115.438,-6.959],[115.436,-6.958],[115.438,-6.957]]],[[[115.415,-6.96],[115.416,-6.985],[115.409,-6.979],[115.415,-6.96]]],[[[115.414,-6.949],[115.416,-6.95],[115.416,-6.954],[115.414,-6.949]]],[[[115.388,-6.938],[115.384,-6.94],[115.385,-6.937],[115.388,-6.938]]],[[[115.385,-6.932],[115.384,-6.934],[115.384,-6.933],[115.385,-6.932]]],[[[115.375,-6.93],[115.371,-6.929],[115.372,-6.928],[115.375,-6.93]]],[[[115.359,-6.935],[115.361,-6.936],[115.361,-6.937],[115.359,-6.935]]],[[[115.323,-6.967],[115.324,-6.971],[115.322,-6.97],[115.323,-6.967]]],[[[115.306,-7.006],[115.31,-6.999],[115.312,-7.003],[115.306,-7.006]]],[[[115.307,-6.96],[115.31,-6.964],[115.307,-6.963],[115.307,-6.96]]],[[[115.296,-6.978],[115.292,-6.977],[115.293,-6.976],[115.296,-6.978]]],[[[115.244,-6.971],[115.263,-6.976],[115.262,-6.985],[115.244,-6.971]]],[[[115.252,-6.965],[115.255,-6.961],[115.26,-6.97],[115.252,-6.965]]],[[[115.222,-6.844],[115.217,-6.843],[115.22,-6.839],[115.222,-6.844]]],[[[115.197,-7.082],[115.197,-7.092],[115.194,-7.092],[115.197,-7.082]]],[[[114.793,-7.105],[114.796,-7.105],[114.794,-7.108],[114.793,-7.105]]],[[[114.773,-7.123],[114.784,-7.12],[114.775,-7.133],[114.773,-7.123]]],[[[114.768,-7.129],[114.772,-7.133],[114.769,-7.133],[114.768,-7.13],[114.768,-7.129]]],[[[114.699,-7.104],[114.699,-7.109],[114.696,-7.107],[114.699,-7.104]]],[[[114.675,-7.099],[114.683,-7.101],[114.678,-7.1],[114.675,-7.099]]],[[[114.657,-7.17],[114.677,-7.158],[114.685,-7.164],[114.657,-7.17]]],[[[114.651,-7.081],[114.644,-7.079],[114.645,-7.075],[114.651,-7.081]]],[[[114.605,-7.172],[114.61,-7.167],[114.618,-7.169],[114.605,-7.172]]],[[[114.61,-7.14],[114.61,-7.161],[114.576,-7.166],[114.551,-7.143],[114.488,-7.16],[114.475,-7.148],[114.533,-7.129],[114.61,-7.14]]],[[[114.604,-5.103],[114.588,-5.067],[114.609,-5.049],[114.612,-5.08],[114.604,-5.103]]],[[[111.771,-8.264],[111.782,-8.326],[111.749,-8.344],[111.734,-8.29],[111.71,-8.295],[111.713,-8.322],[111.689,-8.336],[111.727,-8.371],[111.704,-8.367],[111.702,-8.384],[111.667,-8.356],[111.625,-8.354],[111.623,-8.322],[111.605,-8.34],[111.599,-8.322],[111.57,-8.334],[111.555,-8.307],[111.534,-8.333],[111.478,-8.306],[111.455,-8.321],[111.454,-8.279],[111.425,-8.257],[111.409,-8.278],[111.301,-8.257],[111.292,-8.274],[111.261,-8.248],[111.153,-8.285],[111.137,-8.262],[111.094,-8.247],[111.105,-8.233],[111.091,-8.221],[111.075,-8.224],[111.077,-8.246],[111.028,-8.257],[110.909,-8.211],[110.908,-8.125],[110.953,-8.063],[111.036,-8.081],[111.072,-8.064],[111.077,-8.025],[111.093,-8.031],[111.093,-8.065],[111.128,-8.064],[111.123,-7.972],[111.147,-7.966],[111.144,-7.933],[111.183,-7.919],[111.192,-7.939],[111.216,-7.926],[111.267,-7.945],[111.298,-7.862],[111.319,-7.854],[111.281,-7.789],[111.29,-7.743],[111.239,-7.751],[111.182,-7.712],[111.194,-7.62],[111.153,-7.563],[111.153,-7.499],[111.119,-7.419],[111.145,-7.368],[111.15,-7.26],[111.208,-7.245],[111.244,-7.285],[111.286,-7.289],[111.345,-7.319],[111.345,-7.335],[111.464,-7.373],[111.442,-7.352],[111.463,-7.346],[111.446,-7.337],[111.457,-7.321],[111.424,-7.31],[111.438,-7.27],[111.451,-7.275],[111.452,-7.248],[111.49,-7.261],[111.488,-7.243],[111.542,-7.227],[111.611,-7.143],[111.63,-7.059],[111.613,-7.035],[111.623,-6.988],[111.572,-6.952],[111.573,-6.924],[111.608,-6.902],[111.619,-6.822],[111.658,-6.821],[111.663,-6.771],[111.691,-6.754],[111.84,-6.801],[111.961,-6.761],[112.053,-6.887],[112.126,-6.902],[112.223,-6.873],[112.333,-6.861],[112.387,-6.877],[112.418,-6.862],[112.509,-6.907],[112.54,-6.884],[112.521,-6.87],[112.531,-6.858],[112.573,-6.848],[112.579,-6.883],[112.601,-6.894],[112.607,-6.876],[112.62,-6.91],[112.593,-6.929],[112.609,-6.98],[112.651,-7.019],[112.623,-7.111],[112.647,-7.113],[112.622,-7.119],[112.674,-7.175],[112.661,-7.193],[112.66,-7.207],[112.676,-7.191],[112.683,-7.196],[112.666,-7.217],[112.706,-7.225],[112.717,-7.199],[112.765,-7.196],[112.843,-7.276],[112.827,-7.343],[112.842,-7.332],[112.841,-7.48],[112.82,-7.473],[112.813,-7.479],[112.873,-7.537],[112.882,-7.578],[112.856,-7.58],[112.909,-7.629],[112.946,-7.617],[112.988,-7.657],[113.029,-7.645],[113.151,-7.741],[113.177,-7.726],[113.186,-7.747],[113.215,-7.722],[113.216,-7.736],[113.218,-7.722],[113.243,-7.744],[113.257,-7.736],[113.287,-7.784],[113.346,-7.771],[113.382,-7.736],[113.439,-7.734],[113.487,-7.698],[113.666,-7.737],[113.713,-7.708],[113.761,-7.738],[113.841,-7.684],[113.931,-7.701],[114.04,-7.604],[114.105,-7.706],[114.208,-7.718],[114.24,-7.698],[114.294,-7.748],[114.375,-7.751],[114.441,-7.791],[114.467,-7.835],[114.464,-7.887],[114.421,-7.926],[114.434,-8.033],[114.398,-8.122],[114.39,-8.235],[114.366,-8.279],[114.34,-8.422],[114.371,-8.48],[114.352,-8.529],[114.378,-8.527],[114.389,-8.448],[114.408,-8.569],[114.439,-8.631],[114.457,-8.639],[114.481,-8.618],[114.515,-8.65],[114.569,-8.66],[114.604,-8.724],[114.588,-8.763],[114.539,-8.78],[114.345,-8.743],[114.371,-8.719],[114.373,-8.678],[114.308,-8.619],[114.234,-8.602],[114.21,-8.645],[114.095,-8.616],[114.05,-8.647],[114.033,-8.633],[114.029,-8.6],[114.015,-8.59],[113.957,-8.614],[113.947,-8.6],[113.969,-8.584],[113.946,-8.559],[113.909,-8.58],[113.836,-8.554],[113.837,-8.53],[113.829,-8.528],[113.807,-8.556],[113.813,-8.503],[113.796,-8.49],[113.712,-8.529],[113.722,-8.497],[113.717,-8.485],[113.689,-8.506],[113.684,-8.491],[113.646,-8.495],[113.638,-8.455],[113.485,-8.416],[113.473,-8.384],[113.432,-8.379],[113.388,-8.4],[113.338,-8.329],[113.242,-8.285],[113.078,-8.286],[112.98,-8.325],[112.914,-8.399],[112.899,-8.381],[112.899,-8.402],[112.848,-8.406],[112.831,-8.369],[112.813,-8.402],[112.772,-8.387],[112.758,-8.422],[112.709,-8.418],[112.652,-8.449],[112.557,-8.403],[112.443,-8.398],[112.373,-8.376],[112.328,-8.331],[112.263,-8.351],[112.143,-8.316],[112.034,-8.32],[111.95,-8.278],[111.938,-8.306],[111.899,-8.305],[111.84,-8.259],[111.843,-8.282],[111.792,-8.256],[111.771,-8.264]]],[[[114.598,-5.107],[114.599,-5.107],[114.599,-5.108],[114.598,-5.107]]],[[[114.58,-7.13],[114.585,-7.126],[114.587,-7.127],[114.58,-7.13]]],[[[114.575,-7.075],[114.577,-7.076],[114.571,-7.076],[114.575,-7.075]]],[[[114.496,-6.991],[114.49,-6.993],[114.492,-6.986],[114.496,-6.991]]],[[[114.424,-5.551],[114.452,-5.547],[114.455,-5.566],[114.422,-5.591],[114.394,-5.568],[114.393,-5.542],[114.413,-5.533],[114.424,-5.551]]],[[[114.429,-5.463],[114.412,-5.447],[114.414,-5.431],[114.437,-5.448],[114.429,-5.463]]],[[[114.438,-6.969],[114.428,-6.972],[114.434,-6.962],[114.438,-6.969]]],[[[114.329,-7.055],[114.407,-7.165],[114.387,-7.182],[114.313,-7.159],[114.271,-7.094],[114.329,-7.055]]],[[[114.175,-6.965],[114.187,-6.974],[114.179,-7.005],[114.161,-6.998],[114.175,-6.965]]],[[[113.199,-6.897],[113.944,-6.868],[114.094,-6.931],[114.125,-6.978],[113.989,-7.008],[113.962,-7.041],[113.926,-7.019],[113.947,-7.053],[113.907,-7.048],[113.87,-7.095],[113.892,-7.133],[113.684,-7.109],[113.607,-7.126],[113.574,-7.161],[113.552,-7.234],[113.51,-7.254],[113.5,-7.242],[113.517,-7.246],[113.517,-7.241],[113.474,-7.222],[113.171,-7.227],[113.153,-7.205],[113.15,-7.224],[113.098,-7.229],[112.865,-7.163],[112.723,-7.175],[112.691,-7.154],[112.706,-7.097],[112.673,-7.073],[112.682,-7.032],[112.723,-7.038],[112.814,-6.953],[112.824,-6.91],[112.841,-6.916],[112.859,-6.893],[113.036,-6.88],[113.199,-6.897]]],[[[114.083,-8.631],[114.084,-8.635],[114.083,-8.635],[114.083,-8.631]]],[[[114.054,-7.079],[114.065,-7.11],[114.047,-7.113],[113.942,-7.09],[113.936,-7.068],[113.951,-7.055],[114.054,-7.079]]],[[[114.045,-7.202],[114.048,-7.203],[114.046,-7.206],[114.045,-7.202]]],[[[114.029,-8.65],[114.027,-8.648],[114.026,-8.646],[114.029,-8.65]]],[[[114.024,-8.606],[114.026,-8.604],[114.027,-8.605],[114.024,-8.606]]],[[[114.027,-8.643],[114.027,-8.645],[114.025,-8.646],[114.027,-8.643]]],[[[113.992,-8.616],[113.995,-8.616],[113.995,-8.619],[113.992,-8.616]]],[[[113.993,-8.613],[113.992,-8.615],[113.99,-8.615],[113.993,-8.613]]],[[[113.927,-7.175],[113.955,-7.232],[113.947,-7.23],[113.931,-7.204],[113.887,-7.212],[113.883,-7.194],[113.927,-7.175]]],[[[113.915,-8.582],[113.914,-8.586],[113.912,-8.584],[113.915,-8.582]]],[[[113.896,-8.579],[113.896,-8.58],[113.895,-8.58],[113.896,-8.579]]],[[[113.836,-8.533],[113.836,-8.534],[113.835,-8.534],[113.836,-8.533]]],[[[113.81,-7.216],[113.793,-7.236],[113.749,-7.219],[113.754,-7.206],[113.81,-7.216]]],[[[113.744,-8.545],[113.747,-8.543],[113.747,-8.544],[113.744,-8.545]]],[[[113.725,-7.249],[113.725,-7.252],[113.724,-7.249],[113.725,-7.249]]],[[[113.713,-8.505],[113.714,-8.503],[113.715,-8.504],[113.713,-8.505]]],[[[113.703,-8.533],[113.709,-8.532],[113.71,-8.534],[113.703,-8.533]]],[[[113.702,-7.242],[113.699,-7.245],[113.699,-7.241],[113.702,-7.242]]],[[[113.672,-7.237],[113.675,-7.24],[113.673,-7.242],[113.672,-7.237]]],[[[113.668,-7.247],[113.663,-7.252],[113.663,-7.251],[113.668,-7.247]]],[[[113.617,-8.499],[113.619,-8.497],[113.619,-8.499],[113.617,-8.499]]],[[[113.58,-8.442],[113.578,-8.441],[113.58,-8.441],[113.58,-8.442]]],[[[113.55,-8.438],[113.552,-8.437],[113.552,-8.438],[113.55,-8.438]]],[[[113.537,-8.433],[113.536,-8.433],[113.536,-8.431],[113.537,-8.433]]],[[[113.291,-8.445],[113.397,-8.455],[113.42,-8.47],[113.399,-8.497],[113.268,-8.497],[113.291,-8.445]]],[[[113.258,-7.681],[113.25,-7.677],[113.262,-7.676],[113.258,-7.681]]],[[[113.204,-7.307],[113.225,-7.311],[113.202,-7.31],[113.204,-7.307]]],[[[112.932,-8.383],[112.933,-8.382],[112.933,-8.384],[112.932,-8.383]]],[[[112.798,-8.409],[112.799,-8.411],[112.795,-8.408],[112.798,-8.409]]],[[[112.798,-8.412],[112.799,-8.413],[112.796,-8.414],[112.798,-8.412]]],[[[112.772,-5.797],[112.771,-5.804],[112.768,-5.798],[112.772,-5.797]]],[[[112.754,-8.425],[112.755,-8.422],[112.755,-8.424],[112.754,-8.425]]],[[[112.746,-5.809],[112.743,-5.809],[112.747,-5.807],[112.746,-5.809]]],[[[112.726,-5.744],[112.743,-5.789],[112.733,-5.832],[112.687,-5.855],[112.69,-5.868],[112.634,-5.843],[112.62,-5.87],[112.622,-5.854],[112.577,-5.846],[112.57,-5.807],[112.613,-5.753],[112.686,-5.718],[112.726,-5.744]]],[[[112.735,-8.433],[112.734,-8.435],[112.734,-8.434],[112.735,-8.433]]],[[[112.715,-5.716],[112.712,-5.718],[112.71,-5.714],[112.715,-5.716]]],[[[112.707,-8.46],[112.68,-8.456],[112.692,-8.431],[112.712,-8.435],[112.707,-8.46]]],[[[112.71,-5.718],[112.712,-5.721],[112.708,-5.718],[112.71,-5.718]]],[[[112.702,-5.716],[112.705,-5.714],[112.707,-5.715],[112.702,-5.716]]],[[[112.699,-8.461],[112.699,-8.463],[112.698,-8.463],[112.699,-8.461]]],[[[112.697,-5.715],[112.697,-5.718],[112.696,-5.717],[112.697,-5.715]]],[[[112.669,-8.445],[112.669,-8.446],[112.668,-8.446],[112.669,-8.445]]],[[[112.665,-7.197],[112.665,-7.192],[112.666,-7.197],[112.665,-7.197]]],[[[112.618,-5.732],[112.614,-5.734],[112.616,-5.73],[112.618,-5.732]]],[[[112.602,-5.756],[112.606,-5.751],[112.605,-5.758],[112.602,-5.756]]],[[[112.582,-5.77],[112.586,-5.775],[112.583,-5.775],[112.582,-5.77]]],[[[112.562,-5.796],[112.563,-5.802],[112.56,-5.798],[112.562,-5.796]]],[[[112.545,-5.749],[112.545,-5.751],[112.544,-5.75],[112.545,-5.749]]],[[[112.308,-8.341],[112.307,-8.343],[112.306,-8.343],[112.308,-8.341]]],[[[112.24,-8.348],[112.24,-8.351],[112.239,-8.35],[112.24,-8.348]]],[[[111.8,-8.358],[111.796,-8.358],[111.796,-8.355],[111.8,-8.358]]],[[[111.779,-8.368],[111.784,-8.367],[111.784,-8.371],[111.779,-8.368]]],[[[111.778,-8.368],[111.779,-8.368],[111.778,-8.37],[111.778,-8.368]]],[[[111.757,-8.342],[111.759,-8.342],[111.76,-8.344],[111.757,-8.342]]],[[[111.747,-8.347],[111.746,-8.352],[111.745,-8.348],[111.747,-8.347]]],[[[111.649,-8.38],[111.652,-8.383],[111.65,-8.384],[111.649,-8.38]]],[[[111.626,-8.355],[111.626,-8.357],[111.624,-8.357],[111.626,-8.355]]],[[[111.57,-8.336],[111.568,-8.337],[111.569,-8.335],[111.57,-8.336]]],[[[111.513,-8.369],[111.512,-8.371],[111.511,-8.37],[111.513,-8.369]]],[[[111.484,-8.358],[111.488,-8.363],[111.486,-8.365],[111.484,-8.358]]],[[[111.48,-8.331],[111.479,-8.328],[111.481,-8.328],[111.48,-8.331]]],[[[111.444,-8.297],[111.445,-8.298],[111.442,-8.296],[111.444,-8.297]]],[[[111.436,-8.272],[111.439,-8.269],[111.439,-8.271],[111.436,-8.272]]],[[[111.123,-8.259],[111.124,-8.26],[111.122,-8.261],[111.123,-8.259]]]]}},{"type":"Feature","properties":{"id":"BAL","name":"Bali","region":"Bali Nusra","tz":"WITA","population_m":4.38,"districts":9,"center":[115.2721,-8.4553],"bbox":[114.432,-8.849,115.712,-8.061]},"geometry":{"type":"MultiPolygon","coordinates":[[[[115.261,-8.669],[115.264,-8.707],[115.224,-8.723],[115.25,-8.729],[115.244,-8.74],[115.219,-8.749],[115.227,-8.726],[115.214,-8.726],[115.212,-8.747],[115.21,-8.73],[115.184,-8.739],[115.197,-8.783],[115.22,-8.787],[115.223,-8.756],[115.24,-8.804],[115.218,-8.832],[115.167,-8.849],[115.089,-8.838],[115.088,-8.815],[115.167,-8.774],[115.152,-8.75],[115.166,-8.707],[115.143,-8.67],[114.903,-8.459],[114.752,-8.4],[114.582,-8.398],[114.448,-8.219],[114.433,-8.165],[114.442,-8.185],[114.47,-8.166],[114.445,-8.157],[114.435,-8.098],[114.494,-8.096],[114.522,-8.155],[114.58,-8.121],[114.594,-8.14],[114.618,-8.123],[114.868,-8.196],[115.002,-8.175],[115.117,-8.081],[115.185,-8.061],[115.484,-8.18],[115.56,-8.233],[115.629,-8.325],[115.698,-8.358],[115.711,-8.4],[115.634,-8.462],[115.613,-8.506],[115.581,-8.518],[115.53,-8.501],[115.509,-8.513],[115.509,-8.541],[115.448,-8.57],[115.363,-8.577],[115.261,-8.669]]],[[[115.63,-8.778],[115.63,-8.779],[115.63,-8.776],[115.63,-8.778]]],[[[115.629,-8.775],[115.625,-8.777],[115.623,-8.774],[115.629,-8.775]]],[[[115.561,-8.672],[115.629,-8.77],[115.616,-8.778],[115.606,-8.791],[115.607,-8.808],[115.589,-8.819],[115.528,-8.799],[115.447,-8.734],[115.494,-8.672],[115.561,-8.672]]],[[[115.585,-8.532],[115.587,-8.534],[115.585,-8.534],[115.585,-8.532]]],[[[115.472,-8.676],[115.451,-8.693],[115.428,-8.689],[115.453,-8.663],[115.472,-8.676]]],[[[115.46,-8.699],[115.441,-8.701],[115.465,-8.687],[115.46,-8.699]]],[[[114.518,-8.1],[114.502,-8.095],[114.527,-8.092],[114.518,-8.1]]],[[[114.447,-8.179],[114.45,-8.172],[114.454,-8.173],[114.447,-8.179]]],[[[114.45,-8.166],[114.452,-8.165],[114.451,-8.168],[114.45,-8.166]]],[[[114.445,-8.165],[114.445,-8.166],[114.444,-8.164],[114.445,-8.165]]]]}},{"type":"Feature","properties":{"id":"NTB","name":"Nusa Tenggara Barat","region":"Bali Nusra","tz":"WITA","population_m":5.56,"districts":10,"center":[117.2716,-8.5949],"bbox":[115.821,-9.11,119.335,-8.08]},"geometry":{"type":"MultiPolygon","coordinates":[[[[119.278,-8.416],[119.316,-8.398],[119.335,-8.431],[119.319,-8.428],[119.321,-8.455],[119.301,-8.43],[119.281,-8.468],[119.263,-8.401],[119.276,-8.393],[119.278,-8.416]]],[[[119.327,-8.432],[119.331,-8.435],[119.33,-8.436],[119.327,-8.432]]],[[[119.265,-8.547],[119.266,-8.55],[119.265,-8.551],[119.265,-8.547]]],[[[119.251,-8.673],[119.247,-8.672],[119.25,-8.671],[119.251,-8.673]]],[[[119.239,-8.664],[119.215,-8.684],[119.216,-8.654],[119.239,-8.664]]],[[[119.231,-8.538],[119.232,-8.537],[119.232,-8.539],[119.231,-8.538]]],[[[119.199,-8.698],[119.199,-8.694],[119.2,-8.695],[119.199,-8.698]]],[[[119.198,-8.571],[119.188,-8.583],[119.187,-8.566],[119.198,-8.571]]],[[[117.135,-9.084],[117.012,-9.109],[116.942,-9.052],[116.897,-9.065],[116.788,-9.036],[116.74,-8.997],[116.729,-9.006],[116.736,-8.977],[116.715,-8.971],[116.752,-8.924],[116.725,-8.911],[116.732,-8.892],[116.752,-8.894],[116.733,-8.869],[116.768,-8.855],[116.787,-8.814],[116.804,-8.826],[116.815,-8.813],[116.763,-8.737],[116.786,-8.721],[116.774,-8.675],[116.746,-8.663],[116.789,-8.59],[116.833,-8.557],[116.82,-8.516],[116.843,-8.539],[116.917,-8.526],[116.987,-8.479],[117.004,-8.506],[117.016,-8.464],[117.1,-8.414],[117.088,-8.399],[117.111,-8.371],[117.155,-8.364],[117.202,-8.406],[117.237,-8.399],[117.388,-8.473],[117.408,-8.468],[117.428,-8.396],[117.472,-8.415],[117.562,-8.405],[117.57,-8.501],[117.592,-8.504],[117.574,-8.442],[117.6,-8.427],[117.635,-8.466],[117.623,-8.538],[117.632,-8.561],[117.689,-8.578],[117.737,-8.564],[117.727,-8.588],[117.761,-8.599],[117.751,-8.631],[117.781,-8.632],[117.75,-8.639],[117.77,-8.656],[117.77,-8.705],[117.805,-8.727],[117.871,-8.696],[117.902,-8.705],[117.889,-8.723],[117.905,-8.741],[117.922,-8.719],[117.946,-8.743],[117.963,-8.743],[118.07,-8.657],[118.141,-8.648],[118.204,-8.673],[118.24,-8.65],[118.248,-8.667],[118.27,-8.657],[118.265,-8.642],[118.288,-8.626],[118.278,-8.591],[118.251,-8.587],[118.23,-8.551],[118.194,-8.571],[118.18,-8.532],[118.143,-8.514],[118.131,-8.482],[118.105,-8.495],[118.082,-8.451],[117.98,-8.465],[117.818,-8.369],[117.764,-8.289],[117.694,-8.241],[117.724,-8.15],[117.787,-8.124],[117.829,-8.129],[117.924,-8.08],[117.961,-8.107],[118.081,-8.1],[118.145,-8.136],[118.163,-8.242],[118.218,-8.284],[118.234,-8.332],[118.257,-8.35],[118.275,-8.334],[118.28,-8.365],[118.356,-8.352],[118.464,-8.246],[118.649,-8.292],[118.698,-8.397],[118.65,-8.551],[118.713,-8.499],[118.725,-8.436],[118.698,-8.41],[118.712,-8.406],[118.702,-8.39],[118.765,-8.31],[118.816,-8.281],[119.001,-8.31],[118.992,-8.377],[119.053,-8.464],[119.035,-8.467],[119.052,-8.514],[119.013,-8.538],[119.037,-8.643],[119.08,-8.651],[119.129,-8.63],[119.109,-8.596],[119.131,-8.603],[119.151,-8.593],[119.147,-8.567],[119.165,-8.556],[119.176,-8.563],[119.16,-8.58],[119.192,-8.61],[119.172,-8.611],[119.183,-8.634],[119.151,-8.637],[119.172,-8.647],[119.157,-8.672],[119.176,-8.698],[119.148,-8.711],[119.172,-8.724],[119.133,-8.753],[119.105,-8.726],[119.099,-8.752],[119.036,-8.733],[118.972,-8.749],[118.908,-8.68],[118.846,-8.73],[118.815,-8.703],[118.775,-8.71],[118.761,-8.693],[118.72,-8.739],[118.695,-8.739],[118.692,-8.748],[118.726,-8.759],[118.726,-8.778],[118.746,-8.764],[118.909,-8.765],[118.92,-8.786],[118.95,-8.79],[118.96,-8.818],[118.945,-8.831],[118.836,-8.846],[118.72,-8.793],[118.467,-8.889],[118.418,-8.872],[118.38,-8.828],[118.372,-8.78],[118.407,-8.759],[118.433,-8.674],[118.421,-8.624],[118.39,-8.607],[118.38,-8.623],[118.401,-8.678],[118.377,-8.695],[118.354,-8.685],[118.327,-8.728],[118.287,-8.74],[118.284,-8.769],[118.222,-8.807],[118.185,-8.854],[118.127,-8.878],[118.079,-8.84],[118.013,-8.853],[117.981,-8.895],[117.935,-8.899],[117.884,-8.944],[117.838,-8.932],[117.817,-8.899],[117.766,-8.934],[117.691,-8.919],[117.595,-8.981],[117.41,-9.049],[117.346,-9.042],[117.324,-9.056],[117.186,-9.021],[117.135,-9.084]]],[[[119.177,-8.551],[119.178,-8.547],[119.18,-8.548],[119.177,-8.551]]],[[[119.175,-8.691],[119.174,-8.691],[119.174,-8.69],[119.175,-8.691]]],[[[119.131,-8.595],[119.13,-8.596],[119.128,-8.593],[119.131,-8.595]]],[[[119.118,-8.175],[119.115,-8.223],[119.083,-8.254],[119.039,-8.26],[119.0,-8.23],[119.0,-8.179],[119.047,-8.13],[119.089,-8.133],[119.118,-8.175]]],[[[119.056,-8.566],[119.043,-8.582],[119.047,-8.569],[119.038,-8.566],[119.044,-8.557],[119.056,-8.566]]],[[[119.049,-8.587],[119.045,-8.588],[119.048,-8.585],[119.049,-8.587]]],[[[119.042,-8.558],[119.041,-8.556],[119.043,-8.557],[119.042,-8.558]]],[[[119.04,-8.569],[119.041,-8.568],[119.041,-8.569],[119.04,-8.569]]],[[[119.037,-8.571],[119.04,-8.576],[119.032,-8.573],[119.037,-8.571]]],[[[118.825,-8.732],[118.824,-8.736],[118.822,-8.731],[118.825,-8.732]]],[[[118.783,-8.731],[118.787,-8.733],[118.786,-8.735],[118.783,-8.731]]],[[[118.773,-8.716],[118.774,-8.713],[118.775,-8.719],[118.773,-8.716]]],[[[118.741,-8.731],[118.743,-8.737],[118.741,-8.735],[118.741,-8.731]]],[[[118.697,-8.741],[118.699,-8.741],[118.698,-8.742],[118.697,-8.741]]],[[[118.698,-8.446],[118.698,-8.452],[118.693,-8.45],[118.698,-8.446]]],[[[118.423,-8.669],[118.425,-8.668],[118.424,-8.671],[118.423,-8.669]]],[[[118.392,-8.617],[118.396,-8.617],[118.394,-8.621],[118.392,-8.617]]],[[[118.227,-8.644],[118.227,-8.647],[118.225,-8.647],[118.227,-8.644]]],[[[118.225,-8.653],[118.214,-8.65],[118.219,-8.645],[118.225,-8.653]]],[[[118.227,-8.638],[118.224,-8.641],[118.221,-8.636],[118.227,-8.638]]],[[[118.213,-8.638],[118.195,-8.649],[118.201,-8.638],[118.213,-8.638]]],[[[118.199,-8.596],[118.201,-8.596],[118.201,-8.597],[118.199,-8.596]]],[[[118.195,-8.642],[118.194,-8.641],[118.195,-8.64],[118.195,-8.642]]],[[[118.191,-8.648],[118.193,-8.648],[118.192,-8.649],[118.191,-8.648]]],[[[118.014,-8.694],[118.011,-8.692],[118.014,-8.693],[118.014,-8.694]]],[[[117.976,-8.627],[118.003,-8.629],[118.003,-8.693],[117.978,-8.691],[117.995,-8.663],[117.99,-8.648],[117.955,-8.667],[117.979,-8.64],[117.95,-8.614],[117.978,-8.611],[117.976,-8.627]]],[[[118.009,-8.685],[118.009,-8.687],[118.006,-8.684],[118.009,-8.685]]],[[[117.957,-8.906],[117.957,-8.904],[117.958,-8.905],[117.957,-8.906]]],[[[117.949,-8.725],[117.952,-8.722],[117.95,-8.726],[117.949,-8.725]]],[[[117.947,-8.74],[117.948,-8.74],[117.948,-8.741],[117.947,-8.74]]],[[[117.872,-8.607],[117.867,-8.611],[117.865,-8.607],[117.872,-8.607]]],[[[117.857,-8.658],[117.86,-8.656],[117.862,-8.658],[117.857,-8.658]]],[[[117.842,-8.585],[117.826,-8.578],[117.841,-8.576],[117.842,-8.585]]],[[[117.831,-8.564],[117.813,-8.561],[117.818,-8.555],[117.831,-8.564]]],[[[117.725,-8.473],[117.747,-8.503],[117.735,-8.519],[117.748,-8.539],[117.778,-8.555],[117.795,-8.548],[117.799,-8.554],[117.733,-8.56],[117.701,-8.495],[117.725,-8.473]]],[[[117.776,-8.661],[117.779,-8.66],[117.778,-8.663],[117.776,-8.661]]],[[[117.76,-8.11],[117.735,-8.108],[117.748,-8.098],[117.76,-8.11]]],[[[117.749,-8.506],[117.748,-8.505],[117.75,-8.504],[117.749,-8.506]]],[[[117.649,-8.153],[117.69,-8.181],[117.61,-8.238],[117.547,-8.371],[117.528,-8.39],[117.47,-8.356],[117.508,-8.273],[117.479,-8.257],[117.482,-8.186],[117.553,-8.145],[117.649,-8.153]]],[[[117.651,-8.448],[117.68,-8.522],[117.667,-8.514],[117.651,-8.533],[117.636,-8.509],[117.65,-8.487],[117.651,-8.448]]],[[[117.677,-8.468],[117.676,-8.467],[117.678,-8.467],[117.677,-8.468]]],[[[117.652,-8.423],[117.657,-8.439],[117.642,-8.439],[117.652,-8.423]]],[[[117.636,-8.5],[117.641,-8.501],[117.638,-8.505],[117.636,-8.5]]],[[[117.638,-8.52],[117.637,-8.519],[117.638,-8.519],[117.638,-8.52]]],[[[117.629,-8.508],[117.632,-8.502],[117.632,-8.508],[117.629,-8.508]]],[[[117.416,-8.138],[117.378,-8.16],[117.344,-8.153],[117.385,-8.132],[117.416,-8.138]]],[[[117.081,-8.371],[117.078,-8.378],[117.071,-8.373],[117.081,-8.371]]],[[[117.073,-8.39],[117.075,-8.389],[117.075,-8.391],[117.073,-8.39]]],[[[117.053,-8.376],[117.056,-8.382],[117.053,-8.381],[117.053,-8.376]]],[[[117.044,-8.402],[116.992,-8.416],[117.004,-8.432],[116.977,-8.431],[116.99,-8.405],[117.022,-8.407],[117.041,-8.379],[117.044,-8.402]]],[[[117.039,-8.446],[117.035,-8.445],[117.037,-8.444],[117.039,-8.446]]],[[[117.013,-8.462],[117.009,-8.465],[117.008,-8.461],[117.013,-8.462]]],[[[116.994,-8.476],[116.995,-8.479],[116.991,-8.477],[116.994,-8.476]]],[[[116.956,-8.421],[116.897,-8.449],[116.839,-8.446],[116.956,-8.421]]],[[[116.87,-8.505],[116.878,-8.493],[116.882,-8.498],[116.87,-8.505]]],[[[116.859,-8.458],[116.86,-8.456],[116.86,-8.459],[116.859,-8.458]]],[[[116.851,-8.518],[116.85,-8.503],[116.86,-8.505],[116.851,-8.518]]],[[[116.835,-8.499],[116.835,-8.501],[116.831,-8.496],[116.835,-8.499]]],[[[116.794,-8.516],[116.787,-8.515],[116.791,-8.512],[116.794,-8.516]]],[[[116.79,-8.524],[116.792,-8.524],[116.79,-8.526],[116.79,-8.524]]],[[[116.766,-8.553],[116.773,-8.538],[116.787,-8.527],[116.78,-8.554],[116.766,-8.553]]],[[[116.77,-8.712],[116.772,-8.706],[116.773,-8.708],[116.77,-8.712]]],[[[116.743,-8.345],[116.71,-8.325],[116.71,-8.312],[116.743,-8.345]]],[[[116.73,-8.684],[116.73,-8.682],[116.731,-8.682],[116.73,-8.684]]],[[[116.727,-8.688],[116.728,-8.684],[116.73,-8.684],[116.727,-8.688]]],[[[116.392,-8.857],[116.405,-8.899],[116.38,-8.956],[116.368,-8.954],[116.376,-8.904],[116.341,-8.9],[116.347,-8.93],[116.328,-8.909],[116.32,-8.921],[116.278,-8.893],[116.276,-8.913],[116.249,-8.903],[116.239,-8.917],[116.228,-8.901],[116.174,-8.914],[116.15,-8.863],[116.083,-8.874],[116.078,-8.895],[116.045,-8.87],[116.073,-8.856],[116.019,-8.86],[116.01,-8.874],[116.027,-8.888],[116.008,-8.904],[115.933,-8.833],[115.914,-8.845],[115.869,-8.818],[115.831,-8.815],[115.821,-8.752],[115.866,-8.721],[115.882,-8.763],[115.898,-8.746],[115.917,-8.775],[115.936,-8.77],[115.966,-8.729],[116.011,-8.752],[116.034,-8.72],[116.047,-8.727],[116.039,-8.764],[116.065,-8.771],[116.06,-8.751],[116.084,-8.728],[116.059,-8.727],[116.056,-8.738],[116.074,-8.613],[116.068,-8.531],[116.034,-8.485],[116.042,-8.422],[116.102,-8.394],[116.101,-8.361],[116.12,-8.37],[116.178,-8.341],[116.253,-8.255],[116.351,-8.211],[116.652,-8.289],[116.725,-8.368],[116.712,-8.443],[116.662,-8.487],[116.678,-8.497],[116.658,-8.532],[116.665,-8.562],[116.623,-8.605],[116.545,-8.753],[116.48,-8.809],[116.501,-8.811],[116.493,-8.848],[116.504,-8.859],[116.524,-8.826],[116.541,-8.833],[116.542,-8.869],[116.549,-8.85],[116.566,-8.868],[116.581,-8.857],[116.594,-8.863],[116.512,-8.916],[116.528,-8.899],[116.511,-8.87],[116.497,-8.911],[116.449,-8.922],[116.431,-8.913],[116.448,-8.899],[116.474,-8.839],[116.47,-8.824],[116.441,-8.842],[116.426,-8.826],[116.404,-8.866],[116.392,-8.857]]],[[[116.717,-8.752],[116.72,-8.749],[116.72,-8.751],[116.717,-8.752]]],[[[116.702,-8.309],[116.69,-8.281],[116.711,-8.305],[116.702,-8.309]]],[[[116.532,-8.815],[116.531,-8.82],[116.529,-8.816],[116.532,-8.815]]],[[[116.521,-8.817],[116.521,-8.816],[116.522,-8.817],[116.521,-8.817]]],[[[116.516,-8.828],[116.517,-8.827],[116.518,-8.828],[116.516,-8.828]]],[[[116.509,-8.839],[116.51,-8.837],[116.51,-8.839],[116.509,-8.839]]],[[[116.504,-8.813],[116.508,-8.813],[116.504,-8.816],[116.504,-8.813]]],[[[116.501,-8.918],[116.503,-8.92],[116.501,-8.919],[116.501,-8.918]]],[[[116.498,-8.928],[116.497,-8.928],[116.499,-8.926],[116.498,-8.928]]],[[[116.488,-8.922],[116.486,-8.923],[116.486,-8.922],[116.488,-8.922]]],[[[116.466,-8.841],[116.467,-8.84],[116.467,-8.842],[116.466,-8.841]]],[[[116.37,-8.912],[116.371,-8.909],[116.371,-8.911],[116.37,-8.912]]],[[[116.367,-8.953],[116.366,-8.955],[116.366,-8.954],[116.367,-8.953]]],[[[116.328,-8.922],[116.329,-8.92],[116.33,-8.921],[116.328,-8.922]]],[[[116.255,-8.908],[116.256,-8.91],[116.254,-8.91],[116.255,-8.908]]],[[[116.075,-8.356],[116.088,-8.363],[116.079,-8.365],[116.075,-8.356]]],[[[116.083,-8.888],[116.085,-8.889],[116.083,-8.889],[116.083,-8.888]]],[[[116.063,-8.735],[116.064,-8.737],[116.06,-8.734],[116.063,-8.735]]],[[[116.062,-8.346],[116.054,-8.358],[116.055,-8.342],[116.062,-8.346]]],[[[116.06,-8.73],[116.061,-8.732],[116.06,-8.733],[116.06,-8.73]]],[[[116.041,-8.36],[116.029,-8.354],[116.032,-8.34],[116.041,-8.339],[116.041,-8.36]]],[[[116.024,-8.726],[116.027,-8.721],[116.029,-8.725],[116.024,-8.726]]],[[[116.017,-8.724],[116.013,-8.72],[116.015,-8.719],[116.017,-8.724]]],[[[116.01,-8.716],[116.012,-8.719],[116.008,-8.719],[116.01,-8.716]]],[[[115.993,-8.901],[115.994,-8.898],[115.995,-8.9],[115.993,-8.901]]],[[[115.981,-8.884],[115.98,-8.884],[115.981,-8.883],[115.981,-8.884]]],[[[115.975,-8.707],[115.977,-8.709],[115.976,-8.709],[115.975,-8.707]]],[[[115.961,-8.721],[115.962,-8.723],[115.96,-8.723],[115.961,-8.721]]],[[[115.935,-8.762],[115.914,-8.75],[115.921,-8.726],[115.93,-8.732],[115.935,-8.762]]],[[[115.915,-8.721],[115.917,-8.716],[115.918,-8.72],[115.915,-8.721]]],[[[115.905,-8.73],[115.907,-8.723],[115.911,-8.729],[115.905,-8.73]]],[[[115.894,-8.749],[115.891,-8.749],[115.891,-8.747],[115.894,-8.749]]],[[[115.891,-8.734],[115.884,-8.74],[115.885,-8.731],[115.891,-8.734]]],[[[115.871,-8.829],[115.869,-8.827],[115.871,-8.827],[115.871,-8.829]]]]}},{"type":"Feature","properties":{"id":"NTT","name":"Nusa Tenggara Timur","region":"Bali Nusra","tz":"WITA","population_m":5.57,"districts":22,"center":[120.5977,-8.5097],"bbox":[118.927,-11.008,125.193,-8.063]},"geometry":{"type":"MultiPolygon","coordinates":[[[[123.535,-10.174],[123.65,-10.146],[123.748,-10.09],[123.771,-10.043],[123.753,-10.029],[123.654,-10.009],[123.608,-10.045],[123.581,-10.018],[123.584,-9.916],[123.642,-9.895],[123.668,-9.854],[123.666,-9.801],[123.642,-9.774],[123.681,-9.743],[123.672,-9.636],[123.734,-9.567],[123.788,-9.542],[123.795,-9.491],[123.828,-9.496],[123.884,-9.465],[123.9,-9.43],[123.934,-9.422],[123.994,-9.342],[124.044,-9.336],[124.098,-9.409],[124.134,-9.426],[124.205,-9.371],[124.235,-9.374],[124.287,-9.451],[124.278,-9.503],[124.297,-9.503],[124.355,-9.485],[124.365,-9.459],[124.35,-9.424],[124.374,-9.412],[124.38,-9.357],[124.438,-9.334],[124.463,-9.3],[124.476,-9.174],[124.53,-9.186],[124.616,-9.153],[124.67,-9.118],[124.697,-9.054],[124.73,-9.059],[124.801,-9.009],[124.866,-9.004],[124.878,-8.98],[124.944,-8.957],[124.932,-9.028],[124.984,-9.066],[125.077,-9.022],[125.112,-8.967],[125.185,-9.026],[125.171,-9.123],[125.193,-9.156],[125.175,-9.175],[125.134,-9.174],[125.097,-9.202],[125.053,-9.169],[124.983,-9.191],[124.994,-9.29],[125.049,-9.325],[125.089,-9.457],[124.991,-9.559],[124.984,-9.637],[124.853,-9.73],[124.751,-9.882],[124.673,-9.92],[124.588,-10.0],[124.548,-10.011],[124.478,-10.122],[124.396,-10.17],[124.139,-10.161],[124.101,-10.179],[124.018,-10.273],[123.962,-10.277],[123.798,-10.355],[123.704,-10.366],[123.658,-10.349],[123.611,-10.37],[123.546,-10.328],[123.457,-10.357],[123.501,-10.274],[123.489,-10.224],[123.526,-10.218],[123.535,-10.174]]],[[[124.6,-8.122],[124.608,-8.197],[124.668,-8.162],[124.748,-8.146],[124.861,-8.167],[124.92,-8.163],[124.959,-8.14],[124.997,-8.157],[125.091,-8.145],[125.142,-8.238],[125.128,-8.282],[125.141,-8.319],[125.062,-8.357],[124.891,-8.363],[124.787,-8.403],[124.658,-8.39],[124.547,-8.442],[124.51,-8.418],[124.416,-8.461],[124.417,-8.439],[124.355,-8.439],[124.341,-8.392],[124.407,-8.295],[124.475,-8.255],[124.506,-8.259],[124.512,-8.248],[124.539,-8.239],[124.565,-8.218],[124.504,-8.221],[124.406,-8.279],[124.4,-8.215],[124.451,-8.149],[124.477,-8.128],[124.6,-8.122]]],[[[124.617,-8.117],[124.611,-8.122],[124.607,-8.12],[124.617,-8.117]]],[[[124.561,-8.219],[124.561,-8.221],[124.558,-8.219],[124.561,-8.219]]],[[[124.396,-8.276],[124.404,-8.27],[124.402,-8.277],[124.396,-8.276]]],[[[124.37,-8.169],[124.377,-8.185],[124.368,-8.181],[124.37,-8.169]]],[[[124.362,-8.222],[124.374,-8.201],[124.375,-8.226],[124.362,-8.222]]],[[[124.374,-8.306],[124.362,-8.325],[124.33,-8.324],[124.316,-8.296],[124.355,-8.275],[124.374,-8.306]]],[[[124.325,-8.189],[124.326,-8.228],[124.299,-8.268],[124.301,-8.331],[124.246,-8.363],[124.209,-8.416],[124.212,-8.46],[124.141,-8.538],[124.056,-8.544],[124.065,-8.491],[124.033,-8.42],[123.983,-8.42],[123.944,-8.461],[123.919,-8.448],[123.965,-8.347],[124.061,-8.293],[124.085,-8.314],[124.086,-8.359],[124.096,-8.357],[124.09,-8.365],[124.091,-8.374],[124.111,-8.389],[124.119,-8.373],[124.103,-8.362],[124.204,-8.273],[124.252,-8.192],[124.288,-8.174],[124.325,-8.189]]],[[[124.277,-8.491],[124.28,-8.47],[124.296,-8.476],[124.277,-8.491]]],[[[124.095,-8.365],[124.098,-8.375],[124.093,-8.373],[124.095,-8.365]]],[[[124.073,-8.225],[124.088,-8.237],[124.071,-8.236],[124.073,-8.225]]],[[[124.03,-8.215],[124.047,-8.212],[124.025,-8.232],[124.03,-8.215]]],[[[123.992,-9.258],[123.996,-9.257],[123.996,-9.258],[123.992,-9.258]]],[[[123.952,-8.347],[123.916,-8.382],[123.9,-8.37],[123.952,-8.347]]],[[[123.855,-8.224],[123.907,-8.212],[123.922,-8.25],[123.77,-8.284],[123.675,-8.423],[123.625,-8.402],[123.554,-8.465],[123.588,-8.526],[123.549,-8.567],[123.519,-8.559],[123.493,-8.513],[123.393,-8.584],[123.319,-8.523],[123.292,-8.547],[123.22,-8.547],[123.208,-8.514],[123.291,-8.462],[123.337,-8.398],[123.473,-8.335],[123.416,-8.289],[123.347,-8.304],[123.384,-8.261],[123.407,-8.25],[123.459,-8.268],[123.495,-8.239],[123.561,-8.237],[123.498,-8.336],[123.5,-8.358],[123.554,-8.366],[123.599,-8.327],[123.576,-8.311],[123.575,-8.285],[123.605,-8.287],[123.6,-8.316],[123.636,-8.284],[123.604,-8.217],[123.646,-8.214],[123.66,-8.229],[123.644,-8.247],[123.693,-8.254],[123.713,-8.237],[123.698,-8.215],[123.726,-8.213],[123.782,-8.167],[123.843,-8.199],[123.855,-8.224]]],[[[123.881,-8.443],[123.875,-8.43],[123.892,-8.427],[123.881,-8.443]]],[[[123.813,-8.409],[123.815,-8.366],[123.835,-8.371],[123.838,-8.411],[123.813,-8.409]]],[[[123.56,-10.088],[123.553,-10.089],[123.553,-10.086],[123.56,-10.088]]],[[[123.476,-10.165],[123.5,-10.158],[123.506,-10.178],[123.432,-10.229],[123.417,-10.229],[123.421,-10.208],[123.391,-10.207],[123.419,-10.26],[123.42,-10.296],[123.397,-10.29],[123.391,-10.292],[123.415,-10.314],[123.409,-10.335],[123.382,-10.337],[123.376,-10.308],[123.347,-10.305],[123.322,-10.339],[123.301,-10.271],[123.368,-10.204],[123.396,-10.134],[123.453,-10.115],[123.476,-10.165]]],[[[123.441,-10.492],[123.397,-10.539],[123.383,-10.561],[123.38,-10.547],[123.374,-10.544],[123.387,-10.544],[123.405,-10.518],[123.408,-10.494],[123.441,-10.492]]],[[[123.427,-10.238],[123.441,-10.241],[123.433,-10.247],[123.427,-10.238]]],[[[123.426,-10.472],[123.405,-10.471],[123.383,-10.488],[123.378,-10.502],[123.4,-10.505],[123.357,-10.546],[123.383,-10.569],[123.343,-10.587],[123.416,-10.609],[123.427,-10.656],[123.398,-10.688],[123.332,-10.678],[123.3,-10.72],[123.253,-10.734],[123.223,-10.83],[123.208,-10.819],[123.189,-10.837],[123.133,-10.815],[123.09,-10.857],[122.969,-10.87],[122.949,-10.893],[122.97,-10.915],[122.949,-10.904],[122.911,-10.925],[122.889,-10.91],[122.847,-10.943],[122.822,-10.919],[122.831,-10.871],[122.81,-10.782],[122.837,-10.788],[122.858,-10.759],[122.934,-10.737],[123.043,-10.729],[123.129,-10.644],[123.178,-10.637],[123.195,-10.594],[123.26,-10.606],[123.31,-10.593],[123.313,-10.577],[123.276,-10.58],[123.245,-10.603],[123.213,-10.58],[123.264,-10.521],[123.37,-10.478],[123.374,-10.431],[123.426,-10.472]]],[[[123.401,-10.479],[123.4,-10.48],[123.399,-10.481],[123.401,-10.479]]],[[[123.398,-10.487],[123.392,-10.489],[123.397,-10.485],[123.398,-10.487]]],[[[123.397,-10.482],[123.397,-10.484],[123.396,-10.484],[123.397,-10.482]]],[[[123.387,-10.532],[123.386,-10.527],[123.386,-10.535],[123.387,-10.532]]],[[[123.383,-10.536],[123.385,-10.533],[123.385,-10.535],[123.383,-10.536]]],[[[123.38,-10.536],[123.382,-10.535],[123.379,-10.539],[123.38,-10.536]]],[[[123.378,-10.535],[123.375,-10.535],[123.377,-10.532],[123.378,-10.535]]],[[[123.371,-10.538],[123.372,-10.536],[123.373,-10.54],[123.371,-10.538]]],[[[123.339,-8.255],[123.332,-8.251],[123.336,-8.246],[123.339,-8.255]]],[[[123.227,-8.241],[123.243,-8.226],[123.334,-8.264],[123.305,-8.297],[123.295,-8.388],[123.001,-8.41],[122.999,-8.368],[123.033,-8.308],[123.142,-8.234],[123.182,-8.24],[123.21,-8.224],[123.227,-8.241]]],[[[123.33,-10.455],[123.333,-10.454],[123.331,-10.457],[123.33,-10.455]]],[[[123.333,-8.253],[123.329,-8.254],[123.328,-8.249],[123.333,-8.253]]],[[[123.274,-10.32],[123.278,-10.308],[123.287,-10.308],[123.274,-10.32]]],[[[123.168,-8.436],[123.079,-8.489],[123.022,-8.477],[122.976,-8.515],[122.925,-8.605],[122.891,-8.611],[122.871,-8.587],[122.885,-8.524],[122.945,-8.493],[122.976,-8.436],[123.021,-8.449],[123.143,-8.423],[123.168,-8.436]]],[[[123.073,-10.862],[123.072,-10.863],[123.071,-10.86],[123.073,-10.862]]],[[[123.064,-10.877],[123.064,-10.872],[123.065,-10.876],[123.064,-10.877]]],[[[121.143,-8.425],[121.308,-8.482],[121.344,-8.547],[121.418,-8.592],[121.477,-8.564],[121.515,-8.616],[121.581,-8.572],[121.57,-8.531],[121.612,-8.559],[121.603,-8.507],[121.619,-8.472],[121.68,-8.512],[121.726,-8.494],[121.8,-8.511],[121.844,-8.482],[121.913,-8.496],[121.957,-8.444],[121.956,-8.473],[122.024,-8.44],[122.013,-8.527],[122.065,-8.521],[122.09,-8.543],[122.088,-8.528],[122.105,-8.529],[122.159,-8.556],[122.221,-8.62],[122.297,-8.642],[122.364,-8.611],[122.475,-8.608],[122.518,-8.547],[122.518,-8.526],[122.479,-8.494],[122.491,-8.473],[122.548,-8.464],[122.592,-8.423],[122.597,-8.393],[122.766,-8.363],[122.811,-8.298],[122.884,-8.287],[122.912,-8.218],[122.94,-8.2],[122.901,-8.176],[122.82,-8.191],[122.788,-8.236],[122.73,-8.222],[122.785,-8.15],[122.783,-8.108],[122.831,-8.096],[122.844,-8.07],[122.867,-8.063],[122.969,-8.13],[122.957,-8.196],[123.02,-8.289],[123.02,-8.317],[122.983,-8.347],[122.914,-8.329],[122.878,-8.384],[122.888,-8.449],[122.783,-8.423],[122.79,-8.484],[122.843,-8.547],[122.817,-8.598],[122.737,-8.608],[122.726,-8.633],[122.664,-8.626],[122.557,-8.666],[122.51,-8.718],[122.421,-8.744],[122.28,-8.755],[122.115,-8.73],[122.031,-8.795],[121.861,-8.835],[121.776,-8.883],[121.673,-8.848],[121.644,-8.906],[121.625,-8.893],[121.641,-8.84],[121.567,-8.798],[121.546,-8.81],[121.389,-8.789],[121.368,-8.825],[121.369,-8.879],[121.342,-8.905],[121.171,-8.887],[121.015,-8.956],[120.913,-8.921],[120.837,-8.829],[120.789,-8.841],[120.774,-8.887],[120.746,-8.893],[120.646,-8.867],[120.597,-8.815],[120.369,-8.816],[120.313,-8.856],[120.277,-8.854],[120.213,-8.836],[120.149,-8.785],[119.945,-8.821],[119.91,-8.839],[119.922,-8.861],[119.906,-8.867],[119.886,-8.851],[119.89,-8.813],[119.833,-8.807],[119.8,-8.765],[119.796,-8.692],[119.811,-8.668],[119.805,-8.571],[119.868,-8.524],[119.879,-8.498],[119.881,-8.478],[119.858,-8.43],[119.88,-8.427],[119.877,-8.459],[119.908,-8.476],[119.962,-8.451],[119.969,-8.428],[119.997,-8.461],[120.018,-8.44],[119.998,-8.417],[120.015,-8.413],[120.019,-8.384],[120.043,-8.397],[120.075,-8.377],[120.05,-8.405],[120.087,-8.388],[120.085,-8.437],[120.11,-8.441],[120.126,-8.418],[120.12,-8.359],[120.163,-8.378],[120.201,-8.306],[120.261,-8.283],[120.371,-8.294],[120.408,-8.281],[120.429,-8.241],[120.467,-8.295],[120.53,-8.272],[120.558,-8.3],[120.591,-8.297],[120.601,-8.255],[120.734,-8.349],[120.762,-8.336],[120.882,-8.349],[120.884,-8.372],[120.893,-8.353],[120.94,-8.348],[120.952,-8.372],[120.945,-8.344],[120.978,-8.346],[120.979,-8.369],[120.964,-8.371],[121.024,-8.414],[121.143,-8.425]]],[[[123.019,-10.908],[123.021,-10.907],[123.021,-10.909],[123.019,-10.908]]],[[[123.001,-10.909],[122.979,-10.919],[122.976,-10.912],[123.001,-10.909]]],[[[122.998,-10.926],[122.995,-10.925],[122.998,-10.924],[122.998,-10.926]]],[[[122.992,-10.731],[122.997,-10.73],[122.997,-10.732],[122.992,-10.731]]],[[[122.959,-10.915],[122.94,-10.941],[122.93,-10.924],[122.959,-10.915]]],[[[122.963,-10.732],[122.963,-10.728],[122.964,-10.729],[122.963,-10.732]]],[[[122.948,-10.733],[122.947,-10.728],[122.957,-10.73],[122.948,-10.733]]],[[[122.951,-10.943],[122.953,-10.944],[122.951,-10.944],[122.951,-10.943]]],[[[122.886,-11.002],[122.841,-10.968],[122.864,-10.964],[122.886,-11.002]]],[[[122.883,-10.955],[122.88,-10.956],[122.878,-10.953],[122.883,-10.955]]],[[[122.845,-8.602],[122.846,-8.605],[122.844,-8.603],[122.845,-8.602]]],[[[122.794,-8.454],[122.804,-8.449],[122.801,-8.457],[122.794,-8.454]]],[[[122.75,-10.785],[122.773,-10.772],[122.787,-10.774],[122.75,-10.785]]],[[[122.735,-10.835],[122.746,-10.825],[122.749,-10.828],[122.735,-10.835]]],[[[122.688,-10.827],[122.64,-10.807],[122.642,-10.803],[122.668,-10.8],[122.688,-10.827]]],[[[122.498,-8.43],[122.508,-8.413],[122.519,-8.418],[122.513,-8.435],[122.498,-8.43]]],[[[122.461,-8.48],[122.465,-8.478],[122.468,-8.481],[122.461,-8.48]]],[[[122.452,-8.459],[122.425,-8.474],[122.423,-8.467],[122.452,-8.459]]],[[[122.443,-8.456],[122.444,-8.451],[122.449,-8.452],[122.443,-8.456]]],[[[122.408,-8.448],[122.415,-8.436],[122.415,-8.477],[122.389,-8.498],[122.335,-8.464],[122.345,-8.428],[122.408,-8.448]]],[[[122.399,-8.497],[122.4,-8.497],[122.399,-8.499],[122.399,-8.497]]],[[[122.343,-8.348],[122.339,-8.353],[122.332,-8.35],[122.343,-8.348]]],[[[122.307,-8.368],[122.285,-8.354],[122.324,-8.35],[122.307,-8.368]]],[[[122.11,-8.124],[122.113,-8.111],[122.135,-8.109],[122.131,-8.122],[122.11,-8.124]]],[[[122.007,-10.467],[121.986,-10.551],[121.946,-10.557],[121.863,-10.623],[121.749,-10.615],[121.684,-10.578],[121.834,-10.499],[121.844,-10.45],[121.897,-10.42],[121.997,-10.442],[122.007,-10.467]]],[[[121.746,-8.324],[121.728,-8.353],[121.678,-8.338],[121.707,-8.292],[121.746,-8.324]]],[[[121.61,-10.629],[121.519,-10.633],[121.557,-10.601],[121.634,-10.6],[121.61,-10.629]]],[[[121.525,-8.85],[121.522,-8.906],[121.507,-8.894],[121.525,-8.85]]],[[[121.275,-10.82],[121.283,-10.828],[121.27,-10.825],[121.275,-10.82]]],[[[119.536,-9.764],[119.456,-9.742],[119.39,-9.797],[119.301,-9.744],[119.219,-9.738],[119.185,-9.759],[119.026,-9.675],[118.929,-9.542],[119.004,-9.446],[119.102,-9.421],[119.173,-9.376],[119.22,-9.391],[119.298,-9.357],[119.384,-9.383],[119.472,-9.358],[119.532,-9.378],[119.628,-9.345],[119.686,-9.382],[119.794,-9.399],[119.936,-9.276],[120.085,-9.47],[120.128,-9.485],[120.182,-9.468],[120.211,-9.491],[120.252,-9.648],[120.299,-9.642],[120.317,-9.675],[120.462,-9.615],[120.504,-9.686],[120.558,-9.696],[120.597,-9.732],[120.678,-9.899],[120.747,-9.924],[120.816,-9.977],[120.846,-10.029],[120.842,-10.088],[120.685,-10.224],[120.64,-10.229],[120.613,-10.253],[120.532,-10.24],[120.486,-10.263],[120.453,-10.317],[120.35,-10.249],[120.165,-10.24],[120.046,-10.126],[120.035,-10.121],[120.008,-10.124],[120.019,-10.08],[119.947,-10.0],[119.95,-9.974],[119.905,-9.974],[119.905,-9.95],[119.882,-9.958],[119.863,-9.922],[119.784,-9.922],[119.768,-9.896],[119.697,-9.844],[119.687,-9.848],[119.671,-9.781],[119.621,-9.801],[119.626,-9.767],[119.595,-9.779],[119.547,-9.752],[119.536,-9.764]]],[[[120.306,-8.901],[120.256,-8.901],[120.287,-8.868],[120.306,-8.901]]],[[[120.212,-10.318],[120.18,-10.312],[120.213,-10.305],[120.212,-10.318]]],[[[120.165,-10.312],[120.162,-10.315],[120.162,-10.313],[120.165,-10.312]]],[[[120.154,-8.349],[120.124,-8.353],[120.113,-8.342],[120.154,-8.349]]],[[[120.124,-10.333],[120.106,-10.333],[120.126,-10.327],[120.124,-10.333]]],[[[120.081,-8.368],[120.08,-8.37],[120.08,-8.369],[120.081,-8.368]]],[[[120.048,-8.389],[120.045,-8.387],[120.047,-8.384],[120.048,-8.389]]],[[[120.033,-8.368],[120.017,-8.361],[120.022,-8.352],[120.033,-8.368]]],[[[120.011,-10.124],[120.01,-10.125],[120.009,-10.126],[120.011,-10.124]]],[[[119.99,-8.438],[119.993,-8.433],[119.995,-8.439],[119.99,-8.438]]],[[[119.891,-8.439],[119.891,-8.441],[119.89,-8.44],[119.891,-8.439]]],[[[119.866,-8.402],[119.839,-8.379],[119.877,-8.38],[119.866,-8.402]]],[[[119.874,-8.421],[119.864,-8.41],[119.873,-8.413],[119.874,-8.421]]],[[[119.869,-8.493],[119.863,-8.484],[119.874,-8.487],[119.869,-8.493]]],[[[119.871,-8.464],[119.868,-8.462],[119.87,-8.463],[119.871,-8.464]]],[[[119.869,-8.494],[119.869,-8.497],[119.868,-8.496],[119.869,-8.494]]],[[[119.866,-8.465],[119.869,-8.469],[119.865,-8.468],[119.866,-8.465]]],[[[119.855,-8.481],[119.853,-8.49],[119.852,-8.489],[119.855,-8.481]]],[[[119.843,-8.487],[119.85,-8.49],[119.843,-8.491],[119.843,-8.487]]],[[[119.838,-8.48],[119.84,-8.484],[119.834,-8.482],[119.838,-8.48]]],[[[119.83,-8.541],[119.83,-8.545],[119.828,-8.543],[119.83,-8.541]]],[[[119.827,-8.553],[119.826,-8.551],[119.828,-8.552],[119.827,-8.553]]],[[[119.816,-8.546],[119.814,-8.548],[119.815,-8.545],[119.816,-8.546]]],[[[119.81,-8.395],[119.805,-8.399],[119.804,-8.394],[119.81,-8.395]]],[[[119.807,-8.782],[119.804,-8.789],[119.802,-8.786],[119.807,-8.782]]],[[[119.665,-8.619],[119.674,-8.688],[119.708,-8.67],[119.687,-8.639],[119.715,-8.656],[119.719,-8.621],[119.805,-8.625],[119.799,-8.657],[119.757,-8.665],[119.745,-8.699],[119.711,-8.679],[119.69,-8.723],[119.733,-8.767],[119.694,-8.81],[119.676,-8.809],[119.659,-8.773],[119.618,-8.794],[119.603,-8.755],[119.613,-8.748],[119.606,-8.733],[119.633,-8.742],[119.617,-8.708],[119.661,-8.701],[119.653,-8.669],[119.639,-8.689],[119.624,-8.682],[119.642,-8.659],[119.614,-8.61],[119.665,-8.619]]],[[[119.797,-8.58],[119.803,-8.585],[119.794,-8.584],[119.797,-8.58]]],[[[119.804,-8.55],[119.8,-8.551],[119.801,-8.549],[119.804,-8.55]]],[[[119.798,-8.822],[119.771,-8.818],[119.783,-8.791],[119.803,-8.801],[119.798,-8.822]]],[[[119.798,-8.783],[119.801,-8.784],[119.798,-8.785],[119.798,-8.783]]],[[[119.796,-8.389],[119.799,-8.391],[119.798,-8.393],[119.796,-8.389]]],[[[119.788,-8.531],[119.788,-8.521],[119.798,-8.53],[119.788,-8.531]]],[[[119.796,-8.517],[119.794,-8.522],[119.792,-8.519],[119.796,-8.517]]],[[[119.792,-8.593],[119.79,-8.599],[119.788,-8.596],[119.792,-8.593]]],[[[119.792,-8.601],[119.795,-8.602],[119.792,-8.603],[119.792,-8.601]]],[[[119.788,-8.549],[119.783,-8.551],[119.785,-8.546],[119.788,-8.549]]],[[[119.787,-8.675],[119.776,-8.68],[119.773,-8.667],[119.787,-8.675]]],[[[119.77,-8.604],[119.767,-8.606],[119.767,-8.604],[119.77,-8.604]]],[[[119.769,-8.598],[119.766,-8.599],[119.767,-8.597],[119.769,-8.598]]],[[[119.766,-8.714],[119.765,-8.705],[119.767,-8.698],[119.768,-8.708],[119.766,-8.714]]],[[[119.767,-9.906],[119.768,-9.907],[119.767,-9.908],[119.767,-9.906]]],[[[119.761,-8.494],[119.756,-8.495],[119.756,-8.492],[119.761,-8.494]]],[[[119.758,-8.594],[119.756,-8.592],[119.757,-8.59],[119.758,-8.594]]],[[[119.753,-8.693],[119.754,-8.696],[119.753,-8.695],[119.753,-8.693]]],[[[119.748,-8.573],[119.75,-8.582],[119.746,-8.58],[119.748,-8.573]]],[[[119.747,-8.527],[119.745,-8.529],[119.745,-8.525],[119.747,-8.527]]],[[[119.737,-8.522],[119.734,-8.522],[119.735,-8.519],[119.737,-8.522]]],[[[119.733,-8.498],[119.716,-8.518],[119.716,-8.497],[119.733,-8.498]]],[[[119.728,-8.51],[119.733,-8.513],[119.728,-8.512],[119.728,-8.51]]],[[[119.727,-8.513],[119.729,-8.518],[119.725,-8.518],[119.727,-8.513]]],[[[119.72,-8.58],[119.712,-8.57],[119.729,-8.573],[119.72,-8.58]]],[[[119.727,-8.589],[119.727,-8.592],[119.725,-8.591],[119.727,-8.589]]],[[[119.722,-8.613],[119.72,-8.616],[119.719,-8.613],[119.722,-8.613]]],[[[119.711,-8.517],[119.713,-8.519],[119.711,-8.518],[119.711,-8.517]]],[[[119.711,-8.633],[119.711,-8.635],[119.71,-8.634],[119.711,-8.633]]],[[[119.706,-8.631],[119.707,-8.628],[119.71,-8.63],[119.706,-8.631]]],[[[119.696,-8.512],[119.709,-8.515],[119.699,-8.517],[119.696,-8.512]]],[[[119.705,-8.6],[119.706,-8.6],[119.705,-8.601],[119.705,-8.6]]],[[[119.702,-9.857],[119.702,-9.86],[119.701,-9.858],[119.702,-9.857]]],[[[119.7,-8.598],[119.698,-8.597],[119.7,-8.595],[119.7,-8.598]]],[[[119.685,-8.581],[119.693,-8.578],[119.698,-8.581],[119.685,-8.581]]],[[[119.695,-8.585],[119.691,-8.588],[119.694,-8.584],[119.695,-8.585]]],[[[119.692,-8.55],[119.691,-8.551],[119.69,-8.551],[119.692,-8.55],[119.69,-8.545],[119.692,-8.55]]],[[[119.682,-8.558],[119.69,-8.548],[119.69,-8.55],[119.682,-8.558]]],[[[119.655,-8.784],[119.659,-8.818],[119.63,-8.805],[119.655,-8.784]]],[[[119.658,-8.567],[119.647,-8.536],[119.66,-8.532],[119.665,-8.537],[119.658,-8.567]]],[[[119.658,-8.785],[119.659,-8.784],[119.66,-8.786],[119.658,-8.785]]],[[[119.646,-8.685],[119.649,-8.688],[119.645,-8.686],[119.646,-8.685]]],[[[119.643,-8.54],[119.641,-8.541],[119.641,-8.538],[119.643,-8.54]]],[[[119.643,-8.516],[119.634,-8.515],[119.64,-8.51],[119.643,-8.516]]],[[[119.632,-8.559],[119.628,-8.555],[119.632,-8.557],[119.632,-8.559]]],[[[119.622,-8.638],[119.622,-8.636],[119.623,-8.639],[119.622,-8.638]]],[[[119.616,-8.637],[119.619,-8.627],[119.619,-8.636],[119.616,-8.637]]],[[[119.613,-8.723],[119.615,-8.726],[119.613,-8.726],[119.613,-8.723]]],[[[119.602,-8.66],[119.565,-8.659],[119.556,-8.67],[119.564,-8.692],[119.559,-8.695],[119.535,-8.669],[119.569,-8.656],[119.597,-8.631],[119.602,-8.66]]],[[[119.604,-8.749],[119.602,-8.748],[119.604,-8.748],[119.604,-8.749]]],[[[119.587,-8.486],[119.589,-8.492],[119.586,-8.489],[119.587,-8.486]]],[[[119.586,-8.518],[119.588,-8.518],[119.587,-8.52],[119.586,-8.518]]],[[[119.584,-8.452],[119.564,-8.446],[119.583,-8.441],[119.584,-8.452]]],[[[119.582,-8.493],[119.578,-8.498],[119.578,-8.494],[119.582,-8.493]]],[[[119.57,-8.541],[119.577,-8.535],[119.579,-8.539],[119.57,-8.541]]],[[[119.455,-8.427],[119.471,-8.48],[119.507,-8.494],[119.571,-8.49],[119.57,-8.532],[119.56,-8.514],[119.549,-8.53],[119.574,-8.595],[119.519,-8.602],[119.52,-8.574],[119.498,-8.571],[119.48,-8.605],[119.453,-8.606],[119.473,-8.629],[119.492,-8.612],[119.485,-8.641],[119.433,-8.676],[119.456,-8.703],[119.452,-8.745],[119.471,-8.737],[119.444,-8.751],[119.406,-8.722],[119.377,-8.738],[119.371,-8.717],[119.404,-8.688],[119.41,-8.647],[119.398,-8.622],[119.373,-8.631],[119.389,-8.601],[119.374,-8.585],[119.437,-8.525],[119.412,-8.502],[119.449,-8.491],[119.423,-8.444],[119.451,-8.452],[119.455,-8.427]]],[[[119.572,-8.686],[119.569,-8.693],[119.565,-8.686],[119.572,-8.686]]],[[[119.57,-8.649],[119.572,-8.651],[119.57,-8.652],[119.57,-8.649]]],[[[119.567,-8.541],[119.569,-8.543],[119.565,-8.542],[119.567,-8.541]]],[[[119.567,-8.468],[119.553,-8.469],[119.562,-8.461],[119.567,-8.468]]],[[[119.544,-8.682],[119.542,-8.681],[119.544,-8.681],[119.544,-8.682]]],[[[119.533,-8.689],[119.536,-8.693],[119.533,-8.693],[119.533,-8.689]]],[[[119.531,-8.614],[119.527,-8.606],[119.534,-8.607],[119.531,-8.614]]],[[[119.533,-8.675],[119.533,-8.678],[119.532,-8.678],[119.533,-8.675]]],[[[119.532,-8.67],[119.533,-8.669],[119.533,-8.67],[119.532,-8.67]]],[[[119.528,-8.626],[119.53,-8.623],[119.53,-8.624],[119.528,-8.626]]],[[[119.519,-8.617],[119.52,-8.615],[119.521,-8.615],[119.519,-8.617]]],[[[119.497,-8.601],[119.495,-8.598],[119.498,-8.6],[119.497,-8.601]]],[[[119.494,-8.649],[119.497,-8.648],[119.496,-8.651],[119.494,-8.649]]],[[[119.48,-8.738],[119.482,-8.737],[119.482,-8.739],[119.48,-8.738]]],[[[119.476,-8.617],[119.475,-8.618],[119.474,-8.617],[119.476,-8.617]]],[[[119.465,-8.688],[119.472,-8.687],[119.474,-8.69],[119.465,-8.688]]],[[[119.471,-8.621],[119.468,-8.618],[119.472,-8.617],[119.471,-8.621]]],[[[119.431,-8.764],[119.419,-8.755],[119.425,-8.744],[119.431,-8.764]]],[[[119.41,-8.743],[119.412,-8.742],[119.412,-8.743],[119.41,-8.743]]],[[[119.411,-8.736],[119.411,-8.739],[119.41,-8.738],[119.411,-8.736]]],[[[119.396,-8.635],[119.396,-8.637],[119.395,-8.636],[119.396,-8.635]]],[[[119.389,-8.554],[119.388,-8.556],[119.386,-8.552],[119.389,-8.554]]],[[[119.364,-8.748],[119.375,-8.739],[119.375,-8.745],[119.364,-8.748]]],[[[119.371,-8.557],[119.373,-8.559],[119.371,-8.56],[119.371,-8.557]]],[[[119.345,-8.505],[119.345,-8.509],[119.344,-8.507],[119.345,-8.505]]]]}},{"type":"Feature","properties":{"id":"KBR","name":"Kalimantan Barat","region":"Kalimantan","tz":"WIB","population_m":5.62,"districts":14,"center":[111.0672,-0.479],"bbox":[108.678,-3.068,114.223,2.081]},"geometry":{"type":"MultiPolygon","coordinates":[[[[108.841,0.815],[108.954,0.906],[108.979,0.989],[108.904,1.171],[108.971,1.176],[108.964,1.218],[109.041,1.345],[109.037,1.463],[109.056,1.521],[109.251,1.659],[109.301,1.768],[109.288,1.777],[109.337,1.833],[109.343,1.876],[109.322,1.927],[109.337,1.943],[109.429,1.95],[109.476,1.982],[109.585,1.99],[109.645,2.081],[109.627,1.991],[109.56,1.971],[109.564,1.937],[109.538,1.927],[109.586,1.792],[109.635,1.805],[109.685,1.782],[109.662,1.617],[109.799,1.505],[109.803,1.465],[109.839,1.483],[109.837,1.422],[109.929,1.426],[109.963,1.404],[109.979,1.298],[110.066,1.264],[110.065,1.209],[110.087,1.218],[110.097,1.199],[110.193,1.183],[110.21,1.119],[110.241,1.118],[110.26,1.058],[110.286,1.045],[110.276,0.997],[110.325,0.992],[110.339,1.013],[110.359,0.983],[110.396,0.998],[110.405,0.953],[110.439,0.944],[110.447,0.908],[110.575,0.854],[110.629,0.869],[110.652,0.903],[110.654,0.876],[110.695,0.864],[110.716,0.906],[110.756,0.899],[110.771,0.932],[110.81,0.9],[110.809,0.95],[110.861,0.951],[110.905,1.029],[111.154,1.053],[111.232,1.086],[111.252,1.063],[111.413,1.008],[111.489,1.035],[111.523,0.956],[111.548,0.947],[111.549,0.988],[111.581,0.979],[111.596,1.009],[111.668,1.043],[111.693,1.018],[111.713,1.025],[111.717,1.007],[111.763,1.021],[111.777,1.0],[111.829,0.986],[111.87,1.013],[111.887,1.079],[111.929,1.091],[111.935,1.122],[111.997,1.14],[112.143,1.135],[112.135,1.178],[112.165,1.21],[112.179,1.304],[112.202,1.314],[112.232,1.379],[112.232,1.398],[112.2,1.407],[112.212,1.45],[112.278,1.468],[112.319,1.508],[112.434,1.527],[112.501,1.584],[112.658,1.571],[112.677,1.555],[112.775,1.564],[112.841,1.538],[112.884,1.587],[112.975,1.563],[112.999,1.578],[113.059,1.559],[113.071,1.529],[113.032,1.493],[113.041,1.474],[112.983,1.45],[112.975,1.411],[113.019,1.405],[113.106,1.446],[113.144,1.388],[113.189,1.377],[113.232,1.394],[113.328,1.375],[113.421,1.285],[113.549,1.32],[113.583,1.308],[113.632,1.219],[113.667,1.218],[113.703,1.265],[113.804,1.3],[113.83,1.337],[113.822,1.374],[113.975,1.45],[114.141,1.467],[114.205,1.41],[114.166,1.382],[114.207,1.342],[114.211,1.306],[114.187,1.269],[114.208,1.236],[114.199,1.192],[114.222,1.161],[114.087,1.105],[114.058,1.128],[114.036,1.111],[113.987,1.126],[113.963,1.11],[113.948,1.061],[113.895,1.055],[113.915,0.977],[113.871,0.889],[113.926,0.84],[113.874,0.78],[113.896,0.742],[113.844,0.706],[113.842,0.662],[113.812,0.642],[113.775,0.566],[113.694,0.518],[113.657,0.439],[113.586,0.405],[113.453,0.272],[113.349,0.278],[113.271,0.241],[113.325,0.18],[113.421,0.122],[113.41,0.05],[113.44,0.014],[113.417,-0.049],[113.441,-0.068],[113.421,-0.117],[113.397,-0.127],[113.421,-0.142],[113.414,-0.159],[113.388,-0.167],[113.353,-0.224],[113.288,-0.245],[113.208,-0.339],[113.262,-0.392],[113.266,-0.427],[113.219,-0.506],[113.185,-0.47],[113.156,-0.47],[113.15,-0.449],[113.113,-0.475],[113.109,-0.5],[113.1,-0.486],[113.059,-0.509],[113.024,-0.475],[113.015,-0.495],[112.917,-0.521],[112.836,-0.577],[112.745,-0.572],[112.73,-0.587],[112.733,-0.633],[112.705,-0.627],[112.687,-0.657],[112.647,-0.658],[112.644,-0.676],[112.578,-0.681],[112.567,-0.697],[112.495,-0.698],[112.431,-0.671],[112.388,-0.714],[112.346,-0.706],[112.315,-0.723],[112.274,-0.647],[112.21,-0.615],[112.178,-0.643],[112.175,-0.726],[112.146,-0.73],[112.091,-0.699],[112.022,-0.79],[111.922,-0.794],[111.918,-0.841],[111.888,-0.841],[111.825,-0.911],[111.75,-0.913],[111.701,-0.953],[111.64,-0.972],[111.622,-0.999],[111.624,-1.065],[111.568,-1.11],[111.558,-1.201],[111.517,-1.222],[111.446,-1.224],[111.384,-1.28],[111.394,-1.327],[111.332,-1.334],[111.325,-1.365],[111.26,-1.416],[111.148,-1.441],[111.119,-1.553],[111.075,-1.559],[111.06,-1.536],[111.013,-1.563],[110.979,-1.54],[110.952,-1.579],[110.9,-1.592],[110.854,-1.636],[110.855,-1.674],[110.887,-1.682],[110.901,-1.713],[110.943,-1.71],[110.974,-1.669],[111.006,-1.705],[111.014,-1.778],[110.978,-1.838],[110.975,-1.878],[110.996,-1.909],[110.98,-1.95],[111.018,-1.956],[111.057,-2.013],[111.09,-2.016],[111.057,-2.072],[111.079,-2.161],[111.032,-2.241],[111.07,-2.3],[111.103,-2.424],[111.136,-2.611],[111.119,-2.653],[111.164,-2.672],[111.171,-2.698],[111.128,-2.753],[111.012,-2.795],[110.967,-2.858],[110.794,-2.909],[110.727,-3.001],[110.657,-3.04],[110.627,-3.029],[110.611,-2.988],[110.644,-2.99],[110.623,-2.889],[110.569,-2.84],[110.419,-2.897],[110.306,-2.996],[110.26,-2.961],[110.224,-2.887],[110.257,-2.837],[110.261,-2.769],[110.218,-2.74],[110.233,-2.697],[110.214,-2.648],[110.149,-2.622],[110.184,-2.59],[110.197,-2.521],[110.181,-2.456],[110.147,-2.428],[110.139,-2.305],[110.102,-2.25],[110.062,-2.246],[110.091,-2.225],[110.085,-2.179],[110.116,-2.126],[110.12,-2.03],[110.067,-1.931],[109.924,-1.858],[109.901,-1.828],[109.928,-1.83],[109.909,-1.805],[109.913,-1.774],[109.946,-1.775],[109.94,-1.763],[109.976,-1.748],[110.027,-1.683],[110.069,-1.363],[110.022,-1.292],[109.962,-1.277],[109.935,-1.219],[109.908,-1.209],[109.94,-1.124],[109.819,-1.092],[109.804,-1.049],[109.768,-1.034],[109.763,-0.994],[109.733,-0.988],[109.727,-0.923],[109.756,-0.908],[109.739,-0.884],[109.75,-0.875],[109.75,-0.868],[109.74,-0.86],[109.721,-0.871],[109.721,-0.85],[109.713,-0.829],[109.693,-0.824],[109.679,-0.83],[109.662,-0.807],[109.635,-0.797],[109.638,-0.787],[109.632,-0.752],[109.67,-0.754],[109.677,-0.745],[109.672,-0.739],[109.677,-0.737],[109.685,-0.728],[109.692,-0.727],[109.696,-0.72],[109.697,-0.716],[109.657,-0.671],[109.632,-0.689],[109.612,-0.683],[109.596,-0.694],[109.584,-0.651],[109.547,-0.652],[109.543,-0.645],[109.529,-0.644],[109.527,-0.637],[109.503,-0.636],[109.495,-0.624],[109.481,-0.625],[109.475,-0.616],[109.415,-0.631],[109.374,-0.585],[109.328,-0.588],[109.325,-0.584],[109.334,-0.577],[109.335,-0.574],[109.333,-0.572],[109.324,-0.574],[109.315,-0.594],[109.252,-0.589],[109.25,-0.605],[109.202,-0.551],[109.157,-0.571],[109.125,-0.536],[109.099,-0.352],[109.104,-0.345],[109.119,-0.359],[109.162,-0.372],[109.165,-0.37],[109.114,-0.343],[109.089,-0.274],[109.12,-0.26],[109.133,-0.238],[109.172,-0.232],[109.198,-0.221],[109.227,-0.249],[109.279,-0.28],[109.289,-0.279],[109.182,-0.197],[109.19,-0.136],[109.182,-0.102],[109.188,-0.091],[109.159,-0.039],[109.169,0.031],[109.314,-0.003],[109.38,-0.07],[109.345,-0.024],[109.383,-0.023],[109.345,-0.021],[109.321,-0.0],[109.176,0.074],[109.087,0.251],[109.015,0.298],[108.918,0.328],[108.946,0.41],[108.908,0.483],[108.928,0.626],[108.873,0.708],[108.882,0.765],[108.841,0.815]]],[[[110.224,-3.039],[110.225,-3.041],[110.225,-3.042],[110.224,-3.039]]],[[[110.204,-3.068],[110.204,-3.065],[110.205,-3.067],[110.204,-3.068]]],[[[110.17,-2.853],[110.192,-2.913],[110.161,-2.914],[110.131,-2.89],[110.17,-2.853]]],[[[110.148,-2.631],[110.154,-2.637],[110.153,-2.638],[110.148,-2.631]]],[[[110.128,-2.694],[110.12,-2.75],[110.082,-2.761],[110.044,-2.748],[110.098,-2.675],[110.128,-2.694]]],[[[110.122,-2.639],[110.127,-2.627],[110.129,-2.629],[110.122,-2.639]]],[[[110.12,-2.67],[110.119,-2.673],[110.117,-2.67],[110.12,-2.67]]],[[[110.118,-2.665],[110.12,-2.666],[110.12,-2.668],[110.118,-2.665]]],[[[110.089,-2.878],[110.092,-2.88],[110.09,-2.882],[110.089,-2.878]]],[[[110.082,-2.832],[110.083,-2.829],[110.084,-2.836],[110.082,-2.832]]],[[[110.085,-2.172],[110.081,-2.17],[110.081,-2.169],[110.085,-2.172]]],[[[110.078,-2.17],[110.079,-2.167],[110.08,-2.168],[110.078,-2.17]]],[[[110.071,-2.37],[110.073,-2.37],[110.072,-2.373],[110.071,-2.37]]],[[[110.059,-2.377],[110.07,-2.374],[110.07,-2.379],[110.059,-2.377]]],[[[110.048,-1.43],[110.05,-1.439],[110.047,-1.436],[110.048,-1.43]]],[[[110.028,-1.311],[110.029,-1.31],[110.029,-1.312],[110.028,-1.311]]],[[[110.024,-1.438],[110.022,-1.434],[110.023,-1.436],[110.024,-1.438]]],[[[110.016,-1.436],[110.016,-1.428],[110.019,-1.437],[110.016,-1.436]]],[[[110.004,-1.428],[110.007,-1.424],[110.006,-1.429],[110.004,-1.428]]],[[[109.989,-2.258],[109.988,-2.256],[109.991,-2.26],[109.989,-2.258]]],[[[109.948,-1.267],[109.951,-1.268],[109.949,-1.27],[109.948,-1.267]]],[[[109.935,-1.772],[109.936,-1.771],[109.938,-1.772],[109.935,-1.772]]],[[[109.933,-1.765],[109.93,-1.765],[109.929,-1.764],[109.933,-1.765]]],[[[109.918,-1.822],[109.92,-1.82],[109.922,-1.823],[109.918,-1.822]]],[[[109.9,-1.343],[109.9,-1.352],[109.896,-1.351],[109.9,-1.343]]],[[[109.887,-1.366],[109.888,-1.367],[109.886,-1.369],[109.887,-1.366]]],[[[109.532,-0.997],[109.636,-0.986],[109.643,-1.012],[109.674,-1.021],[109.715,-0.99],[109.761,-1.005],[109.78,-1.144],[109.689,-1.193],[109.687,-1.218],[109.477,-1.308],[109.38,-1.255],[109.406,-1.245],[109.431,-1.186],[109.458,-1.004],[109.488,-0.973],[109.532,-0.997]]],[[[109.35,-0.713],[109.394,-0.707],[109.467,-0.755],[109.553,-0.744],[109.56,-0.763],[109.676,-0.832],[109.71,-0.832],[109.715,-0.87],[109.748,-0.872],[109.736,-0.882],[109.746,-0.9],[109.721,-0.914],[109.721,-0.974],[109.682,-1.014],[109.639,-0.977],[109.613,-0.972],[109.584,-0.898],[109.438,-0.853],[109.415,-0.869],[109.433,-0.897],[109.406,-0.933],[109.309,-0.908],[109.24,-0.817],[109.245,-0.666],[109.35,-0.713]]],[[[109.671,-0.739],[109.67,-0.753],[109.615,-0.749],[109.606,-0.735],[109.641,-0.733],[109.648,-0.719],[109.663,-0.726],[109.695,-0.717],[109.671,-0.739]]],[[[109.688,-0.707],[109.647,-0.717],[109.63,-0.732],[109.595,-0.715],[109.58,-0.718],[109.578,-0.71],[109.632,-0.706],[109.647,-0.704],[109.656,-0.7],[109.688,-0.707]]],[[[109.655,-0.698],[109.603,-0.702],[109.562,-0.712],[109.552,-0.707],[109.632,-0.69],[109.656,-0.672],[109.674,-0.697],[109.655,-0.698]]],[[[109.632,-0.762],[109.629,-0.796],[109.567,-0.754],[109.575,-0.733],[109.632,-0.762]]],[[[109.593,-0.716],[109.599,-0.744],[109.571,-0.712],[109.58,-0.719],[109.593,-0.716]]],[[[109.517,-0.645],[109.528,-0.647],[109.548,-0.656],[109.584,-0.653],[109.583,-0.686],[109.546,-0.703],[109.499,-0.694],[109.498,-0.688],[109.473,-0.671],[109.491,-0.674],[109.496,-0.667],[109.497,-0.662],[109.488,-0.662],[109.474,-0.643],[109.458,-0.636],[109.473,-0.624],[109.517,-0.645]]],[[[109.554,-0.728],[109.569,-0.712],[109.575,-0.718],[109.568,-0.744],[109.554,-0.728]]],[[[109.559,-0.716],[109.46,-0.73],[109.445,-0.708],[109.457,-0.72],[109.462,-0.721],[109.483,-0.717],[109.485,-0.714],[109.483,-0.708],[109.491,-0.707],[109.492,-0.7],[109.496,-0.703],[109.523,-0.699],[109.559,-0.716]]],[[[109.49,-0.694],[109.498,-0.689],[109.498,-0.694],[109.49,-0.694]]],[[[109.497,-0.702],[109.492,-0.699],[109.483,-0.706],[109.483,-0.717],[109.459,-0.719],[109.412,-0.674],[109.42,-0.669],[109.436,-0.676],[109.453,-0.672],[109.471,-0.689],[109.48,-0.69],[109.497,-0.702]]],[[[109.452,-0.632],[109.491,-0.673],[109.427,-0.638],[109.452,-0.632]]],[[[109.364,-0.617],[109.474,-0.677],[109.475,-0.688],[109.454,-0.671],[109.442,-0.667],[109.436,-0.674],[109.423,-0.668],[109.406,-0.673],[109.391,-0.659],[109.373,-0.648],[109.36,-0.653],[109.351,-0.635],[109.364,-0.617]]],[[[109.353,-0.664],[109.37,-0.65],[109.405,-0.675],[109.365,-0.676],[109.353,-0.664]]],[[[109.384,-1.505],[109.382,-1.497],[109.387,-1.486],[109.384,-1.505]]],[[[109.383,-1.48],[109.383,-1.478],[109.384,-1.478],[109.383,-1.48]]],[[[109.358,-0.946],[109.361,-0.948],[109.358,-0.95],[109.358,-0.946]]],[[[109.351,-1.502],[109.352,-1.5],[109.353,-1.501],[109.351,-1.502]]],[[[109.342,-1.524],[109.345,-1.517],[109.346,-1.519],[109.342,-1.524]]],[[[109.334,-1.526],[109.333,-1.522],[109.335,-1.525],[109.334,-1.526]]],[[[109.325,-0.574],[109.335,-0.574],[109.324,-0.582],[109.325,-0.574]]],[[[109.311,-0.61],[109.313,-0.609],[109.311,-0.611],[109.311,-0.61]]],[[[109.311,-1.289],[109.312,-1.289],[109.312,-1.29],[109.311,-1.289]]],[[[109.281,-0.613],[109.299,-0.594],[109.307,-0.601],[109.281,-0.613]]],[[[109.296,-1.235],[109.298,-1.236],[109.296,-1.237],[109.296,-1.235]]],[[[109.295,-1.228],[109.298,-1.231],[109.296,-1.231],[109.295,-1.228]]],[[[109.296,-1.713],[109.296,-1.715],[109.293,-1.715],[109.296,-1.713]]],[[[109.296,-1.729],[109.297,-1.727],[109.297,-1.73],[109.296,-1.729]]],[[[109.282,-1.21],[109.285,-1.212],[109.283,-1.213],[109.282,-1.21]]],[[[109.275,-1.2],[109.275,-1.211],[109.273,-1.2],[109.275,-1.2]]],[[[109.268,-1.217],[109.243,-1.243],[109.217,-1.237],[109.227,-1.201],[109.259,-1.183],[109.268,-1.217]]],[[[109.259,-0.944],[109.258,-0.94],[109.26,-0.942],[109.259,-0.944]]],[[[109.252,-1.237],[109.254,-1.235],[109.254,-1.237],[109.252,-1.237]]],[[[109.25,-0.947],[109.252,-0.942],[109.254,-0.945],[109.25,-0.947]]],[[[109.247,0.018],[109.244,0.024],[109.253,0.016],[109.247,0.018]]],[[[109.241,0.026],[109.244,0.02],[109.232,0.029],[109.241,0.026]]],[[[109.239,0.019],[109.178,0.036],[109.178,0.046],[109.2,0.047],[109.239,0.019]]],[[[109.228,-1.414],[109.227,-1.412],[109.229,-1.412],[109.228,-1.414]]],[[[109.218,-1.409],[109.224,-1.413],[109.217,-1.411],[109.218,-1.409]]],[[[109.2,-1.238],[109.208,-1.243],[109.205,-1.244],[109.2,-1.238]]],[[[109.207,-1.588],[109.201,-1.587],[109.204,-1.587],[109.207,-1.588]]],[[[109.186,-0.223],[109.132,-0.236],[109.083,-0.27],[109.093,-0.33],[109.054,-0.259],[109.06,-0.212],[109.072,-0.22],[109.127,-0.202],[109.186,-0.223]]],[[[109.188,-1.593],[109.192,-1.594],[109.19,-1.595],[109.188,-1.593]]],[[[109.192,-1.272],[109.187,-1.271],[109.192,-1.27],[109.192,-1.272]]],[[[109.176,-0.194],[109.124,-0.104],[109.162,-0.058],[109.165,-0.093],[109.187,-0.14],[109.176,-0.194]]],[[[109.176,-1.296],[109.153,-1.276],[109.158,-1.266],[109.178,-1.281],[109.176,-1.296]]],[[[109.176,-0.089],[109.17,-0.093],[109.171,-0.088],[109.176,-0.089]]],[[[109.159,-0.208],[109.099,-0.195],[109.086,-0.187],[109.11,-0.168],[109.169,-0.195],[109.159,-0.208]]],[[[109.17,-1.265],[109.171,-1.264],[109.171,-1.266],[109.17,-1.265]]],[[[109.141,-1.288],[109.161,-1.299],[109.136,-1.331],[109.141,-1.288]]],[[[109.127,-0.146],[109.16,-0.179],[109.16,-0.185],[109.126,-0.167],[109.127,-0.146]]],[[[109.155,-1.604],[109.15,-1.6],[109.157,-1.599],[109.155,-1.604]]],[[[109.155,-1.578],[109.157,-1.577],[109.156,-1.578],[109.155,-1.578]]],[[[109.13,-1.303],[109.114,-1.313],[109.138,-1.289],[109.13,-1.303]]],[[[109.13,-1.278],[109.133,-1.285],[109.126,-1.287],[109.13,-1.278]]],[[[109.126,-0.11],[109.118,-0.109],[109.123,-0.103],[109.126,-0.11]]],[[[109.092,-0.151],[109.094,-0.13],[109.113,-0.117],[109.124,-0.169],[109.092,-0.151]]],[[[109.116,-1.344],[109.113,-1.345],[109.113,-1.343],[109.116,-1.344]]],[[[109.112,-1.696],[109.113,-1.695],[109.113,-1.697],[109.112,-1.696]]],[[[109.102,-0.209],[109.099,-0.207],[109.101,-0.206],[109.102,-0.209]]],[[[109.096,-1.696],[109.095,-1.7],[109.092,-1.696],[109.096,-1.696]]],[[[109.091,-0.175],[109.08,-0.168],[109.095,-0.171],[109.091,-0.175]]],[[[109.069,-0.191],[109.072,-0.196],[109.064,-0.195],[109.069,-0.191]]],[[[109.053,-1.502],[109.04,-1.486],[109.043,-1.474],[109.057,-1.484],[109.053,-1.502]]],[[[108.898,-1.535],[108.94,-1.552],[108.983,-1.602],[108.966,-1.629],[108.881,-1.673],[108.832,-1.667],[108.819,-1.649],[108.84,-1.633],[108.827,-1.59],[108.84,-1.585],[108.798,-1.593],[108.807,-1.581],[108.791,-1.578],[108.835,-1.553],[108.844,-1.569],[108.877,-1.568],[108.898,-1.535]]],[[[108.899,-1.288],[108.901,-1.286],[108.902,-1.284],[108.902,-1.286],[108.899,-1.288]]],[[[108.858,0.708],[108.865,0.709],[108.865,0.703],[108.858,0.708]]],[[[108.864,0.487],[108.838,0.499],[108.859,0.517],[108.864,0.487]]],[[[108.859,0.717],[108.86,0.719],[108.86,0.717],[108.859,0.717]]],[[[108.825,-1.555],[108.827,-1.556],[108.825,-1.557],[108.825,-1.555]]],[[[108.797,-1.558],[108.806,-1.562],[108.796,-1.56],[108.797,-1.558]]],[[[108.796,0.749],[108.786,0.749],[108.789,0.756],[108.796,0.749]]],[[[108.783,0.821],[108.782,0.84],[108.794,0.836],[108.783,0.821]]],[[[108.785,-1.616],[108.786,-1.612],[108.787,-1.613],[108.785,-1.616]]],[[[108.783,-1.713],[108.719,-1.727],[108.678,-1.72],[108.685,-1.703],[108.783,-1.713]]],[[[108.784,-1.573],[108.786,-1.572],[108.785,-1.576],[108.784,-1.573]]],[[[108.781,-1.567],[108.782,-1.566],[108.782,-1.567],[108.781,-1.567]]],[[[108.781,-1.558],[108.782,-1.557],[108.782,-1.559],[108.781,-1.558]]],[[[108.777,-1.554],[108.772,-1.558],[108.772,-1.554],[108.777,-1.554]]],[[[108.763,-1.591],[108.777,-1.575],[108.776,-1.587],[108.763,-1.591]]],[[[108.767,0.762],[108.772,0.736],[108.768,0.729],[108.759,0.744],[108.767,0.762]]],[[[108.763,-1.625],[108.76,-1.624],[108.764,-1.623],[108.763,-1.625]]],[[[108.753,-1.588],[108.749,-1.589],[108.753,-1.584],[108.753,-1.588]]],[[[108.732,-1.576],[108.739,-1.571],[108.741,-1.578],[108.732,-1.576]]],[[[108.701,0.804],[108.727,0.732],[108.695,0.776],[108.701,0.804]]]]}},{"type":"Feature","properties":{"id":"KTG","name":"Kalimantan Tengah","region":"Kalimantan","tz":"WIB","population_m":2.74,"districts":14,"center":[113.4372,-1.3851],"bbox":[110.734,-3.544,115.847,0.778]},"geometry":{"type":"MultiPolygon","coordinates":[[[[111.346,-2.907],[111.111,-3.029],[110.973,-3.066],[110.819,-2.981],[110.734,-2.988],[110.794,-2.909],[110.967,-2.858],[111.012,-2.795],[111.128,-2.753],[111.171,-2.698],[111.164,-2.672],[111.119,-2.653],[111.136,-2.611],[111.103,-2.424],[111.07,-2.3],[111.032,-2.241],[111.079,-2.161],[111.057,-2.072],[111.09,-2.016],[111.057,-2.013],[111.018,-1.956],[110.98,-1.95],[110.996,-1.909],[110.975,-1.878],[110.978,-1.838],[111.014,-1.778],[111.006,-1.705],[110.974,-1.669],[110.943,-1.71],[110.901,-1.713],[110.887,-1.682],[110.855,-1.674],[110.859,-1.63],[110.9,-1.592],[110.952,-1.579],[110.979,-1.54],[111.013,-1.563],[111.06,-1.536],[111.075,-1.559],[111.119,-1.553],[111.148,-1.441],[111.26,-1.416],[111.325,-1.365],[111.332,-1.334],[111.394,-1.327],[111.384,-1.28],[111.446,-1.224],[111.517,-1.222],[111.558,-1.201],[111.568,-1.11],[111.624,-1.065],[111.622,-0.999],[111.64,-0.972],[111.701,-0.953],[111.75,-0.913],[111.825,-0.911],[111.888,-0.841],[111.918,-0.841],[111.922,-0.794],[112.022,-0.79],[112.091,-0.699],[112.146,-0.73],[112.175,-0.726],[112.178,-0.643],[112.21,-0.615],[112.274,-0.647],[112.315,-0.723],[112.346,-0.706],[112.388,-0.714],[112.431,-0.671],[112.495,-0.698],[112.567,-0.697],[112.578,-0.681],[112.644,-0.676],[112.647,-0.658],[112.687,-0.657],[112.705,-0.627],[112.733,-0.633],[112.73,-0.587],[112.745,-0.572],[112.836,-0.577],[112.917,-0.521],[113.015,-0.495],[113.024,-0.475],[113.059,-0.509],[113.1,-0.486],[113.109,-0.5],[113.113,-0.475],[113.15,-0.449],[113.156,-0.47],[113.185,-0.47],[113.219,-0.506],[113.266,-0.427],[113.262,-0.392],[113.208,-0.339],[113.288,-0.245],[113.353,-0.224],[113.388,-0.167],[113.414,-0.159],[113.421,-0.142],[113.397,-0.127],[113.421,-0.117],[113.441,-0.068],[113.417,-0.049],[113.44,0.014],[113.41,0.05],[113.421,0.122],[113.325,0.18],[113.271,0.241],[113.349,0.278],[113.423,0.263],[113.458,0.276],[113.586,0.405],[113.657,0.439],[113.669,0.49],[113.775,0.566],[113.812,0.642],[113.843,0.666],[113.88,0.66],[113.886,0.642],[113.978,0.667],[114.008,0.646],[114.027,0.671],[114.123,0.695],[114.13,0.67],[114.177,0.64],[114.158,0.591],[114.195,0.585],[114.203,0.54],[114.245,0.521],[114.322,0.541],[114.407,0.495],[114.436,0.509],[114.435,0.543],[114.463,0.562],[114.531,0.559],[114.545,0.63],[114.618,0.641],[114.7,0.726],[114.698,0.704],[114.717,0.701],[114.818,0.753],[114.862,0.737],[114.915,0.778],[114.969,0.752],[115.011,0.607],[115.133,0.432],[115.129,0.375],[115.047,0.298],[115.02,0.331],[114.955,0.319],[114.944,0.334],[114.901,0.316],[114.864,0.238],[114.838,0.234],[114.829,0.195],[114.801,0.174],[114.814,0.159],[114.795,0.084],[114.895,0.04],[114.929,-0.191],[114.987,-0.173],[115.045,-0.19],[115.081,-0.153],[115.146,-0.138],[115.156,-0.101],[115.183,-0.081],[115.3,-0.032],[115.315,-0.101],[115.26,-0.156],[115.269,-0.19],[115.238,-0.236],[115.254,-0.301],[115.222,-0.307],[115.253,-0.412],[115.246,-0.452],[115.299,-0.497],[115.354,-0.583],[115.38,-0.802],[115.398,-0.825],[115.505,-0.856],[115.566,-0.933],[115.66,-1.0],[115.656,-1.057],[115.694,-1.052],[115.743,-1.096],[115.757,-1.135],[115.8,-1.115],[115.847,-1.161],[115.772,-1.229],[115.754,-1.315],[115.576,-1.381],[115.524,-1.43],[115.447,-1.565],[115.382,-1.719],[115.396,-1.747],[115.352,-1.849],[115.397,-1.9],[115.421,-1.892],[115.431,-1.924],[115.404,-1.989],[115.408,-2.058],[115.345,-2.082],[115.322,-2.072],[115.304,-2.137],[115.33,-2.163],[115.291,-2.226],[115.265,-2.226],[115.241,-2.196],[115.249,-2.245],[114.915,-2.459],[114.801,-2.586],[114.79,-2.677],[114.763,-2.72],[114.681,-2.738],[114.665,-2.8],[114.597,-2.816],[114.615,-2.885],[114.599,-2.891],[114.567,-2.864],[114.538,-2.927],[114.518,-2.919],[114.55,-2.943],[114.507,-2.999],[114.546,-3.068],[114.423,-3.18],[114.449,-3.21],[114.358,-3.322],[114.347,-3.461],[114.255,-3.403],[114.263,-3.376],[114.25,-3.366],[114.183,-3.393],[114.132,-3.382],[114.076,-3.346],[114.075,-3.312],[114.053,-3.311],[114.041,-3.349],[113.962,-3.365],[113.821,-3.45],[113.627,-3.465],[113.581,-3.442],[113.632,-3.321],[113.626,-3.242],[113.596,-3.167],[113.538,-3.163],[113.45,-3.19],[113.429,-3.235],[113.393,-3.247],[113.372,-3.26],[113.366,-3.272],[113.332,-3.249],[113.335,-3.231],[113.32,-3.213],[113.317,-3.232],[113.344,-3.281],[113.174,-3.074],[113.148,-3.06],[113.134,-3.058],[113.088,-3.034],[113.032,-2.976],[113.014,-3.029],[112.942,-3.118],[112.997,-3.157],[113.042,-3.13],[112.919,-3.241],[112.685,-3.362],[112.562,-3.447],[112.48,-3.411],[112.381,-3.332],[112.265,-3.312],[112.082,-3.404],[111.904,-3.539],[111.853,-3.541],[111.801,-3.529],[111.769,-3.504],[111.817,-3.399],[111.798,-3.197],[111.825,-3.053],[111.732,-2.856],[111.713,-2.849],[111.672,-2.888],[111.686,-2.919],[111.707,-2.905],[111.69,-2.942],[111.636,-2.957],[111.549,-3.023],[111.497,-2.951],[111.413,-2.904],[111.388,-2.92],[111.346,-2.907]]],[[[114.257,-3.379],[114.257,-3.382],[114.256,-3.381],[114.257,-3.379]]],[[[113.405,-3.266],[113.384,-3.295],[113.366,-3.302],[113.373,-3.262],[113.396,-3.25],[113.405,-3.266]]],[[[113.334,-3.233],[113.323,-3.232],[113.325,-3.221],[113.334,-3.233]]],[[[113.15,-3.061],[113.152,-3.063],[113.149,-3.061],[113.15,-3.061]]],[[[111.416,-2.909],[111.413,-2.91],[111.416,-2.908],[111.416,-2.909]]]]}},{"type":"Feature","properties":{"id":"KSL","name":"Kalimantan Selatan","region":"Kalimantan","tz":"WITA","population_m":4.17,"districts":13,"center":[115.5162,-2.7483],"bbox":[114.347,-4.744,116.559,-1.315]},"geometry":{"type":"MultiPolygon","coordinates":[[[[115.478,-3.81],[114.988,-4.022],[114.72,-4.165],[114.625,-4.167],[114.637,-4.027],[114.603,-3.806],[114.623,-3.711],[114.616,-3.649],[114.559,-3.555],[114.517,-3.544],[114.503,-3.515],[114.347,-3.461],[114.363,-3.387],[114.349,-3.348],[114.375,-3.287],[114.436,-3.242],[114.449,-3.21],[114.423,-3.18],[114.546,-3.068],[114.507,-2.999],[114.55,-2.943],[114.516,-2.921],[114.538,-2.927],[114.567,-2.864],[114.599,-2.891],[114.615,-2.885],[114.597,-2.816],[114.665,-2.8],[114.681,-2.738],[114.763,-2.72],[114.79,-2.677],[114.801,-2.586],[114.915,-2.459],[115.249,-2.245],[115.241,-2.196],[115.265,-2.226],[115.291,-2.226],[115.33,-2.163],[115.304,-2.137],[115.322,-2.072],[115.345,-2.082],[115.407,-2.061],[115.404,-1.989],[115.431,-1.924],[115.421,-1.892],[115.397,-1.9],[115.352,-1.849],[115.396,-1.747],[115.382,-1.719],[115.447,-1.565],[115.524,-1.43],[115.576,-1.381],[115.754,-1.315],[115.688,-1.445],[115.628,-1.468],[115.617,-1.5],[115.623,-1.516],[115.655,-1.512],[115.631,-1.53],[115.646,-1.559],[115.63,-1.575],[115.669,-1.631],[115.665,-1.71],[115.708,-1.727],[115.681,-1.795],[115.727,-1.804],[115.728,-1.925],[115.697,-1.978],[115.748,-1.995],[115.725,-2.026],[115.734,-2.041],[115.773,-2.052],[115.804,-2.038],[115.837,-2.059],[115.81,-2.097],[115.799,-2.188],[115.836,-2.287],[115.855,-2.294],[115.831,-2.325],[115.857,-2.357],[115.85,-2.389],[115.887,-2.375],[115.895,-2.333],[115.955,-2.342],[115.983,-2.314],[116.034,-2.325],[116.172,-2.306],[116.559,-2.405],[116.527,-2.497],[116.531,-2.537],[116.481,-2.571],[116.471,-2.509],[116.372,-2.473],[116.352,-2.475],[116.345,-2.441],[116.338,-2.435],[116.324,-2.437],[116.315,-2.454],[116.297,-2.434],[116.292,-2.431],[116.278,-2.429],[116.274,-2.424],[116.272,-2.423],[116.269,-2.423],[116.267,-2.425],[116.259,-2.434],[116.249,-2.436],[116.246,-2.422],[116.241,-2.417],[116.246,-2.434],[116.25,-2.437],[116.261,-2.434],[116.273,-2.424],[116.276,-2.428],[116.279,-2.43],[116.296,-2.434],[116.3,-2.451],[116.316,-2.455],[116.339,-2.437],[116.35,-2.475],[116.406,-2.49],[116.412,-2.517],[116.362,-2.525],[116.339,-2.497],[116.33,-2.494],[116.353,-2.518],[116.337,-2.534],[116.301,-2.524],[116.311,-2.512],[116.309,-2.506],[116.28,-2.536],[116.276,-2.533],[116.278,-2.53],[116.28,-2.531],[116.283,-2.529],[116.281,-2.52],[116.259,-2.537],[116.263,-2.518],[116.258,-2.537],[116.245,-2.515],[116.233,-2.528],[116.225,-2.525],[116.205,-2.528],[116.204,-2.523],[116.201,-2.52],[116.198,-2.521],[116.197,-2.524],[116.191,-2.526],[116.194,-2.523],[116.184,-2.515],[116.182,-2.516],[116.182,-2.519],[116.179,-2.518],[116.175,-2.522],[116.174,-2.52],[116.171,-2.518],[116.159,-2.516],[116.155,-2.518],[116.192,-2.527],[116.198,-2.525],[116.201,-2.521],[116.2,-2.536],[116.245,-2.529],[116.251,-2.538],[116.267,-2.54],[116.256,-2.553],[116.304,-2.537],[116.305,-2.567],[116.287,-2.571],[116.291,-2.594],[116.272,-2.583],[116.264,-2.59],[116.289,-2.596],[116.292,-2.601],[116.286,-2.61],[116.288,-2.615],[116.255,-2.611],[116.273,-2.616],[116.273,-2.638],[116.234,-2.615],[116.208,-2.613],[116.208,-2.62],[116.204,-2.617],[116.198,-2.617],[116.188,-2.623],[116.188,-2.63],[116.186,-2.627],[116.185,-2.626],[116.176,-2.629],[116.207,-2.632],[116.212,-2.631],[116.215,-2.625],[116.237,-2.617],[116.235,-2.651],[116.241,-2.636],[116.261,-2.651],[116.252,-2.667],[116.214,-2.665],[116.227,-2.681],[116.209,-2.686],[116.21,-2.696],[116.202,-2.7],[116.202,-2.705],[116.2,-2.704],[116.195,-2.707],[116.199,-2.709],[116.229,-2.681],[116.235,-2.698],[116.231,-2.671],[116.245,-2.683],[116.242,-2.668],[116.252,-2.67],[116.314,-2.608],[116.315,-2.616],[116.323,-2.621],[116.317,-2.627],[116.321,-2.632],[116.33,-2.635],[116.334,-2.631],[116.338,-2.632],[116.341,-2.63],[116.321,-2.631],[116.323,-2.621],[116.316,-2.608],[116.356,-2.55],[116.391,-2.585],[116.415,-2.578],[116.366,-2.673],[116.364,-2.878],[116.271,-3.003],[116.22,-3.007],[116.211,-2.934],[116.191,-2.926],[116.204,-2.92],[116.202,-2.897],[116.186,-2.902],[116.192,-2.899],[116.197,-2.89],[116.204,-2.862],[116.182,-2.895],[116.188,-2.896],[116.185,-2.901],[116.187,-2.908],[116.198,-2.916],[116.182,-2.924],[116.153,-2.888],[116.151,-2.858],[116.159,-2.858],[116.167,-2.852],[116.148,-2.847],[116.164,-2.833],[116.146,-2.844],[116.144,-2.839],[116.152,-2.828],[116.153,-2.823],[116.144,-2.838],[116.135,-2.827],[116.15,-2.792],[116.135,-2.798],[116.142,-2.774],[116.133,-2.789],[116.135,-2.811],[116.107,-2.804],[116.116,-2.813],[116.103,-2.812],[116.12,-2.829],[116.101,-2.823],[116.129,-2.836],[116.114,-2.837],[116.131,-2.84],[116.133,-2.866],[116.063,-2.845],[116.074,-2.865],[116.132,-2.886],[116.105,-2.917],[116.098,-2.904],[116.101,-2.902],[116.102,-2.898],[116.101,-2.895],[116.104,-2.891],[116.103,-2.889],[116.085,-2.913],[116.078,-2.908],[116.077,-2.9],[116.075,-2.899],[116.065,-2.922],[116.078,-2.91],[116.081,-2.922],[116.097,-2.905],[116.122,-2.962],[116.117,-2.967],[116.111,-2.96],[116.1,-2.956],[116.087,-2.956],[116.071,-2.937],[116.065,-2.939],[116.083,-2.963],[116.114,-2.972],[116.088,-2.987],[116.062,-2.959],[116.043,-2.964],[116.085,-2.989],[116.062,-2.994],[116.048,-3.007],[116.053,-3.013],[116.091,-2.995],[116.044,-3.028],[116.041,-3.05],[116.063,-3.043],[116.083,-3.007],[116.073,-3.026],[116.078,-3.029],[116.072,-3.032],[116.071,-3.037],[116.086,-3.029],[116.094,-2.999],[116.103,-3.007],[116.094,-3.021],[116.098,-3.027],[116.102,-3.009],[116.118,-3.019],[116.156,-3.015],[116.153,-3.029],[116.158,-3.042],[116.148,-3.036],[116.145,-3.039],[116.145,-3.044],[116.141,-3.038],[116.138,-3.039],[116.137,-3.042],[116.139,-3.039],[116.142,-3.045],[116.147,-3.044],[116.148,-3.036],[116.158,-3.043],[116.159,-3.035],[116.175,-3.077],[116.177,-3.062],[116.215,-3.08],[116.216,-3.097],[116.204,-3.094],[116.198,-3.097],[116.201,-3.1],[116.237,-3.094],[116.275,-3.125],[116.211,-3.128],[116.18,-3.161],[116.107,-3.141],[116.116,-3.125],[116.118,-3.113],[116.112,-3.115],[116.116,-3.104],[116.114,-3.107],[116.115,-3.099],[116.109,-3.093],[116.106,-3.098],[116.114,-3.098],[116.111,-3.115],[116.115,-3.123],[116.09,-3.116],[116.11,-3.128],[116.096,-3.146],[116.071,-3.124],[116.056,-3.119],[116.048,-3.124],[116.049,-3.12],[116.043,-3.114],[116.04,-3.118],[116.038,-3.113],[116.04,-3.118],[116.048,-3.12],[116.047,-3.125],[116.072,-3.125],[116.068,-3.144],[116.08,-3.136],[116.09,-3.147],[116.077,-3.143],[116.072,-3.145],[116.068,-3.152],[116.062,-3.146],[116.058,-3.159],[116.052,-3.15],[116.046,-3.148],[116.066,-3.17],[116.076,-3.168],[116.068,-3.185],[116.071,-3.205],[116.061,-3.2],[116.05,-3.204],[116.041,-3.197],[116.039,-3.2],[116.036,-3.195],[116.032,-3.195],[116.033,-3.197],[116.03,-3.197],[116.03,-3.195],[116.029,-3.192],[116.026,-3.191],[116.03,-3.197],[116.052,-3.205],[116.06,-3.2],[116.07,-3.207],[116.091,-3.155],[116.12,-3.149],[116.122,-3.155],[116.125,-3.157],[116.122,-3.161],[116.123,-3.165],[116.123,-3.167],[116.126,-3.168],[116.122,-3.162],[116.126,-3.157],[116.121,-3.148],[116.134,-3.167],[116.132,-3.151],[116.168,-3.166],[116.184,-3.229],[116.174,-3.252],[116.161,-3.243],[116.147,-3.266],[116.087,-3.281],[116.031,-3.366],[116.007,-3.433],[115.996,-3.566],[115.97,-3.607],[115.833,-3.631],[115.716,-3.731],[115.478,-3.81]]],[[[116.429,-3.363],[116.399,-3.627],[116.362,-3.653],[116.353,-3.568],[116.313,-3.555],[116.345,-3.452],[116.391,-3.413],[116.409,-3.36],[116.429,-3.363]]],[[[116.385,-3.654],[116.386,-3.658],[116.383,-3.657],[116.385,-3.654]]],[[[116.385,-3.375],[116.383,-3.375],[116.385,-3.373],[116.385,-3.375]]],[[[116.382,-3.672],[116.38,-3.669],[116.382,-3.67],[116.382,-3.672]]],[[[116.371,-3.371],[116.37,-3.367],[116.372,-3.369],[116.371,-3.371]]],[[[116.344,-3.597],[116.338,-3.618],[116.332,-3.592],[116.344,-3.597]]],[[[116.344,-3.703],[116.345,-3.711],[116.342,-3.704],[116.344,-3.703]]],[[[116.28,-3.214],[116.249,-3.375],[116.306,-3.446],[116.314,-3.503],[116.271,-3.505],[116.292,-3.509],[116.253,-3.529],[116.25,-3.534],[116.251,-3.537],[116.249,-3.539],[116.248,-3.544],[116.244,-3.541],[116.239,-3.543],[116.244,-3.541],[116.247,-3.544],[116.249,-3.543],[116.252,-3.538],[116.253,-3.53],[116.274,-3.528],[116.273,-3.553],[116.306,-3.59],[116.29,-3.611],[116.305,-3.682],[116.305,-3.722],[116.294,-3.722],[116.29,-3.728],[116.339,-3.728],[116.271,-3.816],[116.295,-3.863],[116.317,-3.863],[116.304,-3.886],[116.31,-3.916],[116.276,-3.906],[116.244,-3.942],[116.227,-3.934],[116.203,-3.96],[116.21,-3.985],[116.172,-3.997],[116.143,-4.035],[116.109,-4.035],[116.098,-4.076],[116.091,-4.086],[116.097,-4.055],[116.071,-4.035],[116.048,-4.062],[116.039,-4.023],[116.069,-3.937],[116.077,-3.94],[116.082,-3.938],[116.086,-3.933],[116.102,-3.947],[116.105,-3.943],[116.085,-3.932],[116.075,-3.939],[116.073,-3.908],[116.057,-3.905],[116.081,-3.825],[116.024,-3.73],[116.002,-3.638],[116.047,-3.544],[116.039,-3.481],[116.085,-3.418],[116.083,-3.408],[116.092,-3.412],[116.089,-3.414],[116.084,-3.424],[116.092,-3.428],[116.097,-3.428],[116.092,-3.41],[116.084,-3.407],[116.082,-3.409],[116.081,-3.41],[116.084,-3.418],[116.078,-3.416],[116.104,-3.355],[116.11,-3.361],[116.119,-3.366],[116.119,-3.372],[116.114,-3.372],[116.11,-3.381],[116.114,-3.389],[116.124,-3.393],[116.12,-3.366],[116.098,-3.349],[116.131,-3.352],[116.127,-3.343],[116.132,-3.342],[116.131,-3.336],[116.129,-3.334],[116.105,-3.341],[116.114,-3.308],[116.162,-3.299],[116.158,-3.285],[116.167,-3.294],[116.253,-3.212],[116.28,-3.214]]],[[[116.337,-3.722],[116.338,-3.722],[116.338,-3.724],[116.337,-3.722]]],[[[116.314,-2.575],[116.321,-2.56],[116.316,-2.593],[116.289,-2.615],[116.296,-2.597],[116.291,-2.585],[116.308,-2.591],[116.296,-2.574],[116.307,-2.566],[116.31,-2.536],[116.314,-2.575]]],[[[116.321,-3.816],[116.306,-3.85],[116.297,-3.846],[116.321,-3.816]]],[[[116.313,-3.784],[116.316,-3.784],[116.315,-3.786],[116.313,-3.784]]],[[[116.313,-3.894],[116.314,-3.898],[116.31,-3.894],[116.313,-3.894]]],[[[116.308,-3.591],[116.307,-3.592],[116.307,-3.59],[116.308,-3.591]]],[[[116.306,-3.919],[116.308,-3.92],[116.306,-3.921],[116.306,-3.919]]],[[[116.295,-3.507],[116.302,-3.507],[116.299,-3.507],[116.295,-3.507]]],[[[116.295,-3.846],[116.296,-3.844],[116.296,-3.847],[116.295,-3.846]]],[[[116.284,-3.069],[116.282,-3.072],[116.279,-3.07],[116.284,-3.069]]],[[[116.283,-3.082],[116.272,-3.09],[116.275,-3.079],[116.283,-3.082]]],[[[116.273,-2.542],[116.272,-2.532],[116.279,-2.537],[116.273,-2.542]]],[[[116.266,-3.096],[116.26,-3.095],[116.264,-3.09],[116.266,-3.096]]],[[[116.262,-2.644],[116.254,-2.64],[116.266,-2.642],[116.262,-2.644]]],[[[116.248,-3.072],[116.251,-3.075],[116.248,-3.077],[116.248,-3.072]]],[[[116.215,-4.03],[116.203,-4.036],[116.197,-4.025],[116.215,-4.03]]],[[[116.214,-2.625],[116.196,-2.621],[116.208,-2.62],[116.208,-2.614],[116.214,-2.625]]],[[[116.214,-4.096],[116.2,-4.089],[116.208,-4.085],[116.214,-4.096]]],[[[116.148,-2.899],[116.176,-2.937],[116.203,-2.943],[116.15,-2.936],[116.148,-2.899]]],[[[116.197,-4.09],[116.194,-4.089],[116.196,-4.089],[116.197,-4.09]]],[[[116.183,-3.236],[116.187,-3.239],[116.183,-3.243],[116.183,-3.236]]],[[[116.167,-3.041],[116.187,-3.043],[116.174,-3.06],[116.167,-3.041]]],[[[116.163,-4.057],[116.178,-4.044],[116.181,-4.046],[116.163,-4.057]]],[[[116.136,-2.977],[116.177,-2.998],[116.169,-3.037],[116.161,-3.007],[116.137,-3.003],[116.134,-2.996],[116.138,-2.99],[116.136,-2.977]]],[[[116.163,-3.284],[116.165,-3.284],[116.163,-3.285],[116.163,-3.284]]],[[[116.123,-2.991],[116.143,-3.011],[116.11,-3.004],[116.123,-2.991]]],[[[116.125,-2.991],[116.136,-2.975],[116.134,-2.993],[116.125,-2.991]]],[[[116.127,-2.827],[116.122,-2.828],[116.123,-2.824],[116.127,-2.827]]],[[[116.12,-4.231],[116.117,-4.227],[116.122,-4.224],[116.12,-4.231]]],[[[116.118,-2.817],[116.118,-2.824],[116.108,-2.815],[116.118,-2.817]]],[[[116.103,-2.868],[116.116,-2.868],[116.118,-2.87],[116.103,-2.868]]],[[[116.118,-2.814],[116.117,-2.814],[116.117,-2.812],[116.118,-2.814]]],[[[116.11,-2.995],[116.1,-2.999],[116.094,-2.998],[116.11,-2.995]]],[[[116.101,-2.986],[116.1,-2.989],[116.098,-2.989],[116.101,-2.986]]],[[[116.102,-2.86],[116.103,-2.857],[116.104,-2.86],[116.102,-2.86]]],[[[116.102,-2.984],[116.101,-2.982],[116.102,-2.982],[116.102,-2.984]]],[[[116.101,-2.866],[116.098,-2.862],[116.102,-2.864],[116.101,-2.866]]],[[[116.097,-2.861],[116.1,-2.859],[116.1,-2.86],[116.097,-2.861]]],[[[116.091,-2.859],[116.096,-2.86],[116.084,-2.855],[116.091,-2.859]]],[[[116.085,-2.86],[116.087,-2.86],[116.086,-2.861],[116.085,-2.86]]],[[[116.083,-3.146],[116.08,-3.163],[116.069,-3.15],[116.083,-3.146]]],[[[116.082,-2.857],[116.08,-2.851],[116.085,-2.854],[116.082,-2.857]]],[[[116.081,-2.912],[116.079,-2.911],[116.079,-2.91],[116.081,-2.912]]],[[[116.076,-2.85],[116.079,-2.854],[116.077,-2.854],[116.076,-2.85]]],[[[116.072,-3.35],[116.069,-3.379],[116.057,-3.384],[116.058,-3.353],[116.072,-3.35]]],[[[116.071,-2.998],[116.067,-2.998],[116.071,-2.997],[116.071,-2.998]]],[[[116.064,-3.32],[116.067,-3.32],[116.065,-3.321],[116.064,-3.32]]],[[[116.06,-3.037],[116.062,-3.037],[116.061,-3.039],[116.06,-3.037]]],[[[116.054,-3.011],[116.055,-3.01],[116.055,-3.011],[116.054,-3.011]]],[[[116.049,-4.069],[116.046,-4.075],[116.048,-4.064],[116.049,-4.069]]],[[[116.049,-4.089],[116.041,-4.087],[116.046,-4.077],[116.049,-4.089]]],[[[116.046,-3.362],[116.036,-3.398],[116.027,-3.405],[116.033,-3.365],[116.046,-3.362]]],[[[116.042,-3.388],[116.041,-3.39],[116.041,-3.386],[116.042,-3.388]]],[[[116.016,-3.438],[116.041,-3.422],[116.027,-3.457],[116.016,-3.438]]],[[[116.035,-3.439],[116.037,-3.441],[116.035,-3.441],[116.035,-3.439]]],[[[115.804,-4.343],[115.807,-4.341],[115.807,-4.343],[115.804,-4.343]]],[[[115.804,-4.337],[115.806,-4.339],[115.804,-4.339],[115.804,-4.337]]],[[[115.8,-4.351],[115.804,-4.349],[115.802,-4.351],[115.8,-4.351]]],[[[115.8,-4.334],[115.802,-4.336],[115.8,-4.335],[115.8,-4.334]]],[[[115.786,-4.313],[115.794,-4.308],[115.795,-4.31],[115.786,-4.313]]],[[[115.781,-4.655],[115.793,-4.657],[115.785,-4.66],[115.781,-4.655]]],[[[115.788,-4.34],[115.781,-4.322],[115.792,-4.325],[115.788,-4.34]]],[[[115.777,-4.661],[115.782,-4.658],[115.782,-4.66],[115.777,-4.661]]],[[[115.775,-4.663],[115.777,-4.665],[115.774,-4.669],[115.775,-4.663]]],[[[115.775,-4.342],[115.771,-4.343],[115.773,-4.338],[115.775,-4.342]]],[[[115.771,-4.658],[115.774,-4.657],[115.775,-4.659],[115.771,-4.658]]],[[[115.772,-4.333],[115.774,-4.335],[115.772,-4.335],[115.772,-4.333]]],[[[115.719,-4.704],[115.726,-4.687],[115.774,-4.662],[115.738,-4.702],[115.719,-4.704]]],[[[115.704,-4.619],[115.696,-4.641],[115.687,-4.635],[115.704,-4.619]]],[[[115.686,-4.64],[115.691,-4.639],[115.69,-4.642],[115.686,-4.64]]],[[[115.683,-4.637],[115.685,-4.638],[115.683,-4.639],[115.683,-4.637]]],[[[115.682,-4.723],[115.674,-4.741],[115.665,-4.744],[115.667,-4.73],[115.682,-4.723]]],[[[114.407,-3.49],[114.411,-3.491],[114.412,-3.493],[114.407,-3.49]]]]}},{"type":"Feature","properties":{"id":"KTM","name":"Kalimantan Timur","region":"Kalimantan","tz":"WITA","population_m":3.91,"districts":10,"center":[116.1416,0.1105],"bbox":[113.836,-2.405,118.989,2.626]},"geometry":{"type":"MultiPolygon","coordinates":[[[[115.857,-2.357],[115.833,-2.313],[115.855,-2.294],[115.836,-2.287],[115.799,-2.188],[115.81,-2.097],[115.837,-2.059],[115.804,-2.038],[115.773,-2.052],[115.734,-2.041],[115.725,-2.026],[115.748,-1.995],[115.697,-1.978],[115.728,-1.925],[115.727,-1.804],[115.681,-1.795],[115.708,-1.727],[115.665,-1.71],[115.669,-1.631],[115.63,-1.575],[115.646,-1.559],[115.631,-1.53],[115.655,-1.512],[115.623,-1.516],[115.617,-1.5],[115.628,-1.468],[115.688,-1.445],[115.742,-1.364],[115.772,-1.229],[115.847,-1.157],[115.8,-1.115],[115.757,-1.135],[115.743,-1.096],[115.694,-1.052],[115.656,-1.057],[115.66,-1.0],[115.566,-0.933],[115.505,-0.856],[115.398,-0.825],[115.38,-0.802],[115.354,-0.583],[115.299,-0.497],[115.246,-0.452],[115.253,-0.412],[115.222,-0.307],[115.254,-0.301],[115.238,-0.236],[115.269,-0.19],[115.26,-0.156],[115.315,-0.101],[115.3,-0.032],[115.183,-0.081],[115.156,-0.101],[115.146,-0.138],[115.081,-0.153],[115.045,-0.19],[114.987,-0.173],[114.929,-0.191],[114.895,0.04],[114.794,0.086],[114.814,0.159],[114.801,0.174],[114.829,0.195],[114.838,0.234],[114.864,0.238],[114.901,0.316],[114.944,0.334],[114.955,0.319],[115.02,0.331],[115.047,0.298],[115.129,0.375],[115.133,0.432],[115.011,0.607],[114.983,0.733],[114.915,0.778],[114.862,0.737],[114.818,0.753],[114.717,0.701],[114.695,0.709],[114.707,0.728],[114.618,0.641],[114.545,0.63],[114.531,0.559],[114.489,0.571],[114.44,0.547],[114.427,0.502],[114.401,0.497],[114.322,0.541],[114.245,0.521],[114.203,0.54],[114.194,0.586],[114.158,0.591],[114.177,0.64],[114.13,0.67],[114.123,0.695],[114.027,0.671],[114.008,0.646],[113.978,0.667],[113.886,0.642],[113.88,0.66],[113.841,0.667],[113.844,0.706],[113.896,0.742],[113.874,0.78],[113.926,0.84],[113.871,0.889],[113.915,0.977],[113.89,1.047],[113.948,1.061],[113.963,1.11],[113.987,1.126],[114.036,1.111],[114.058,1.128],[114.087,1.105],[114.222,1.161],[114.199,1.192],[114.208,1.236],[114.187,1.269],[114.211,1.306],[114.207,1.342],[114.166,1.382],[114.223,1.417],[114.238,1.448],[114.379,1.493],[114.405,1.523],[114.565,1.426],[114.59,1.463],[114.635,1.431],[114.639,1.381],[114.715,1.332],[114.717,1.273],[114.84,1.172],[114.885,1.212],[114.936,1.178],[114.98,1.193],[115.01,1.123],[115.174,1.116],[115.186,1.068],[115.266,1.044],[115.3,1.065],[115.369,1.068],[115.418,1.144],[115.407,1.185],[115.426,1.219],[115.492,1.254],[115.632,1.285],[115.769,1.264],[115.769,1.355],[115.812,1.379],[115.827,1.367],[115.855,1.402],[115.853,1.436],[115.954,1.491],[115.973,1.531],[116.01,1.528],[116.041,1.56],[116.036,1.606],[116.074,1.652],[116.133,1.668],[116.184,1.835],[116.194,1.983],[116.234,2.03],[116.221,2.092],[116.316,2.117],[116.323,2.251],[116.31,2.266],[116.44,2.459],[116.424,2.498],[116.437,2.51],[116.566,2.454],[116.575,2.429],[116.712,2.438],[116.836,2.515],[116.917,2.534],[117.074,2.608],[117.218,2.596],[117.315,2.626],[117.405,2.609],[117.499,2.523],[117.571,2.502],[117.612,2.522],[117.749,2.327],[117.809,2.327],[117.857,2.392],[117.919,2.396],[117.999,2.435],[118.018,2.374],[118.01,2.37],[118.001,2.376],[117.984,2.375],[117.985,2.371],[118.029,2.358],[118.046,2.379],[118.078,2.314],[118.08,2.314],[118.082,2.314],[118.086,2.326],[118.094,2.311],[118.098,2.282],[118.072,2.258],[118.072,2.257],[118.072,2.256],[118.073,2.256],[118.079,2.256],[118.078,2.251],[118.019,2.197],[117.945,2.181],[117.905,2.21],[117.893,2.195],[117.816,2.201],[117.683,2.178],[117.723,2.139],[117.726,2.083],[117.71,2.079],[117.719,2.061],[117.696,2.054],[117.701,2.036],[117.721,2.027],[117.74,2.045],[117.767,2.013],[117.824,2.01],[117.806,1.985],[117.808,1.983],[117.814,1.98],[117.815,1.971],[117.82,1.966],[117.816,1.949],[117.833,1.91],[117.844,1.891],[117.89,1.873],[117.918,1.813],[118.048,1.783],[118.067,1.762],[118.054,1.73],[118.135,1.634],[118.247,1.559],[118.374,1.496],[118.388,1.496],[118.378,1.482],[118.411,1.487],[118.417,1.442],[118.389,1.436],[118.375,1.424],[118.405,1.424],[118.42,1.434],[118.427,1.432],[118.42,1.403],[118.401,1.405],[118.433,1.399],[118.44,1.373],[118.469,1.396],[118.454,1.37],[118.462,1.359],[118.48,1.385],[118.476,1.365],[118.488,1.361],[118.489,1.361],[118.491,1.363],[118.49,1.37],[118.511,1.376],[118.516,1.357],[118.55,1.356],[118.554,1.368],[118.582,1.353],[118.763,1.202],[118.769,1.166],[118.721,1.154],[118.777,1.154],[118.777,1.134],[118.83,1.098],[118.845,1.047],[118.872,1.067],[118.915,1.065],[118.979,1.039],[118.986,0.984],[118.964,0.943],[118.907,0.903],[118.893,0.875],[118.855,0.876],[118.795,0.802],[118.795,0.812],[118.76,0.806],[118.726,0.824],[118.708,0.813],[118.672,0.857],[118.631,0.851],[118.589,0.81],[118.443,0.844],[118.369,0.803],[118.32,0.85],[118.064,0.903],[118.048,0.948],[118.009,0.96],[118.008,0.988],[117.991,1.0],[117.984,1.059],[117.925,1.105],[117.902,1.112],[117.891,1.106],[117.885,1.086],[117.932,1.054],[117.93,1.037],[117.972,0.98],[117.977,0.93],[118.022,0.859],[118.029,0.78],[117.972,0.773],[117.923,0.807],[117.914,0.837],[117.876,0.825],[117.876,0.805],[117.855,0.813],[117.77,0.771],[117.712,0.697],[117.711,0.628],[117.674,0.616],[117.635,0.516],[117.605,0.487],[117.603,0.417],[117.584,0.405],[117.572,0.405],[117.566,0.423],[117.553,0.422],[117.567,0.392],[117.553,0.334],[117.522,0.321],[117.534,0.287],[117.519,0.277],[117.53,0.258],[117.517,0.244],[117.528,0.221],[117.49,0.19],[117.504,0.175],[117.47,0.164],[117.494,0.146],[117.507,0.159],[117.522,0.126],[117.506,0.107],[117.485,0.117],[117.482,0.103],[117.492,0.106],[117.501,0.101],[117.498,0.098],[117.478,0.104],[117.487,0.084],[117.463,0.103],[117.457,0.1],[117.479,0.077],[117.468,0.046],[117.512,0.059],[117.489,0.042],[117.494,0.028],[117.514,0.037],[117.518,-0.031],[117.511,-0.029],[117.511,-0.035],[117.508,-0.032],[117.507,-0.034],[117.508,-0.036],[117.505,-0.034],[117.504,-0.04],[117.503,-0.038],[117.498,-0.039],[117.499,-0.041],[117.494,-0.042],[117.491,-0.039],[117.487,-0.039],[117.481,-0.045],[117.482,-0.043],[117.479,-0.041],[117.477,-0.043],[117.478,-0.049],[117.473,-0.046],[117.471,-0.049],[117.473,-0.05],[117.469,-0.051],[117.469,-0.053],[117.466,-0.05],[117.465,-0.054],[117.462,-0.051],[117.462,-0.053],[117.46,-0.052],[117.458,-0.055],[117.458,-0.051],[117.448,-0.043],[117.443,-0.042],[117.443,-0.038],[117.436,-0.036],[117.441,-0.032],[117.436,-0.017],[117.434,-0.018],[117.434,-0.021],[117.432,-0.02],[117.429,-0.023],[117.43,-0.02],[117.421,-0.014],[117.419,-0.017],[117.417,-0.015],[117.414,-0.018],[117.414,-0.014],[117.409,-0.01],[117.403,-0.009],[117.401,-0.012],[117.394,0.007],[117.385,0.013],[117.382,0.01],[117.381,0.013],[117.377,0.01],[117.376,0.012],[117.374,0.011],[117.376,0.016],[117.369,0.022],[117.374,0.01],[117.382,0.01],[117.385,0.012],[117.391,0.003],[117.394,0.005],[117.4,-0.012],[117.414,-0.018],[117.419,-0.017],[117.421,-0.015],[117.429,-0.023],[117.434,-0.021],[117.436,-0.017],[117.435,-0.036],[117.456,-0.055],[117.458,-0.055],[117.46,-0.052],[117.462,-0.053],[117.462,-0.051],[117.466,-0.054],[117.466,-0.051],[117.467,-0.053],[117.47,-0.054],[117.487,-0.044],[117.486,-0.04],[117.494,-0.043],[117.504,-0.04],[117.511,-0.035],[117.511,-0.03],[117.515,-0.033],[117.47,-0.109],[117.447,-0.088],[117.47,-0.11],[117.443,-0.202],[117.432,-0.217],[117.423,-0.222],[117.437,-0.208],[117.439,-0.2],[117.427,-0.175],[117.444,-0.165],[117.448,-0.158],[117.447,-0.153],[117.45,-0.152],[117.449,-0.149],[117.452,-0.148],[117.454,-0.141],[117.446,-0.124],[117.452,-0.147],[117.448,-0.148],[117.444,-0.165],[117.431,-0.169],[117.426,-0.175],[117.424,-0.182],[117.438,-0.202],[117.417,-0.223],[117.426,-0.274],[117.453,-0.304],[117.447,-0.324],[117.465,-0.371],[117.459,-0.387],[117.445,-0.379],[117.435,-0.381],[117.428,-0.399],[117.431,-0.415],[117.438,-0.422],[117.426,-0.428],[117.424,-0.432],[117.455,-0.459],[117.437,-0.484],[117.431,-0.513],[117.426,-0.504],[117.42,-0.502],[117.417,-0.504],[117.416,-0.51],[117.408,-0.506],[117.398,-0.518],[117.397,-0.523],[117.398,-0.526],[117.395,-0.529],[117.396,-0.533],[117.426,-0.506],[117.413,-0.539],[117.393,-0.546],[117.386,-0.551],[117.369,-0.569],[117.348,-0.575],[117.351,-0.579],[117.31,-0.566],[117.239,-0.567],[117.295,-0.607],[117.304,-0.683],[117.294,-0.709],[117.29,-0.726],[117.288,-0.744],[117.286,-0.743],[117.281,-0.794],[117.265,-0.807],[117.262,-0.8],[117.267,-0.794],[117.267,-0.79],[117.265,-0.789],[117.27,-0.79],[117.272,-0.789],[117.272,-0.786],[117.265,-0.788],[117.265,-0.796],[117.258,-0.794],[117.25,-0.798],[117.257,-0.804],[117.181,-0.783],[117.254,-0.811],[117.249,-0.907],[117.17,-0.953],[117.022,-1.141],[117.0,-1.201],[116.935,-1.252],[116.811,-1.282],[116.816,-1.24],[116.78,-1.225],[116.767,-1.236],[116.762,-1.362],[116.603,-1.418],[116.54,-1.465],[116.531,-1.509],[116.559,-1.601],[116.492,-1.643],[116.317,-1.696],[116.254,-1.779],[116.264,-1.81],[116.365,-1.781],[116.373,-1.763],[116.45,-1.77],[116.451,-1.819],[116.421,-1.864],[116.443,-1.874],[116.457,-1.92],[116.46,-2.057],[116.365,-2.108],[116.432,-2.135],[116.502,-2.109],[116.515,-2.127],[116.524,-2.156],[116.495,-2.164],[116.451,-2.19],[116.407,-2.204],[116.409,-2.212],[116.448,-2.2],[116.505,-2.167],[116.549,-2.17],[116.505,-2.232],[116.586,-2.17],[116.597,-2.203],[116.559,-2.405],[116.255,-2.335],[116.227,-2.309],[116.034,-2.325],[115.983,-2.314],[115.955,-2.342],[115.891,-2.335],[115.887,-2.375],[115.85,-2.389],[115.857,-2.357]]],[[[118.985,1.781],[118.989,1.783],[118.987,1.781],[118.985,1.781]]],[[[118.96,1.76],[118.955,1.761],[118.955,1.762],[118.96,1.76]]],[[[118.943,1.56],[118.951,1.561],[118.944,1.557],[118.943,1.56]]],[[[118.933,1.774],[118.93,1.781],[118.945,1.771],[118.933,1.774]]],[[[118.926,0.911],[118.929,0.909],[118.926,0.908],[118.926,0.911]]],[[[118.922,1.787],[118.918,1.792],[118.92,1.792],[118.922,1.787]]],[[[118.92,0.903],[118.913,0.902],[118.918,0.905],[118.92,0.903]]],[[[118.905,1.514],[118.905,1.517],[118.912,1.523],[118.905,1.514]]],[[[118.893,1.804],[118.896,1.805],[118.895,1.804],[118.893,1.804]]],[[[118.841,1.121],[118.844,1.113],[118.836,1.116],[118.841,1.121]]],[[[118.825,1.963],[118.82,1.968],[118.831,1.975],[118.825,1.963]]],[[[118.811,1.945],[118.809,1.943],[118.809,1.946],[118.811,1.945]]],[[[118.803,1.959],[118.805,1.964],[118.806,1.957],[118.803,1.959]]],[[[118.795,1.127],[118.786,1.131],[118.789,1.135],[118.795,1.127]]],[[[118.783,0.804],[118.781,0.804],[118.782,0.806],[118.783,0.804]]],[[[118.778,0.805],[118.776,0.805],[118.777,0.806],[118.778,0.805]]],[[[118.761,0.804],[118.763,0.805],[118.763,0.804],[118.761,0.804]]],[[[118.716,0.815],[118.717,0.818],[118.719,0.818],[118.716,0.815]]],[[[118.637,2.248],[118.569,2.304],[118.574,2.245],[118.654,2.163],[118.598,2.195],[118.565,2.242],[118.567,2.311],[118.637,2.248]]],[[[118.636,1.523],[118.634,1.526],[118.639,1.525],[118.636,1.523]]],[[[118.598,2.257],[118.6,2.26],[118.603,2.257],[118.598,2.257]]],[[[118.592,2.263],[118.592,2.26],[118.589,2.263],[118.592,2.263]]],[[[118.563,2.117],[118.505,2.136],[118.513,2.159],[118.539,2.161],[118.563,2.117]]],[[[118.555,1.37],[118.558,1.374],[118.563,1.373],[118.555,1.37]]],[[[118.55,1.362],[118.548,1.365],[118.549,1.365],[118.55,1.362]]],[[[118.544,1.366],[118.545,1.365],[118.543,1.365],[118.544,1.366]]],[[[118.543,1.367],[118.544,1.368],[118.545,1.367],[118.543,1.367]]],[[[118.541,1.394],[118.542,1.396],[118.543,1.396],[118.541,1.394]]],[[[118.533,1.388],[118.532,1.397],[118.543,1.393],[118.533,1.388]]],[[[118.532,1.384],[118.533,1.387],[118.533,1.384],[118.532,1.384]]],[[[118.457,1.462],[118.484,1.44],[118.5,1.441],[118.489,1.439],[118.488,1.435],[118.495,1.408],[118.53,1.386],[118.475,1.399],[118.466,1.424],[118.482,1.432],[118.457,1.462]]],[[[118.521,1.368],[118.518,1.361],[118.517,1.363],[118.521,1.368]]],[[[118.505,1.417],[118.507,1.414],[118.503,1.414],[118.505,1.417]]],[[[118.498,1.438],[118.497,1.435],[118.495,1.437],[118.498,1.438]]],[[[118.49,1.371],[118.492,1.373],[118.491,1.371],[118.49,1.371]]],[[[118.489,0.772],[118.484,0.766],[118.485,0.773],[118.489,0.772]]],[[[118.49,1.363],[118.487,1.362],[118.488,1.365],[118.49,1.363]]],[[[118.482,1.446],[118.485,1.444],[118.482,1.443],[118.482,1.446]]],[[[118.484,1.448],[118.48,1.449],[118.484,1.45],[118.484,1.448]]],[[[118.465,1.375],[118.463,1.373],[118.462,1.377],[118.465,1.375]]],[[[118.444,1.38],[118.45,1.397],[118.452,1.387],[118.444,1.38]]],[[[118.424,1.404],[118.421,1.405],[118.424,1.406],[118.424,1.404]]],[[[118.402,2.085],[118.398,2.085],[118.398,2.088],[118.402,2.085]]],[[[118.392,1.426],[118.393,1.428],[118.395,1.426],[118.392,1.426]]],[[[118.385,1.501],[118.384,1.497],[118.383,1.499],[118.385,1.501]]],[[[118.376,1.5],[118.377,1.501],[118.378,1.5],[118.376,1.5]]],[[[118.331,2.141],[118.323,2.138],[118.327,2.141],[118.331,2.141]]],[[[118.244,2.282],[118.24,2.286],[118.248,2.286],[118.244,2.282]]],[[[118.217,2.348],[118.203,2.361],[118.196,2.382],[118.208,2.382],[118.217,2.348]]],[[[118.134,2.332],[118.129,2.332],[118.13,2.335],[118.134,2.332]]],[[[118.078,2.314],[118.079,2.318],[118.08,2.314],[118.078,2.314]]],[[[118.073,2.258],[118.075,2.257],[118.073,2.256],[118.073,2.258]]],[[[118.046,0.776],[118.039,0.776],[118.041,0.783],[118.046,0.776]]],[[[118.022,0.885],[118.019,0.897],[118.027,0.882],[118.022,0.885]]],[[[118.012,0.713],[117.997,0.732],[118.017,0.745],[118.023,0.724],[118.012,0.713]]],[[[117.994,0.919],[118.009,0.929],[118.003,0.9],[117.994,0.919]]],[[[117.997,0.974],[118.005,0.988],[118.006,0.964],[117.997,0.974]]],[[[117.975,1.023],[117.978,0.976],[117.937,1.057],[117.975,1.023]]],[[[117.944,2.119],[117.958,2.125],[117.911,2.099],[117.9,2.128],[117.88,2.143],[117.864,2.148],[117.813,2.121],[117.801,2.183],[117.826,2.191],[117.828,2.183],[117.843,2.168],[117.867,2.154],[117.947,2.136],[117.944,2.119]]],[[[117.903,2.206],[117.927,2.174],[117.916,2.156],[117.893,2.188],[117.903,2.206]]],[[[117.919,1.093],[117.908,1.104],[117.907,1.108],[117.919,1.093]]],[[[117.863,2.145],[117.9,2.124],[117.909,2.083],[117.864,2.086],[117.829,2.115],[117.863,2.145]]],[[[117.908,2.055],[117.886,2.04],[117.883,2.056],[117.878,2.057],[117.846,2.04],[117.853,2.068],[117.841,2.071],[117.844,2.055],[117.835,2.054],[117.841,2.057],[117.838,2.077],[117.84,2.057],[117.824,2.058],[117.822,2.053],[117.843,2.042],[117.802,2.026],[117.824,2.072],[117.823,2.079],[117.811,2.088],[117.833,2.095],[117.908,2.055]]],[[[117.897,2.167],[117.869,2.188],[117.89,2.188],[117.897,2.167]]],[[[117.881,2.043],[117.859,2.025],[117.844,2.031],[117.878,2.056],[117.881,2.043]]],[[[117.866,2.157],[117.828,2.19],[117.884,2.161],[117.866,2.157]]],[[[117.875,2.158],[117.883,2.159],[117.881,2.154],[117.875,2.158]]],[[[117.855,1.896],[117.835,1.922],[117.841,1.924],[117.85,1.932],[117.831,1.924],[117.818,1.956],[117.844,1.95],[117.876,1.971],[117.871,1.907],[117.855,1.896]]],[[[117.863,1.967],[117.824,1.958],[117.82,1.972],[117.814,1.982],[117.807,1.986],[117.83,2.01],[117.863,1.967]]],[[[117.829,2.104],[117.806,2.091],[117.805,2.094],[117.802,2.094],[117.802,2.086],[117.812,2.075],[117.806,2.074],[117.801,2.08],[117.795,2.08],[117.792,2.077],[117.792,2.061],[117.782,2.062],[117.787,2.058],[117.793,2.061],[117.794,2.079],[117.799,2.08],[117.803,2.075],[117.808,2.074],[117.823,2.078],[117.801,2.042],[117.788,2.036],[117.787,2.047],[117.784,2.051],[117.769,2.056],[117.764,2.05],[117.761,2.054],[117.752,2.058],[117.758,2.073],[117.769,2.065],[117.78,2.072],[117.78,2.08],[117.778,2.092],[117.776,2.097],[117.788,2.098],[117.796,2.11],[117.829,2.104]]],[[[117.765,2.119],[117.751,2.145],[117.74,2.119],[117.771,2.104],[117.732,2.087],[117.728,2.14],[117.714,2.162],[117.768,2.165],[117.776,2.171],[117.782,2.182],[117.801,2.178],[117.802,2.121],[117.773,2.122],[117.765,2.119]]],[[[117.779,2.073],[117.757,2.073],[117.752,2.057],[117.798,2.028],[117.763,2.024],[117.738,2.053],[117.714,2.033],[117.706,2.051],[117.722,2.062],[117.713,2.079],[117.724,2.08],[117.771,2.099],[117.779,2.073]]],[[[117.789,2.109],[117.772,2.105],[117.767,2.118],[117.789,2.109]]],[[[117.708,2.169],[117.73,2.182],[117.777,2.18],[117.766,2.165],[117.708,2.169]]],[[[117.62,-0.461],[117.592,-0.475],[117.601,-0.445],[117.553,-0.469],[117.555,-0.459],[117.561,-0.462],[117.567,-0.453],[117.566,-0.45],[117.553,-0.439],[117.553,-0.437],[117.576,-0.446],[117.557,-0.434],[117.607,-0.408],[117.628,-0.425],[117.62,-0.461]]],[[[117.468,-0.722],[117.476,-0.736],[117.479,-0.717],[117.466,-0.707],[117.482,-0.71],[117.531,-0.749],[117.531,-0.732],[117.536,-0.742],[117.539,-0.744],[117.568,-0.747],[117.535,-0.73],[117.605,-0.727],[117.614,-0.768],[117.597,-0.785],[117.522,-0.776],[117.525,-0.764],[117.503,-0.748],[117.515,-0.74],[117.487,-0.72],[117.473,-0.742],[117.497,-0.736],[117.493,-0.743],[117.523,-0.764],[117.517,-0.773],[117.497,-0.748],[117.483,-0.75],[117.477,-0.745],[117.464,-0.742],[117.461,-0.745],[117.445,-0.74],[117.44,-0.73],[117.448,-0.728],[117.453,-0.725],[117.453,-0.724],[117.451,-0.72],[117.446,-0.717],[117.448,-0.713],[117.442,-0.707],[117.464,-0.703],[117.468,-0.722]]],[[[117.549,-0.464],[117.548,-0.467],[117.536,-0.471],[117.532,-0.467],[117.536,-0.471],[117.545,-0.472],[117.591,-0.464],[117.592,-0.477],[117.539,-0.497],[117.548,-0.474],[117.513,-0.507],[117.509,-0.501],[117.502,-0.502],[117.499,-0.507],[117.496,-0.492],[117.489,-0.49],[117.472,-0.521],[117.492,-0.512],[117.486,-0.5],[117.499,-0.509],[117.51,-0.502],[117.509,-0.507],[117.448,-0.534],[117.443,-0.543],[117.436,-0.543],[117.437,-0.547],[117.433,-0.546],[117.431,-0.55],[117.43,-0.55],[117.43,-0.547],[117.428,-0.546],[117.428,-0.546],[117.426,-0.548],[117.425,-0.549],[117.426,-0.55],[117.429,-0.551],[117.428,-0.552],[117.437,-0.547],[117.439,-0.562],[117.445,-0.562],[117.436,-0.564],[117.418,-0.561],[117.422,-0.548],[117.415,-0.539],[117.42,-0.531],[117.466,-0.499],[117.466,-0.509],[117.472,-0.513],[117.462,-0.512],[117.455,-0.517],[117.451,-0.523],[117.454,-0.526],[117.472,-0.513],[117.467,-0.499],[117.496,-0.473],[117.551,-0.44],[117.566,-0.451],[117.561,-0.461],[117.555,-0.458],[117.549,-0.464]]],[[[117.56,-0.513],[117.564,-0.536],[117.569,-0.514],[117.588,-0.517],[117.578,-0.578],[117.524,-0.6],[117.522,-0.595],[117.526,-0.591],[117.525,-0.588],[117.53,-0.589],[117.545,-0.576],[117.545,-0.571],[117.524,-0.587],[117.521,-0.595],[117.522,-0.601],[117.514,-0.602],[117.527,-0.564],[117.489,-0.563],[117.489,-0.561],[117.498,-0.557],[117.502,-0.554],[117.503,-0.542],[117.505,-0.542],[117.505,-0.546],[117.505,-0.547],[117.507,-0.546],[117.507,-0.544],[117.51,-0.545],[117.512,-0.544],[117.511,-0.554],[117.515,-0.55],[117.514,-0.54],[117.511,-0.538],[117.508,-0.54],[117.509,-0.534],[117.505,-0.533],[117.505,-0.526],[117.539,-0.556],[117.532,-0.546],[117.54,-0.547],[117.536,-0.544],[117.546,-0.532],[117.548,-0.53],[117.548,-0.527],[117.535,-0.544],[117.528,-0.532],[117.531,-0.53],[117.541,-0.516],[117.54,-0.509],[117.573,-0.51],[117.56,-0.513]]],[[[117.556,-0.507],[117.567,-0.495],[117.574,-0.5],[117.573,-0.504],[117.556,-0.507]]],[[[117.557,-0.653],[117.526,-0.654],[117.542,-0.639],[117.537,-0.625],[117.52,-0.643],[117.499,-0.623],[117.47,-0.62],[117.479,-0.619],[117.486,-0.61],[117.489,-0.602],[117.494,-0.612],[117.5,-0.614],[117.566,-0.621],[117.557,-0.653]]],[[[117.498,-0.749],[117.508,-0.772],[117.508,-0.779],[117.504,-0.775],[117.499,-0.779],[117.498,-0.772],[117.493,-0.773],[117.495,-0.771],[117.494,-0.765],[117.495,-0.765],[117.497,-0.764],[117.494,-0.761],[117.49,-0.78],[117.491,-0.781],[117.493,-0.779],[117.494,-0.781],[117.498,-0.782],[117.496,-0.784],[117.496,-0.785],[117.507,-0.79],[117.493,-0.777],[117.497,-0.773],[117.498,-0.779],[117.504,-0.775],[117.513,-0.786],[117.518,-0.785],[117.51,-0.782],[117.511,-0.772],[117.554,-0.802],[117.507,-0.805],[117.463,-0.744],[117.481,-0.75],[117.49,-0.75],[117.495,-0.749],[117.498,-0.749]]],[[[117.53,-0.347],[117.544,-0.346],[117.547,-0.35],[117.53,-0.347]]],[[[117.53,-0.529],[117.501,-0.523],[117.541,-0.505],[117.53,-0.529]]],[[[117.541,-0.375],[117.52,-0.398],[117.5,-0.4],[117.499,-0.405],[117.501,-0.432],[117.501,-0.402],[117.518,-0.402],[117.532,-0.387],[117.537,-0.392],[117.516,-0.435],[117.443,-0.5],[117.469,-0.418],[117.519,-0.35],[117.541,-0.375]]],[[[117.52,-0.437],[117.524,-0.423],[117.538,-0.41],[117.536,-0.421],[117.52,-0.437]]],[[[117.498,-0.663],[117.529,-0.689],[117.473,-0.686],[117.487,-0.661],[117.499,-0.675],[117.493,-0.673],[117.487,-0.683],[117.495,-0.674],[117.5,-0.684],[117.508,-0.687],[117.514,-0.68],[117.483,-0.65],[117.498,-0.663]]],[[[117.522,0.277],[117.524,0.273],[117.521,0.275],[117.522,0.277]]],[[[117.514,0.068],[117.517,0.062],[117.512,0.065],[117.514,0.068]]],[[[117.5,-0.702],[117.518,-0.698],[117.522,-0.705],[117.513,-0.707],[117.5,-0.702]]],[[[117.515,-0.655],[117.499,-0.661],[117.488,-0.642],[117.481,-0.638],[117.477,-0.665],[117.459,-0.631],[117.499,-0.626],[117.515,-0.655]]],[[[117.506,-0.451],[117.498,-0.454],[117.516,-0.436],[117.506,-0.451]]],[[[117.511,0.051],[117.516,0.051],[117.513,0.049],[117.511,0.051]]],[[[117.507,-0.539],[117.503,-0.542],[117.488,-0.555],[117.489,-0.549],[117.484,-0.543],[117.484,-0.542],[117.486,-0.543],[117.487,-0.542],[117.487,-0.541],[117.483,-0.542],[117.488,-0.555],[117.502,-0.553],[117.499,-0.556],[117.489,-0.56],[117.488,-0.562],[117.474,-0.548],[117.454,-0.553],[117.439,-0.562],[117.449,-0.535],[117.451,-0.547],[117.481,-0.527],[117.473,-0.536],[117.476,-0.543],[117.5,-0.525],[117.503,-0.526],[117.503,-0.533],[117.508,-0.535],[117.507,-0.539]]],[[[117.512,0.192],[117.512,0.191],[117.511,0.19],[117.512,0.192]]],[[[117.511,-0.812],[117.505,-0.81],[117.499,-0.801],[117.512,-0.81],[117.511,-0.812]]],[[[117.485,-0.378],[117.511,-0.354],[117.486,-0.387],[117.485,-0.378]]],[[[117.499,-0.516],[117.51,-0.51],[117.499,-0.519],[117.499,-0.516]]],[[[117.508,-0.572],[117.49,-0.589],[117.472,-0.589],[117.484,-0.572],[117.476,-0.573],[117.48,-0.568],[117.474,-0.566],[117.479,-0.569],[117.472,-0.574],[117.472,-0.599],[117.472,-0.568],[117.454,-0.567],[117.465,-0.58],[117.463,-0.584],[117.465,-0.614],[117.463,-0.609],[117.458,-0.608],[117.457,-0.603],[117.45,-0.599],[117.456,-0.594],[117.46,-0.58],[117.458,-0.577],[117.452,-0.576],[117.451,-0.584],[117.449,-0.576],[117.443,-0.576],[117.441,-0.579],[117.444,-0.582],[117.439,-0.585],[117.445,-0.582],[117.443,-0.576],[117.45,-0.584],[117.459,-0.582],[117.452,-0.59],[117.455,-0.594],[117.45,-0.596],[117.449,-0.6],[117.451,-0.603],[117.464,-0.615],[117.467,-0.613],[117.466,-0.606],[117.472,-0.607],[117.469,-0.618],[117.47,-0.624],[117.45,-0.629],[117.449,-0.609],[117.439,-0.604],[117.433,-0.604],[117.432,-0.601],[117.435,-0.599],[117.434,-0.595],[117.426,-0.593],[117.433,-0.589],[117.433,-0.587],[117.422,-0.579],[117.418,-0.598],[117.417,-0.589],[117.414,-0.586],[117.415,-0.593],[117.408,-0.592],[117.4,-0.593],[117.395,-0.597],[117.392,-0.596],[117.391,-0.597],[117.39,-0.602],[117.386,-0.592],[117.373,-0.591],[117.379,-0.587],[117.379,-0.585],[117.375,-0.584],[117.377,-0.582],[117.404,-0.568],[117.42,-0.565],[117.405,-0.574],[117.406,-0.576],[117.407,-0.578],[117.409,-0.578],[117.409,-0.581],[117.407,-0.582],[117.405,-0.578],[117.402,-0.578],[117.388,-0.588],[117.409,-0.582],[117.422,-0.565],[117.444,-0.566],[117.473,-0.55],[117.479,-0.565],[117.508,-0.572]]],[[[117.505,-0.607],[117.494,-0.611],[117.5,-0.594],[117.505,-0.607]]],[[[117.497,-0.794],[117.499,-0.795],[117.499,-0.798],[117.497,-0.794]]],[[[117.492,0.065],[117.489,0.069],[117.499,0.074],[117.492,0.065]]],[[[117.498,-0.517],[117.495,-0.521],[117.49,-0.522],[117.498,-0.517]]],[[[117.452,-0.44],[117.426,-0.431],[117.439,-0.424],[117.436,-0.382],[117.461,-0.388],[117.467,-0.375],[117.46,-0.347],[117.492,-0.33],[117.452,-0.44]]],[[[117.494,-0.835],[117.468,-0.83],[117.47,-0.811],[117.483,-0.822],[117.494,-0.835]]],[[[117.461,-0.747],[117.492,-0.802],[117.437,-0.746],[117.461,-0.747]]],[[[117.492,-0.778],[117.491,-0.78],[117.49,-0.778],[117.492,-0.778]]],[[[117.489,-0.597],[117.49,-0.595],[117.492,-0.596],[117.489,-0.597]]],[[[117.49,-0.591],[117.471,-0.619],[117.474,-0.608],[117.464,-0.596],[117.477,-0.608],[117.476,-0.59],[117.483,-0.596],[117.49,-0.591]]],[[[117.488,-0.821],[117.47,-0.803],[117.489,-0.82],[117.488,-0.821]]],[[[117.482,-0.591],[117.485,-0.59],[117.484,-0.595],[117.482,-0.591]]],[[[117.479,-0.509],[117.48,-0.508],[117.48,-0.51],[117.479,-0.509]]],[[[117.369,-0.602],[117.375,-0.607],[117.381,-0.607],[117.377,-0.61],[117.38,-0.613],[117.383,-0.612],[117.384,-0.609],[117.386,-0.609],[117.388,-0.615],[117.383,-0.613],[117.382,-0.616],[117.389,-0.621],[117.391,-0.619],[117.39,-0.614],[117.393,-0.614],[117.391,-0.621],[117.395,-0.624],[117.424,-0.631],[117.431,-0.623],[117.42,-0.638],[117.46,-0.635],[117.47,-0.68],[117.437,-0.64],[117.44,-0.66],[117.433,-0.654],[117.425,-0.657],[117.421,-0.645],[117.413,-0.647],[117.415,-0.641],[117.412,-0.636],[117.383,-0.62],[117.375,-0.622],[117.374,-0.619],[117.371,-0.617],[117.37,-0.614],[117.373,-0.613],[117.375,-0.611],[117.375,-0.608],[117.374,-0.607],[117.371,-0.605],[117.367,-0.605],[117.365,-0.614],[117.362,-0.605],[117.346,-0.606],[117.345,-0.608],[117.347,-0.612],[117.344,-0.613],[117.342,-0.603],[117.338,-0.6],[117.344,-0.599],[117.352,-0.595],[117.358,-0.592],[117.365,-0.588],[117.378,-0.585],[117.372,-0.59],[117.369,-0.602]]],[[[117.435,-0.663],[117.471,-0.707],[117.435,-0.682],[117.438,-0.695],[117.43,-0.686],[117.423,-0.687],[117.428,-0.696],[117.448,-0.698],[117.426,-0.701],[117.452,-0.723],[117.45,-0.726],[117.441,-0.73],[117.439,-0.731],[117.423,-0.71],[117.404,-0.696],[117.413,-0.697],[117.416,-0.693],[117.414,-0.686],[117.408,-0.677],[117.427,-0.683],[117.435,-0.663]]],[[[117.468,-0.818],[117.432,-0.782],[117.412,-0.785],[117.406,-0.753],[117.468,-0.818]]],[[[117.436,-0.735],[117.411,-0.721],[117.404,-0.722],[117.405,-0.71],[117.39,-0.702],[117.388,-0.715],[117.42,-0.731],[117.416,-0.738],[117.419,-0.745],[117.432,-0.756],[117.417,-0.738],[117.418,-0.736],[117.423,-0.74],[117.434,-0.738],[117.437,-0.753],[117.459,-0.784],[117.381,-0.719],[117.387,-0.695],[117.436,-0.735]]],[[[117.456,-0.501],[117.446,-0.508],[117.447,-0.504],[117.456,-0.501]]],[[[117.425,-0.593],[117.417,-0.608],[117.447,-0.609],[117.438,-0.631],[117.432,-0.622],[117.422,-0.629],[117.414,-0.619],[117.418,-0.615],[117.412,-0.607],[117.409,-0.606],[117.405,-0.612],[117.403,-0.607],[117.4,-0.605],[117.405,-0.604],[117.406,-0.598],[117.406,-0.602],[117.409,-0.602],[117.413,-0.593],[117.417,-0.598],[117.418,-0.598],[117.425,-0.584],[117.433,-0.587],[117.425,-0.593]]],[[[117.301,-0.614],[117.32,-0.648],[117.325,-0.649],[117.324,-0.654],[117.328,-0.66],[117.339,-0.66],[117.322,-0.667],[117.323,-0.678],[117.339,-0.671],[117.348,-0.699],[117.364,-0.706],[117.352,-0.709],[117.341,-0.721],[117.358,-0.709],[117.363,-0.72],[117.38,-0.724],[117.374,-0.743],[117.381,-0.726],[117.39,-0.737],[117.38,-0.739],[117.378,-0.75],[117.367,-0.747],[117.366,-0.757],[117.363,-0.73],[117.349,-0.732],[117.348,-0.763],[117.352,-0.767],[117.355,-0.766],[117.349,-0.759],[117.367,-0.759],[117.372,-0.749],[117.369,-0.794],[117.389,-0.777],[117.397,-0.802],[117.395,-0.805],[117.397,-0.809],[117.389,-0.811],[117.388,-0.817],[117.385,-0.811],[117.382,-0.812],[117.383,-0.808],[117.379,-0.808],[117.389,-0.804],[117.384,-0.796],[117.374,-0.81],[117.388,-0.818],[117.398,-0.81],[117.398,-0.803],[117.411,-0.839],[117.402,-0.837],[117.398,-0.838],[117.391,-0.836],[117.398,-0.832],[117.397,-0.823],[117.39,-0.836],[117.408,-0.856],[117.404,-0.838],[117.434,-0.844],[117.448,-0.888],[117.441,-0.893],[117.439,-0.875],[117.433,-0.867],[117.425,-0.867],[117.429,-0.857],[117.426,-0.856],[117.426,-0.854],[117.424,-0.853],[117.41,-0.884],[117.353,-0.775],[117.349,-0.769],[117.333,-0.757],[117.34,-0.736],[117.327,-0.722],[117.332,-0.715],[117.327,-0.707],[117.328,-0.707],[117.332,-0.71],[117.334,-0.709],[117.342,-0.694],[117.329,-0.691],[117.324,-0.718],[117.301,-0.614]]],[[[117.44,-0.739],[117.438,-0.745],[117.437,-0.741],[117.44,-0.739]]],[[[117.429,-0.786],[117.419,-0.795],[117.419,-0.797],[117.422,-0.8],[117.421,-0.81],[117.423,-0.814],[117.419,-0.807],[117.416,-0.808],[117.417,-0.81],[117.414,-0.809],[117.414,-0.811],[117.417,-0.81],[117.418,-0.807],[117.419,-0.814],[117.422,-0.815],[117.424,-0.814],[117.424,-0.793],[117.44,-0.816],[117.415,-0.836],[117.393,-0.777],[117.385,-0.774],[117.374,-0.778],[117.382,-0.758],[117.386,-0.771],[117.387,-0.772],[117.396,-0.77],[117.394,-0.773],[117.395,-0.775],[117.396,-0.775],[117.396,-0.752],[117.395,-0.75],[117.391,-0.746],[117.393,-0.769],[117.387,-0.771],[117.387,-0.76],[117.384,-0.757],[117.376,-0.755],[117.381,-0.748],[117.381,-0.739],[117.391,-0.739],[117.41,-0.787],[117.429,-0.786]]],[[[117.44,-0.883],[117.434,-0.877],[117.436,-0.874],[117.44,-0.883]]],[[[117.437,-0.736],[117.437,-0.739],[117.435,-0.737],[117.437,-0.736]]],[[[117.416,-0.872],[117.436,-0.872],[117.433,-0.876],[117.435,-0.892],[117.416,-0.872]]],[[[117.38,-0.634],[117.382,-0.634],[117.395,-0.63],[117.423,-0.658],[117.432,-0.657],[117.426,-0.681],[117.415,-0.661],[117.393,-0.665],[117.395,-0.661],[117.404,-0.662],[117.407,-0.659],[117.407,-0.654],[117.397,-0.649],[117.401,-0.644],[117.396,-0.648],[117.396,-0.65],[117.405,-0.661],[117.387,-0.652],[117.393,-0.672],[117.378,-0.65],[117.372,-0.66],[117.395,-0.678],[117.418,-0.666],[117.407,-0.678],[117.414,-0.695],[117.377,-0.671],[117.347,-0.632],[117.343,-0.629],[117.347,-0.627],[117.357,-0.641],[117.367,-0.644],[117.361,-0.646],[117.36,-0.648],[117.361,-0.65],[117.365,-0.653],[117.369,-0.653],[117.373,-0.639],[117.374,-0.631],[117.38,-0.634]]],[[[117.419,-0.548],[117.37,-0.581],[117.349,-0.576],[117.37,-0.569],[117.397,-0.545],[117.419,-0.548]]],[[[117.383,-0.601],[117.389,-0.603],[117.387,-0.605],[117.388,-0.608],[117.393,-0.61],[117.397,-0.612],[117.402,-0.607],[117.405,-0.612],[117.41,-0.606],[117.417,-0.615],[117.395,-0.623],[117.393,-0.614],[117.39,-0.614],[117.389,-0.62],[117.382,-0.615],[117.388,-0.615],[117.387,-0.609],[117.369,-0.602],[117.385,-0.592],[117.383,-0.601]]],[[[117.409,-0.6],[117.407,-0.6],[117.406,-0.598],[117.405,-0.604],[117.4,-0.604],[117.398,-0.611],[117.388,-0.606],[117.394,-0.606],[117.4,-0.593],[117.408,-0.592],[117.409,-0.6]]],[[[117.405,-0.701],[117.385,-0.681],[117.408,-0.695],[117.403,-0.696],[117.405,-0.701]]],[[[117.393,0.006],[117.391,0.006],[117.391,0.007],[117.393,0.006]]],[[[117.36,-0.814],[117.345,-0.798],[117.393,-0.877],[117.374,-0.894],[117.358,-0.881],[117.344,-0.914],[117.31,-0.857],[117.344,-0.839],[117.347,-0.823],[117.32,-0.799],[117.327,-0.785],[117.321,-0.743],[117.318,-0.732],[117.313,-0.731],[117.308,-0.722],[117.304,-0.72],[117.316,-0.799],[117.343,-0.835],[117.309,-0.84],[117.301,-0.805],[117.292,-0.798],[117.301,-0.773],[117.291,-0.728],[117.308,-0.676],[117.329,-0.767],[117.36,-0.814]]],[[[117.392,0.004],[117.391,0.004],[117.391,0.006],[117.392,0.004]]],[[[117.336,-0.598],[117.344,-0.613],[117.345,-0.613],[117.347,-0.613],[117.348,-0.612],[117.346,-0.606],[117.365,-0.615],[117.375,-0.608],[117.369,-0.614],[117.37,-0.617],[117.374,-0.619],[117.373,-0.621],[117.364,-0.616],[117.354,-0.619],[117.356,-0.624],[117.353,-0.622],[117.353,-0.622],[117.352,-0.624],[117.351,-0.622],[117.349,-0.623],[117.352,-0.624],[117.353,-0.622],[117.355,-0.624],[117.357,-0.624],[117.365,-0.616],[117.368,-0.623],[117.364,-0.624],[117.362,-0.626],[117.361,-0.629],[117.362,-0.631],[117.382,-0.621],[117.386,-0.631],[117.38,-0.634],[117.375,-0.63],[117.372,-0.631],[117.368,-0.653],[117.368,-0.644],[117.347,-0.627],[117.344,-0.627],[117.342,-0.629],[117.347,-0.636],[117.341,-0.634],[117.329,-0.616],[117.322,-0.613],[117.329,-0.63],[117.313,-0.608],[117.323,-0.628],[117.285,-0.584],[117.306,-0.578],[117.346,-0.59],[117.364,-0.587],[117.336,-0.598]]],[[[117.381,-0.573],[117.385,-0.573],[117.379,-0.575],[117.381,-0.573]]],[[[117.381,-0.704],[117.379,-0.687],[117.371,-0.686],[117.367,-0.68],[117.362,-0.676],[117.359,-0.676],[117.358,-0.67],[117.355,-0.666],[117.358,-0.677],[117.378,-0.693],[117.364,-0.694],[117.362,-0.685],[117.345,-0.677],[117.347,-0.671],[117.344,-0.665],[117.34,-0.666],[117.343,-0.662],[117.339,-0.666],[117.345,-0.676],[117.339,-0.67],[117.329,-0.668],[117.337,-0.663],[117.339,-0.658],[117.32,-0.634],[117.37,-0.667],[117.383,-0.694],[117.381,-0.704]]],[[[117.375,-0.716],[117.365,-0.706],[117.349,-0.694],[117.354,-0.683],[117.362,-0.694],[117.378,-0.694],[117.375,-0.716]]],[[[117.377,-0.769],[117.375,-0.768],[117.377,-0.767],[117.377,-0.769]]],[[[117.351,-0.588],[117.353,-0.585],[117.357,-0.586],[117.351,-0.588]]],[[[117.343,-0.768],[117.351,-0.772],[117.354,-0.782],[117.343,-0.768]]],[[[117.332,-0.737],[117.331,-0.747],[117.327,-0.726],[117.332,-0.737]]],[[[117.31,-0.572],[117.313,-0.569],[117.32,-0.574],[117.31,-0.572]]],[[[117.302,-0.848],[117.28,-0.874],[117.276,-0.855],[117.288,-0.825],[117.287,-0.796],[117.302,-0.848]]],[[[117.292,-0.764],[117.289,-0.792],[117.286,-0.781],[117.292,-0.764]]],[[[117.286,-0.828],[117.269,-0.845],[117.279,-0.834],[117.272,-0.826],[117.263,-0.829],[117.276,-0.809],[117.286,-0.828]]],[[[117.276,-0.809],[117.278,-0.809],[117.278,-0.811],[117.276,-0.809]]],[[[117.275,-0.804],[117.276,-0.808],[117.267,-0.81],[117.275,-0.804]]],[[[117.264,-0.845],[117.277,-0.879],[117.275,-0.888],[117.263,-0.845],[117.272,-0.827],[117.264,-0.845]]],[[[117.256,-0.856],[117.264,-0.866],[117.262,-0.886],[117.256,-0.881],[117.256,-0.856]]],[[[117.258,-0.853],[117.26,-0.85],[117.261,-0.855],[117.258,-0.853]]],[[[117.256,-0.847],[117.259,-0.847],[117.256,-0.852],[117.256,-0.847]]],[[[117.258,-0.846],[117.256,-0.844],[117.259,-0.842],[117.258,-0.846]]],[[[117.258,-0.842],[117.257,-0.843],[117.258,-0.839],[117.258,-0.842]]],[[[117.258,-0.829],[117.256,-0.836],[117.257,-0.824],[117.258,-0.829]]],[[[116.43,-2.204],[116.506,-2.162],[116.462,-2.192],[116.43,-2.204]]]]}},{"type":"Feature","properties":{"id":"KTU","name":"Kalimantan Utara","region":"Kalimantan","tz":"WITA","population_m":0.73,"districts":5,"center":[116.4507,2.7261],"bbox":[114.59,1.044,117.986,4.408]},"geometry":{"type":"MultiPolygon","coordinates":[[[[116.221,2.081],[116.234,2.03],[116.194,1.983],[116.184,1.835],[116.129,1.663],[116.074,1.652],[116.036,1.606],[116.041,1.56],[116.01,1.528],[115.973,1.531],[115.954,1.491],[115.853,1.436],[115.855,1.402],[115.827,1.367],[115.812,1.379],[115.769,1.355],[115.769,1.264],[115.594,1.283],[115.436,1.229],[115.407,1.185],[115.418,1.144],[115.365,1.066],[115.3,1.065],[115.266,1.044],[115.2,1.062],[115.174,1.116],[115.016,1.121],[114.98,1.193],[114.936,1.178],[114.885,1.212],[114.848,1.168],[114.717,1.273],[114.715,1.332],[114.639,1.381],[114.635,1.431],[114.59,1.463],[114.616,1.516],[114.6,1.531],[114.61,1.575],[114.709,1.638],[114.715,1.785],[114.694,1.808],[114.727,1.831],[114.718,1.856],[114.747,1.869],[114.794,1.849],[114.82,1.893],[114.882,1.914],[114.851,1.962],[114.89,2.023],[114.86,2.044],[114.81,2.024],[114.795,2.058],[114.813,2.062],[114.801,2.089],[114.822,2.13],[114.792,2.146],[114.742,2.132],[114.742,2.191],[114.788,2.2],[114.818,2.264],[114.828,2.245],[114.872,2.264],[114.918,2.255],[114.968,2.289],[114.949,2.316],[114.962,2.365],[114.999,2.349],[115.04,2.392],[115.054,2.386],[115.054,2.405],[115.101,2.405],[115.109,2.441],[115.145,2.476],[115.206,2.471],[115.251,2.509],[115.253,2.541],[115.225,2.542],[115.179,2.61],[115.118,2.583],[115.093,2.606],[115.123,2.651],[115.101,2.717],[115.139,2.744],[115.156,2.79],[115.092,2.823],[115.153,2.87],[115.165,2.927],[115.252,2.967],[115.286,3.047],[115.324,3.011],[115.327,2.978],[115.395,2.98],[115.442,3.024],[115.499,3.028],[115.517,3.057],[115.515,3.109],[115.536,3.142],[115.564,3.15],[115.563,3.17],[115.521,3.191],[115.517,3.222],[115.536,3.229],[115.524,3.25],[115.545,3.363],[115.587,3.45],[115.611,3.446],[115.625,3.408],[115.658,3.439],[115.61,3.511],[115.613,3.553],[115.581,3.596],[115.572,3.649],[115.578,3.747],[115.618,3.874],[115.56,3.918],[115.641,3.962],[115.704,4.195],[115.729,4.189],[115.768,4.245],[115.82,4.225],[115.826,4.263],[115.876,4.291],[115.864,4.343],[115.878,4.391],[115.91,4.391],[115.93,4.353],[116.004,4.347],[116.033,4.329],[116.036,4.295],[116.074,4.277],[116.112,4.332],[116.156,4.338],[116.168,4.391],[116.281,4.36],[116.355,4.389],[116.438,4.323],[116.443,4.288],[116.48,4.302],[116.49,4.335],[116.538,4.321],[116.538,4.376],[116.568,4.408],[116.589,4.374],[116.615,4.377],[116.622,4.337],[116.669,4.352],[116.706,4.332],[116.753,4.391],[116.786,4.342],[116.817,4.35],[116.836,4.326],[116.912,4.369],[116.97,4.337],[117.009,4.347],[117.008,4.321],[117.022,4.319],[117.044,4.347],[117.109,4.332],[117.155,4.354],[117.201,4.335],[117.249,4.374],[117.298,4.31],[117.373,4.286],[117.409,4.253],[117.458,4.178],[117.53,4.161],[117.573,4.181],[117.596,4.17],[117.548,4.142],[117.521,4.102],[117.495,4.109],[117.499,4.135],[117.495,4.139],[117.485,4.11],[117.395,4.145],[117.418,4.094],[117.474,4.071],[117.438,4.013],[117.383,4.037],[117.365,4.014],[117.385,4.027],[117.44,4.004],[117.464,3.961],[117.455,3.938],[117.46,3.928],[117.496,3.913],[117.544,3.921],[117.599,3.876],[117.683,3.873],[117.718,3.84],[117.734,3.837],[117.731,3.816],[117.726,3.819],[117.71,3.821],[117.695,3.814],[117.692,3.808],[117.685,3.805],[117.685,3.803],[117.692,3.793],[117.699,3.792],[117.689,3.791],[117.689,3.795],[117.684,3.794],[117.685,3.797],[117.683,3.798],[117.68,3.794],[117.678,3.782],[117.662,3.788],[117.651,3.772],[117.63,3.781],[117.599,3.776],[117.601,3.792],[117.597,3.797],[117.579,3.782],[117.556,3.785],[117.531,3.768],[117.521,3.777],[117.501,3.766],[117.5,3.776],[117.495,3.775],[117.481,3.765],[117.476,3.755],[117.481,3.726],[117.488,3.723],[117.443,3.701],[117.436,3.69],[117.392,3.713],[117.313,3.724],[117.293,3.72],[117.262,3.735],[117.25,3.732],[117.238,3.764],[117.215,3.769],[117.162,3.753],[117.151,3.746],[117.149,3.736],[117.232,3.764],[117.248,3.729],[117.292,3.716],[117.391,3.708],[117.427,3.69],[117.424,3.677],[117.429,3.671],[117.465,3.668],[117.485,3.673],[117.49,3.669],[117.488,3.666],[117.488,3.655],[117.496,3.64],[117.475,3.648],[117.436,3.642],[117.433,3.639],[117.428,3.625],[117.384,3.641],[117.261,3.617],[117.174,3.643],[117.088,3.638],[117.0,3.588],[117.132,3.621],[117.221,3.609],[117.193,3.536],[117.221,3.443],[117.188,3.43],[117.187,3.443],[117.183,3.446],[117.186,3.43],[117.17,3.43],[117.171,3.413],[117.164,3.419],[117.161,3.417],[117.158,3.391],[117.173,3.414],[117.172,3.429],[117.18,3.425],[117.226,3.443],[117.223,3.489],[117.282,3.46],[117.322,3.462],[117.297,3.442],[117.301,3.411],[117.329,3.397],[117.323,3.361],[117.304,3.369],[117.297,3.367],[117.292,3.361],[117.294,3.35],[117.305,3.343],[117.302,3.333],[117.305,3.33],[117.307,3.342],[117.296,3.363],[117.326,3.359],[117.333,3.391],[117.307,3.449],[117.357,3.448],[117.37,3.413],[117.413,3.39],[117.409,3.326],[117.382,3.319],[117.37,3.296],[117.346,3.305],[117.327,3.297],[117.367,3.294],[117.352,3.269],[117.364,3.25],[117.38,3.268],[117.397,3.257],[117.379,3.229],[117.32,3.211],[117.306,3.241],[117.272,3.243],[117.272,3.26],[117.157,3.26],[117.263,3.232],[117.246,3.219],[117.246,3.215],[117.263,3.23],[117.281,3.202],[117.266,3.185],[117.239,3.194],[117.229,3.191],[117.198,3.175],[117.202,3.165],[117.23,3.175],[117.234,3.179],[117.238,3.189],[117.266,3.181],[117.31,3.206],[117.318,3.167],[117.268,3.158],[117.252,3.122],[117.272,3.157],[117.318,3.158],[117.345,3.182],[117.425,3.173],[117.46,3.142],[117.464,3.127],[117.406,3.115],[117.385,3.096],[117.375,3.115],[117.367,3.117],[117.361,3.111],[117.363,3.088],[117.383,3.081],[117.368,3.083],[117.361,3.067],[117.353,3.078],[117.347,3.078],[117.345,3.071],[117.351,3.051],[117.355,3.046],[117.373,3.045],[117.389,3.031],[117.346,2.945],[117.34,2.91],[117.356,2.955],[117.364,2.952],[117.362,2.938],[117.368,2.934],[117.375,2.942],[117.372,2.96],[117.384,2.954],[117.398,2.955],[117.431,2.965],[117.453,2.956],[117.455,2.949],[117.448,2.948],[117.447,2.944],[117.448,2.94],[117.455,2.934],[117.52,2.905],[117.53,2.903],[117.544,2.907],[117.543,2.898],[117.546,2.89],[117.558,2.884],[117.573,2.882],[117.585,2.888],[117.592,2.862],[117.595,2.858],[117.632,2.847],[117.653,2.855],[117.665,2.845],[117.641,2.819],[117.6,2.814],[117.613,2.798],[117.599,2.781],[117.615,2.795],[117.698,2.784],[117.785,2.748],[117.8,2.626],[117.986,2.436],[117.919,2.396],[117.857,2.392],[117.809,2.327],[117.749,2.327],[117.612,2.522],[117.571,2.502],[117.499,2.523],[117.405,2.609],[117.315,2.626],[117.218,2.596],[117.074,2.608],[116.917,2.534],[116.836,2.515],[116.712,2.438],[116.575,2.429],[116.566,2.454],[116.437,2.51],[116.424,2.498],[116.44,2.459],[116.31,2.266],[116.323,2.251],[116.316,2.117],[116.234,2.103],[116.221,2.081]]],[[[117.926,4.127],[117.912,4.044],[117.861,4.029],[117.683,4.167],[117.902,4.167],[117.926,4.127]]],[[[117.799,3.589],[117.847,3.541],[117.851,3.536],[117.852,3.529],[117.855,3.528],[117.873,3.477],[117.864,3.448],[117.763,3.511],[117.751,3.545],[117.799,3.589]]],[[[117.851,3.577],[117.856,3.581],[117.855,3.576],[117.851,3.577]]],[[[117.748,3.872],[117.833,3.785],[117.812,3.787],[117.812,3.796],[117.807,3.805],[117.783,3.815],[117.81,3.788],[117.741,3.808],[117.739,3.84],[117.71,3.861],[117.748,3.872]]],[[[117.82,3.714],[117.777,3.687],[117.764,3.696],[117.767,3.696],[117.772,3.701],[117.773,3.704],[117.777,3.704],[117.779,3.706],[117.78,3.71],[117.783,3.71],[117.784,3.712],[117.788,3.711],[117.785,3.713],[117.78,3.711],[117.779,3.707],[117.772,3.704],[117.766,3.697],[117.753,3.697],[117.774,3.711],[117.776,3.719],[117.751,3.699],[117.752,3.732],[117.736,3.719],[117.733,3.743],[117.664,3.772],[117.726,3.762],[117.82,3.714]]],[[[117.816,3.758],[117.781,3.785],[117.809,3.781],[117.816,3.758]]],[[[117.792,3.741],[117.779,3.742],[117.772,3.748],[117.742,3.76],[117.815,3.743],[117.81,3.73],[117.792,3.741]]],[[[117.79,3.741],[117.794,3.737],[117.781,3.742],[117.79,3.741]]],[[[117.726,3.783],[117.717,3.786],[117.713,3.784],[117.711,3.787],[117.729,3.796],[117.732,3.811],[117.779,3.786],[117.779,3.772],[117.766,3.786],[117.735,3.791],[117.732,3.791],[117.726,3.783]]],[[[117.704,3.773],[117.766,3.785],[117.778,3.768],[117.757,3.773],[117.755,3.767],[117.754,3.771],[117.749,3.773],[117.735,3.774],[117.754,3.766],[117.757,3.767],[117.758,3.772],[117.762,3.766],[117.777,3.767],[117.784,3.77],[117.792,3.759],[117.704,3.773]]],[[[117.756,3.748],[117.764,3.749],[117.774,3.743],[117.756,3.748]]],[[[117.741,3.695],[117.759,3.689],[117.755,3.688],[117.753,3.687],[117.751,3.672],[117.736,3.672],[117.735,3.668],[117.749,3.67],[117.753,3.675],[117.753,3.686],[117.76,3.688],[117.76,3.69],[117.769,3.677],[117.731,3.632],[117.714,3.644],[117.712,3.665],[117.709,3.668],[117.715,3.675],[117.715,3.678],[117.722,3.679],[117.729,3.688],[117.732,3.713],[117.729,3.716],[117.744,3.706],[117.741,3.695]]],[[[117.752,4.064],[117.726,3.986],[117.672,3.966],[117.603,4.011],[117.589,4.079],[117.629,4.135],[117.661,4.147],[117.752,4.064]]],[[[117.748,3.872],[117.743,3.872],[117.744,3.873],[117.748,3.872]]],[[[117.737,2.815],[117.678,2.796],[117.641,2.814],[117.693,2.852],[117.737,2.815]]],[[[117.631,3.776],[117.655,3.771],[117.665,3.784],[117.679,3.777],[117.667,3.774],[117.664,3.773],[117.664,3.771],[117.729,3.741],[117.704,3.727],[117.702,3.73],[117.705,3.737],[117.703,3.742],[117.692,3.738],[117.686,3.749],[117.676,3.749],[117.672,3.744],[117.667,3.748],[117.661,3.746],[117.661,3.754],[117.645,3.766],[117.639,3.763],[117.641,3.769],[117.637,3.771],[117.636,3.77],[117.639,3.762],[117.661,3.754],[117.66,3.745],[117.672,3.743],[117.685,3.748],[117.671,3.735],[117.685,3.745],[117.692,3.736],[117.703,3.739],[117.7,3.73],[117.704,3.726],[117.729,3.728],[117.729,3.688],[117.715,3.678],[117.708,3.667],[117.717,3.628],[117.667,3.615],[117.585,3.63],[117.51,3.685],[117.478,3.75],[117.496,3.773],[117.501,3.765],[117.532,3.766],[117.578,3.779],[117.596,3.795],[117.599,3.773],[117.631,3.776]]],[[[117.711,3.779],[117.695,3.813],[117.731,3.812],[117.729,3.797],[117.716,3.798],[117.71,3.786],[117.711,3.779]]],[[[117.7,3.791],[117.678,3.781],[117.68,3.794],[117.683,3.798],[117.683,3.794],[117.688,3.791],[117.7,3.791]]],[[[117.719,2.891],[117.707,2.862],[117.649,2.861],[117.635,2.85],[117.596,2.859],[117.585,2.889],[117.544,2.899],[117.719,2.891]]],[[[117.711,2.904],[117.645,2.902],[117.58,2.91],[117.687,2.935],[117.711,2.904]]],[[[117.693,2.946],[117.572,2.921],[117.583,2.928],[117.583,2.932],[117.575,2.946],[117.561,2.951],[117.589,2.974],[117.667,2.987],[117.667,2.964],[117.693,2.946]]],[[[117.523,4.032],[117.466,4.025],[117.462,4.007],[117.467,4.0],[117.463,3.997],[117.468,3.999],[117.467,4.023],[117.482,4.018],[117.52,4.021],[117.532,4.031],[117.571,3.972],[117.555,3.954],[117.571,3.927],[117.556,3.954],[117.577,3.97],[117.629,3.916],[117.683,3.914],[117.682,3.887],[117.602,3.883],[117.547,3.927],[117.497,3.916],[117.46,3.931],[117.466,3.961],[117.443,4.006],[117.496,4.053],[117.523,4.032]]],[[[117.669,3.404],[117.656,3.254],[117.639,3.239],[117.612,3.279],[117.542,3.326],[117.515,3.394],[117.549,3.442],[117.613,3.441],[117.669,3.404]]],[[[117.652,3.542],[117.535,3.562],[117.506,3.585],[117.543,3.575],[117.562,3.588],[117.622,3.576],[117.662,3.555],[117.652,3.542]]],[[[117.658,3.53],[117.658,3.525],[117.641,3.527],[117.658,3.53]]],[[[117.653,3.95],[117.64,3.947],[117.64,3.95],[117.653,3.95]]],[[[117.645,3.953],[117.655,3.956],[117.653,3.951],[117.645,3.953]]],[[[117.649,2.801],[117.634,2.805],[117.629,2.811],[117.64,2.811],[117.649,2.801]]],[[[117.643,2.99],[117.636,2.993],[117.64,2.992],[117.643,2.99]]],[[[117.64,3.075],[117.624,3.077],[117.623,3.083],[117.64,3.075]]],[[[117.62,2.988],[117.639,2.988],[117.636,2.984],[117.62,2.988]]],[[[117.629,2.798],[117.615,2.802],[117.61,2.811],[117.62,2.808],[117.629,2.798]]],[[[117.619,3.025],[117.574,2.981],[117.554,3.016],[117.513,3.018],[117.519,3.021],[117.524,3.029],[117.523,3.041],[117.553,3.035],[117.554,3.056],[117.573,3.046],[117.621,3.06],[117.619,3.025]]],[[[117.603,3.084],[117.624,3.071],[117.57,3.051],[117.551,3.072],[117.603,3.084]]],[[[117.622,3.08],[117.622,3.082],[117.623,3.078],[117.622,3.08]]],[[[117.621,3.117],[117.6,3.106],[117.582,3.12],[117.595,3.127],[117.621,3.117]]],[[[117.615,3.487],[117.547,3.471],[117.536,3.502],[117.529,3.488],[117.506,3.508],[117.442,3.51],[117.446,3.534],[117.412,3.547],[117.5,3.546],[117.615,3.487]]],[[[117.6,2.923],[117.606,2.919],[117.593,2.919],[117.6,2.923]]],[[[117.576,3.092],[117.607,3.09],[117.572,3.084],[117.576,3.092]]],[[[117.584,4.144],[117.561,4.102],[117.54,4.103],[117.546,4.133],[117.584,4.144]]],[[[117.57,3.097],[117.583,3.115],[117.589,3.107],[117.57,3.097]]],[[[117.523,2.937],[117.559,2.951],[117.582,2.93],[117.507,2.916],[117.472,2.938],[117.454,2.935],[117.448,2.947],[117.523,2.937]]],[[[117.568,3.546],[117.566,3.553],[117.575,3.548],[117.568,3.546]]],[[[117.571,2.913],[117.556,2.915],[117.574,2.918],[117.571,2.913]]],[[[117.57,3.09],[117.498,3.084],[117.518,3.098],[117.57,3.09]]],[[[117.522,2.94],[117.514,2.972],[117.515,2.978],[117.53,2.957],[117.537,2.958],[117.549,2.977],[117.546,2.991],[117.564,2.97],[117.522,2.94]]],[[[117.559,3.103],[117.56,3.1],[117.556,3.102],[117.559,3.103]]],[[[117.476,2.966],[117.524,3.007],[117.557,3.009],[117.557,2.99],[117.544,2.992],[117.534,2.958],[117.515,2.979],[117.505,2.971],[117.499,2.961],[117.482,2.963],[117.472,2.956],[117.45,2.962],[117.476,2.966]]],[[[117.487,2.956],[117.482,2.962],[117.499,2.96],[117.487,2.956]]],[[[117.545,3.103],[117.556,3.098],[117.537,3.101],[117.545,3.103]]],[[[117.55,3.036],[117.526,3.042],[117.53,3.055],[117.528,3.059],[117.506,3.066],[117.497,3.061],[117.496,3.058],[117.503,3.052],[117.5,3.046],[117.501,3.042],[117.489,3.043],[117.485,3.038],[117.479,3.007],[117.46,3.005],[117.451,2.988],[117.45,2.987],[117.451,2.984],[117.456,2.981],[117.455,2.977],[117.462,2.971],[117.374,2.962],[117.368,2.959],[117.367,2.952],[117.359,2.958],[117.4,3.029],[117.406,3.019],[117.409,3.017],[117.414,3.019],[117.446,3.054],[117.491,3.064],[117.521,3.068],[117.545,3.068],[117.55,3.036]]],[[[117.543,3.607],[117.545,3.581],[117.507,3.594],[117.517,3.615],[117.543,3.607]]],[[[117.533,3.073],[117.538,3.078],[117.547,3.075],[117.533,3.073]]],[[[117.531,2.904],[117.527,2.912],[117.543,2.909],[117.531,2.904]]],[[[117.524,3.109],[117.522,3.118],[117.533,3.113],[117.524,3.109]]],[[[117.531,3.073],[117.516,3.072],[117.519,3.073],[117.531,3.073]]],[[[117.521,3.101],[117.528,3.101],[117.53,3.1],[117.521,3.101]]],[[[117.52,3.039],[117.508,3.018],[117.496,3.031],[117.488,3.032],[117.501,3.041],[117.504,3.051],[117.497,3.061],[117.527,3.058],[117.52,3.039]]],[[[117.522,3.348],[117.526,3.343],[117.521,3.344],[117.522,3.348]]],[[[117.516,3.004],[117.519,3.01],[117.525,3.01],[117.516,3.004]]],[[[117.517,3.276],[117.458,3.273],[117.473,3.294],[117.471,3.304],[117.464,3.308],[117.457,3.305],[117.445,3.28],[117.392,3.278],[117.384,3.287],[117.39,3.303],[117.383,3.313],[117.447,3.341],[117.506,3.321],[117.517,3.276]]],[[[117.521,3.637],[117.496,3.598],[117.43,3.624],[117.435,3.641],[117.476,3.647],[117.487,3.634],[117.496,3.637],[117.505,3.634],[117.521,3.637]]],[[[117.503,3.639],[117.489,3.655],[117.492,3.669],[117.518,3.651],[117.503,3.639]]],[[[117.29,3.566],[117.371,3.563],[117.438,3.529],[117.44,3.505],[117.518,3.481],[117.483,3.432],[117.449,3.455],[117.325,3.491],[117.231,3.497],[117.201,3.54],[117.237,3.587],[117.278,3.588],[117.29,3.566]]],[[[117.498,3.072],[117.513,3.077],[117.516,3.073],[117.498,3.072]]],[[[117.508,2.94],[117.498,2.955],[117.516,2.941],[117.508,2.94]]],[[[117.51,3.003],[117.504,3.003],[117.514,3.01],[117.51,3.003]]],[[[117.488,3.029],[117.514,3.014],[117.493,2.995],[117.496,3.004],[117.488,3.029]]],[[[117.504,2.96],[117.508,2.956],[117.5,2.958],[117.504,2.96]]],[[[117.508,3.102],[117.497,3.092],[117.489,3.096],[117.496,3.102],[117.508,3.102]]],[[[117.497,3.341],[117.453,3.348],[117.455,3.406],[117.498,3.405],[117.497,3.341]]],[[[117.504,3.107],[117.5,3.102],[117.498,3.104],[117.504,3.107]]],[[[117.479,4.048],[117.482,4.062],[117.498,4.062],[117.489,4.058],[117.479,4.048]]],[[[117.495,3.575],[117.469,3.574],[117.459,3.59],[117.495,3.575]]],[[[117.45,3.058],[117.482,3.083],[117.489,3.086],[117.493,3.086],[117.496,3.075],[117.488,3.073],[117.459,3.058],[117.45,3.058]]],[[[117.494,2.924],[117.496,2.92],[117.489,2.925],[117.494,2.924]]],[[[117.493,3.07],[117.486,3.07],[117.495,3.073],[117.493,3.07]]],[[[117.465,2.971],[117.462,3.004],[117.477,3.001],[117.486,3.018],[117.489,2.991],[117.465,2.971]]],[[[117.487,3.092],[117.489,3.095],[117.495,3.092],[117.487,3.092]]],[[[117.49,3.677],[117.428,3.677],[117.449,3.699],[117.493,3.699],[117.49,3.677]]],[[[117.481,3.088],[117.483,3.084],[117.472,3.084],[117.481,3.088]]],[[[117.482,3.069],[117.47,3.06],[117.465,3.06],[117.482,3.069]]],[[[117.446,3.08],[117.423,3.036],[117.402,3.042],[117.397,3.04],[117.389,3.017],[117.391,3.032],[117.381,3.056],[117.395,3.06],[117.407,3.079],[117.403,3.09],[117.389,3.095],[117.453,3.122],[117.478,3.097],[117.446,3.08]]],[[[117.426,3.25],[117.384,3.281],[117.393,3.276],[117.399,3.275],[117.444,3.279],[117.469,3.303],[117.426,3.25]]],[[[117.457,2.996],[117.456,2.983],[117.451,2.985],[117.457,2.996]]],[[[117.448,3.079],[117.462,3.082],[117.448,3.071],[117.448,3.079]]],[[[117.436,3.562],[117.409,3.588],[117.378,3.59],[117.327,3.587],[117.303,3.578],[117.292,3.597],[117.39,3.614],[117.46,3.569],[117.436,3.562]]],[[[117.428,3.454],[117.454,3.449],[117.46,3.438],[117.446,3.443],[117.428,3.454]]],[[[117.447,3.065],[117.448,3.057],[117.44,3.055],[117.447,3.065]]],[[[117.446,3.064],[117.441,3.057],[117.447,3.069],[117.446,3.064]]],[[[117.447,3.07],[117.441,3.066],[117.445,3.073],[117.447,3.07]]],[[[117.438,3.418],[117.418,3.339],[117.422,3.373],[117.416,3.39],[117.37,3.415],[117.367,3.441],[117.438,3.418]]],[[[117.42,3.372],[117.417,3.362],[117.417,3.383],[117.42,3.372]]],[[[117.403,3.04],[117.408,3.019],[117.397,3.039],[117.403,3.04]]],[[[117.411,3.449],[117.403,3.446],[117.395,3.451],[117.411,3.449]]],[[[117.394,3.583],[117.413,3.583],[117.416,3.566],[117.405,3.568],[117.403,3.572],[117.394,3.583]]],[[[117.406,3.553],[117.404,3.561],[117.412,3.558],[117.406,3.553]]],[[[117.396,3.077],[117.394,3.062],[117.379,3.058],[117.378,3.044],[117.371,3.048],[117.355,3.048],[117.348,3.077],[117.355,3.068],[117.363,3.066],[117.384,3.081],[117.364,3.112],[117.396,3.077]]],[[[117.367,3.58],[117.393,3.585],[117.403,3.569],[117.367,3.58]]],[[[117.392,3.637],[117.403,3.631],[117.383,3.636],[117.392,3.637]]],[[[117.379,3.271],[117.355,3.271],[117.384,3.31],[117.388,3.3],[117.376,3.28],[117.375,3.274],[117.379,3.271]]],[[[117.378,3.637],[117.373,3.629],[117.367,3.632],[117.378,3.637]]],[[[117.376,3.279],[117.381,3.285],[117.379,3.276],[117.376,3.279]]],[[[117.374,2.945],[117.364,2.942],[117.367,2.95],[117.374,2.945]]],[[[117.324,3.618],[117.361,3.624],[117.372,3.621],[117.336,3.611],[117.324,3.618]]],[[[117.368,2.937],[117.365,2.937],[117.364,2.94],[117.368,2.937]]],[[[117.328,3.474],[117.336,3.474],[117.344,3.469],[117.328,3.474]]],[[[117.335,3.583],[117.315,3.571],[117.309,3.576],[117.312,3.581],[117.335,3.583]]],[[[117.324,3.575],[117.333,3.577],[117.32,3.572],[117.324,3.575]]],[[[117.324,3.488],[117.332,3.482],[117.317,3.484],[117.324,3.488]]],[[[117.284,3.205],[117.27,3.23],[117.306,3.23],[117.284,3.205]]],[[[117.295,3.465],[117.277,3.469],[117.298,3.466],[117.295,3.465]]],[[[117.246,3.243],[117.257,3.244],[117.258,3.243],[117.246,3.243]]],[[[117.236,3.191],[117.227,3.179],[117.22,3.182],[117.236,3.191]]],[[[117.221,3.175],[117.226,3.179],[117.228,3.176],[117.221,3.175]]],[[[117.101,3.615],[117.096,3.624],[117.107,3.621],[117.101,3.615]]],[[[117.042,3.61],[117.057,3.613],[117.04,3.605],[117.042,3.61]]]]}},{"type":"Feature","properties":{"id":"SLU","name":"Sulawesi Utara","region":"Sulawesi","tz":"WITA","population_m":2.66,"districts":15,"center":[124.6101,1.0214],"bbox":[123.111,0.292,127.164,5.566]},"geometry":{"type":"MultiPolygon","coordinates":[[[[127.163,4.628],[127.158,4.622],[127.159,4.634],[127.163,4.628]]],[[[127.161,4.643],[127.158,4.638],[127.156,4.644],[127.161,4.643]]],[[[127.126,4.614],[127.147,4.619],[127.15,4.616],[127.142,4.606],[127.126,4.614]]],[[[127.137,4.776],[127.142,4.738],[127.114,4.732],[127.117,4.763],[127.137,4.776]]],[[[127.131,4.695],[127.144,4.701],[127.142,4.687],[127.131,4.695]]],[[[127.093,4.733],[127.068,4.718],[127.056,4.735],[127.093,4.733]]],[[[127.056,4.798],[127.065,4.797],[127.059,4.791],[127.056,4.798]]],[[[126.785,4.525],[126.808,4.534],[126.831,4.492],[126.856,4.489],[126.87,4.429],[126.85,4.375],[126.913,4.269],[126.861,4.25],[126.871,4.216],[126.797,4.148],[126.809,4.032],[126.762,3.995],[126.68,3.993],[126.667,4.045],[126.733,4.109],[126.806,4.277],[126.761,4.247],[126.717,4.264],[126.708,4.322],[126.68,4.334],[126.703,4.429],[126.734,4.462],[126.725,4.524],[126.744,4.546],[126.785,4.525]]],[[[126.814,3.815],[126.851,3.753],[126.823,3.728],[126.768,3.764],[126.744,3.843],[126.761,3.855],[126.814,3.815]]],[[[126.647,3.977],[126.722,3.914],[126.716,3.887],[126.685,3.869],[126.701,3.812],[126.681,3.815],[126.663,3.876],[126.668,3.931],[126.613,3.983],[126.612,4.043],[126.642,4.02],[126.647,3.977]]],[[[126.711,3.946],[126.715,3.939],[126.709,3.944],[126.711,3.946]]],[[[126.708,3.954],[126.713,3.953],[126.709,3.952],[126.708,3.954]]],[[[126.577,5.558],[126.591,5.562],[126.58,5.545],[126.577,5.558]]],[[[126.58,5.544],[126.582,5.545],[126.582,5.543],[126.58,5.544]]],[[[125.727,3.481],[125.736,3.481],[125.729,3.475],[125.727,3.481]]],[[[125.721,3.873],[125.724,3.869],[125.722,3.866],[125.721,3.873]]],[[[125.706,3.455],[125.691,3.464],[125.711,3.477],[125.706,3.455]]],[[[125.689,4.432],[125.696,4.433],[125.697,4.432],[125.689,4.432]]],[[[125.508,3.723],[125.575,3.642],[125.563,3.626],[125.595,3.611],[125.56,3.578],[125.585,3.583],[125.642,3.491],[125.66,3.483],[125.64,3.513],[125.66,3.524],[125.671,3.494],[125.671,3.417],[125.658,3.389],[125.622,3.388],[125.619,3.371],[125.581,3.376],[125.586,3.405],[125.558,3.422],[125.571,3.439],[125.55,3.435],[125.545,3.41],[125.523,3.413],[125.526,3.438],[125.503,3.435],[125.499,3.467],[125.481,3.482],[125.513,3.568],[125.482,3.594],[125.51,3.602],[125.442,3.62],[125.398,3.673],[125.404,3.719],[125.446,3.737],[125.508,3.723]]],[[[125.656,3.536],[125.656,3.527],[125.654,3.531],[125.656,3.536]]],[[[125.634,3.54],[125.643,3.552],[125.638,3.537],[125.634,3.54]]],[[[125.636,3.373],[125.645,3.381],[125.641,3.371],[125.636,3.373]]],[[[125.592,3.791],[125.634,3.784],[125.618,3.782],[125.606,3.788],[125.589,3.77],[125.592,3.791]]],[[[125.631,4.589],[125.626,4.589],[125.63,4.591],[125.631,4.589]]],[[[125.622,3.363],[125.606,3.341],[125.613,3.371],[125.622,3.363]]],[[[125.583,3.753],[125.558,3.745],[125.555,3.753],[125.572,3.77],[125.583,3.753]]],[[[125.566,3.337],[125.58,3.343],[125.568,3.333],[125.566,3.337]]],[[[125.58,3.398],[125.555,3.395],[125.564,3.417],[125.58,3.398]]],[[[125.577,3.363],[125.579,3.362],[125.578,3.359],[125.577,3.363]]],[[[125.574,3.805],[125.576,3.808],[125.577,3.806],[125.574,3.805]]],[[[125.572,3.365],[125.573,3.367],[125.573,3.365],[125.572,3.365]]],[[[125.567,3.798],[125.566,3.794],[125.566,3.798],[125.567,3.798]]],[[[125.521,3.191],[125.534,3.16],[125.501,3.164],[125.516,3.172],[125.504,3.186],[125.52,3.172],[125.521,3.191]]],[[[125.503,3.094],[125.505,3.058],[125.495,3.08],[125.503,3.094]]],[[[125.487,3.095],[125.498,3.097],[125.497,3.092],[125.487,3.095]]],[[[125.491,3.458],[125.493,3.46],[125.493,3.458],[125.491,3.458]]],[[[125.489,4.735],[125.478,4.736],[125.491,4.745],[125.489,4.735]]],[[[125.483,3.062],[125.488,3.062],[125.49,3.059],[125.483,3.062]]],[[[125.482,2.656],[125.489,2.653],[125.488,2.648],[125.482,2.656]]],[[[125.483,3.1],[125.481,3.092],[125.477,3.093],[125.483,3.1]]],[[[125.476,2.659],[125.475,2.661],[125.477,2.66],[125.476,2.659]]],[[[125.475,2.645],[125.475,2.646],[125.477,2.646],[125.475,2.645]]],[[[125.474,2.667],[125.476,2.665],[125.476,2.664],[125.474,2.667]]],[[[125.464,2.648],[125.441,2.639],[125.46,2.656],[125.449,2.67],[125.466,2.672],[125.464,2.648]]],[[[125.473,3.244],[125.455,3.231],[125.446,3.239],[125.458,3.255],[125.473,3.244]]],[[[125.43,2.381],[125.467,2.349],[125.431,2.315],[125.387,2.332],[125.369,2.361],[125.385,2.382],[125.404,2.367],[125.43,2.381]]],[[[125.461,2.679],[125.448,2.684],[125.463,2.689],[125.461,2.679]]],[[[125.447,3.143],[125.456,3.147],[125.457,3.14],[125.447,3.143]]],[[[125.447,2.788],[125.451,2.753],[125.41,2.731],[125.393,2.683],[125.432,2.649],[125.399,2.633],[125.377,2.65],[125.361,2.715],[125.37,2.786],[125.411,2.811],[125.447,2.788]]],[[[125.435,4.657],[125.435,4.663],[125.433,4.648],[125.435,4.657]]],[[[125.429,4.671],[125.431,4.669],[125.429,4.669],[125.429,4.671]]],[[[125.409,2.103],[125.358,2.072],[125.337,2.082],[125.364,2.105],[125.361,2.129],[125.366,2.119],[125.391,2.112],[125.41,2.134],[125.409,2.103]]],[[[125.384,3.912],[125.391,3.908],[125.387,3.907],[125.384,3.912]]],[[[125.383,2.302],[125.364,2.287],[125.343,2.305],[125.378,2.328],[125.383,2.302]]],[[[125.37,2.126],[125.366,2.124],[125.368,2.128],[125.37,2.126]]],[[[125.353,2.113],[125.347,2.114],[125.35,2.121],[125.353,2.113]]],[[[125.343,2.103],[125.347,2.104],[125.343,2.1],[125.343,2.103]]],[[[125.342,2.098],[125.34,2.097],[125.34,2.1],[125.342,2.098]]],[[[125.332,2.088],[125.332,2.091],[125.334,2.086],[125.332,2.088]]],[[[125.324,4.227],[125.32,4.237],[125.332,4.232],[125.324,4.227]]],[[[125.3,2.348],[125.303,2.364],[125.309,2.351],[125.3,2.348]]],[[[125.294,1.545],[125.296,1.546],[125.293,1.543],[125.294,1.545]]],[[[125.292,1.549],[125.26,1.413],[125.174,1.387],[125.186,1.432],[125.24,1.443],[125.292,1.549]]],[[[125.276,1.523],[125.277,1.524],[125.277,1.522],[125.276,1.523]]],[[[124.69,0.836],[124.629,0.774],[124.629,0.713],[124.598,0.706],[124.594,0.683],[124.581,0.696],[124.556,0.651],[124.544,0.625],[124.566,0.619],[124.569,0.58],[124.539,0.588],[124.493,0.548],[124.513,0.473],[124.501,0.466],[124.489,0.487],[124.482,0.468],[124.45,0.466],[124.453,0.444],[124.413,0.455],[124.361,0.431],[124.356,0.453],[124.339,0.433],[124.324,0.446],[124.314,0.41],[124.271,0.429],[124.288,0.406],[124.22,0.382],[124.212,0.397],[124.08,0.387],[124.052,0.36],[124.047,0.377],[123.993,0.375],[123.859,0.328],[123.82,0.337],[123.788,0.314],[123.736,0.324],[123.628,0.292],[123.574,0.322],[123.477,0.317],[123.498,0.382],[123.55,0.433],[123.524,0.463],[123.523,0.49],[123.552,0.511],[123.528,0.541],[123.533,0.577],[123.488,0.601],[123.486,0.627],[123.384,0.64],[123.322,0.699],[123.247,0.717],[123.271,0.803],[123.206,0.857],[123.121,0.89],[123.111,0.921],[123.178,0.902],[123.199,0.92],[123.168,0.951],[123.211,0.938],[123.247,0.959],[123.262,0.933],[123.254,0.923],[123.262,0.914],[123.343,0.907],[123.351,0.92],[123.351,0.905],[123.394,0.898],[123.4,0.915],[123.417,0.891],[123.443,0.904],[123.526,0.886],[123.583,0.896],[123.591,0.905],[123.699,0.858],[123.713,0.874],[123.737,0.865],[123.753,0.831],[123.757,0.855],[123.786,0.83],[123.804,0.837],[123.792,0.856],[123.959,0.837],[123.929,0.858],[124.072,0.921],[124.137,0.928],[124.203,0.99],[124.298,1.007],[124.357,1.135],[124.342,1.154],[124.355,1.166],[124.415,1.196],[124.517,1.188],[124.528,1.215],[124.576,1.186],[124.614,1.245],[124.515,1.3],[124.532,1.353],[124.61,1.416],[124.675,1.395],[124.752,1.455],[124.827,1.463],[124.845,1.515],[124.806,1.576],[124.866,1.598],[124.902,1.65],[124.931,1.656],[124.941,1.694],[124.964,1.674],[124.962,1.728],[124.985,1.72],[124.981,1.75],[125.026,1.73],[125.02,1.72],[125.018,1.71],[125.014,1.698],[125.012,1.695],[125.012,1.694],[125.017,1.685],[125.04,1.677],[125.111,1.662],[125.166,1.69],[125.176,1.674],[125.144,1.606],[125.169,1.566],[125.245,1.515],[125.234,1.467],[125.196,1.438],[125.126,1.428],[125.078,1.366],[125.024,1.143],[124.894,1.006],[124.895,0.981],[124.789,0.944],[124.76,0.888],[124.716,0.896],[124.706,0.858],[124.722,0.849],[124.69,0.836]],[[124.959,1.677],[124.96,1.672],[124.96,1.676],[124.959,1.677]],[[124.914,1.285],[124.857,1.212],[124.889,1.17],[124.931,1.247],[124.928,1.277],[124.914,1.285]],[[124.453,0.771],[124.464,0.73],[124.462,0.774],[124.453,0.771]]],[[[125.232,1.459],[125.233,1.461],[125.235,1.461],[125.232,1.459]]],[[[125.213,1.389],[125.216,1.389],[125.216,1.388],[125.213,1.389]]],[[[125.133,1.846],[125.188,1.782],[125.147,1.758],[125.161,1.748],[125.149,1.747],[125.151,1.735],[125.114,1.813],[125.136,1.822],[125.133,1.846]]],[[[125.17,2.74],[125.186,2.729],[125.175,2.722],[125.17,2.74]]],[[[125.16,1.39],[125.161,1.392],[125.162,1.388],[125.16,1.39]]],[[[125.16,1.743],[125.153,1.743],[125.155,1.746],[125.16,1.743]]],[[[125.09,1.837],[125.098,1.844],[125.099,1.832],[125.09,1.837]]],[[[125.099,1.888],[125.051,1.805],[125.066,1.858],[125.099,1.888]]],[[[125.093,1.832],[125.093,1.83],[125.092,1.832],[125.093,1.832]]],[[[125.05,1.766],[125.058,1.786],[125.051,1.759],[125.05,1.766]]],[[[125.059,1.794],[125.056,1.789],[125.058,1.797],[125.059,1.794]]],[[[125.038,1.761],[125.034,1.764],[125.036,1.765],[125.038,1.761]]],[[[125.031,1.698],[125.018,1.692],[125.021,1.704],[125.031,1.698]]],[[[125.023,1.689],[125.024,1.687],[125.02,1.688],[125.023,1.689]]],[[[124.957,1.709],[124.957,1.712],[124.959,1.71],[124.957,1.709]]],[[[124.953,1.699],[124.949,1.691],[124.95,1.701],[124.953,1.699]]],[[[124.956,1.685],[124.955,1.685],[124.955,1.686],[124.956,1.685]]],[[[124.919,0.976],[124.903,0.971],[124.896,0.976],[124.919,0.976]]],[[[124.902,0.961],[124.903,0.961],[124.902,0.96],[124.902,0.961]]],[[[124.805,1.631],[124.8,1.628],[124.801,1.637],[124.805,1.631]]],[[[124.804,1.784],[124.804,1.785],[124.805,1.784],[124.804,1.784]]],[[[124.789,1.781],[124.799,1.794],[124.797,1.776],[124.789,1.781]]],[[[124.789,0.925],[124.792,0.926],[124.789,0.919],[124.789,0.925]]],[[[124.791,0.928],[124.787,0.927],[124.792,0.93],[124.791,0.928]]],[[[124.781,0.889],[124.783,0.892],[124.781,0.888],[124.781,0.889]]],[[[124.775,1.628],[124.781,1.595],[124.764,1.62],[124.736,1.617],[124.744,1.633],[124.775,1.628]]],[[[124.742,1.706],[124.731,1.728],[124.752,1.718],[124.766,1.745],[124.781,1.697],[124.742,1.706]]],[[[124.762,0.874],[124.766,0.877],[124.764,0.874],[124.762,0.874]]],[[[124.766,1.745],[124.755,1.745],[124.758,1.753],[124.766,1.745]]],[[[124.753,1.748],[124.755,1.749],[124.755,1.747],[124.753,1.748]]],[[[124.751,1.746],[124.748,1.751],[124.752,1.747],[124.751,1.746]]],[[[124.749,1.752],[124.75,1.753],[124.75,1.751],[124.749,1.752]]],[[[124.749,1.738],[124.734,1.743],[124.741,1.753],[124.749,1.738]]],[[[124.747,0.863],[124.744,0.864],[124.746,0.864],[124.747,0.863]]],[[[124.738,0.882],[124.739,0.884],[124.74,0.884],[124.738,0.882]]],[[[124.737,0.858],[124.726,0.85],[124.722,0.85],[124.723,0.853],[124.737,0.858]]],[[[124.735,0.882],[124.728,0.879],[124.729,0.883],[124.735,0.882]]],[[[124.683,1.622],[124.692,1.647],[124.715,1.641],[124.711,1.623],[124.683,1.622]]],[[[124.66,0.805],[124.685,0.812],[124.687,0.808],[124.66,0.805]]],[[[124.632,0.713],[124.634,0.713],[124.633,0.711],[124.632,0.713]]],[[[124.565,0.574],[124.568,0.575],[124.566,0.571],[124.565,0.574]]],[[[124.511,1.299],[124.503,1.301],[124.51,1.306],[124.511,1.299]]],[[[124.476,0.446],[124.48,0.449],[124.479,0.446],[124.476,0.446]]],[[[124.461,0.45],[124.462,0.452],[124.463,0.449],[124.461,0.45]]],[[[124.366,0.423],[124.362,0.42],[124.36,0.43],[124.366,0.423]]],[[[124.35,0.416],[124.352,0.42],[124.354,0.418],[124.35,0.416]]],[[[123.975,0.902],[123.977,0.903],[123.977,0.899],[123.975,0.902]]],[[[123.811,0.861],[123.81,0.861],[123.81,0.863],[123.811,0.861]]],[[[123.802,0.871],[123.805,0.869],[123.804,0.868],[123.802,0.871]]],[[[123.791,0.879],[123.788,0.877],[123.787,0.882],[123.791,0.879]]],[[[123.581,0.897],[123.582,0.898],[123.585,0.897],[123.584,0.896],[123.581,0.897]]],[[[123.585,0.901],[123.585,0.898],[123.582,0.902],[123.585,0.901]]],[[[123.263,0.921],[123.265,0.923],[123.264,0.92],[123.263,0.921]]],[[[123.259,0.927],[123.262,0.921],[123.26,0.921],[123.259,0.927]]],[[[123.258,0.922],[123.256,0.923],[123.257,0.923],[123.258,0.922]]]]}},{"type":"Feature","properties":{"id":"GTO","name":"Gorontalo","region":"Sulawesi","tz":"WITA","population_m":1.21,"districts":6,"center":[122.2548,0.6729],"bbox":[121.161,0.306,123.552,1.041]},"geometry":{"type":"MultiPolygon","coordinates":[[[[122.114,0.497],[121.806,0.412],[121.719,0.506],[121.722,0.522],[121.684,0.514],[121.635,0.545],[121.642,0.525],[121.624,0.536],[121.621,0.522],[121.608,0.553],[121.601,0.528],[121.533,0.556],[121.513,0.529],[121.519,0.496],[121.494,0.479],[121.44,0.465],[121.439,0.501],[121.409,0.473],[121.41,0.488],[121.338,0.474],[121.352,0.492],[121.331,0.523],[121.346,0.566],[121.239,0.602],[121.231,0.643],[121.197,0.642],[121.161,0.679],[121.216,0.792],[121.353,0.795],[121.35,0.851],[121.494,0.84],[121.532,0.853],[121.537,0.876],[121.603,0.873],[121.812,0.95],[121.851,0.993],[121.902,0.964],[121.922,0.928],[121.976,0.904],[121.994,0.942],[122.076,1.006],[122.189,1.039],[122.222,1.025],[122.231,0.993],[122.241,1.01],[122.315,1.006],[122.335,1.041],[122.37,0.994],[122.394,1.014],[122.435,0.994],[122.445,0.999],[122.439,1.021],[122.452,1.032],[122.488,0.991],[122.56,0.96],[122.61,0.944],[122.624,0.964],[122.688,0.893],[122.722,0.887],[122.716,0.881],[122.713,0.867],[122.739,0.881],[122.766,0.862],[122.774,0.878],[122.804,0.847],[122.789,0.85],[122.797,0.835],[122.823,0.839],[122.849,0.801],[122.951,0.894],[122.95,0.923],[122.976,0.94],[122.946,0.938],[122.946,0.965],[122.986,0.968],[122.998,0.944],[123.047,0.94],[123.067,0.917],[123.084,0.93],[123.087,0.907],[123.095,0.93],[123.114,0.927],[123.121,0.89],[123.206,0.857],[123.271,0.803],[123.247,0.717],[123.322,0.699],[123.384,0.64],[123.486,0.627],[123.488,0.601],[123.533,0.577],[123.528,0.541],[123.552,0.511],[123.523,0.49],[123.526,0.454],[123.55,0.433],[123.48,0.354],[123.482,0.322],[123.459,0.338],[123.435,0.317],[123.345,0.306],[123.268,0.322],[123.195,0.394],[123.156,0.404],[123.063,0.505],[123.066,0.529],[123.047,0.491],[122.822,0.498],[122.693,0.473],[122.685,0.504],[122.647,0.521],[122.643,0.476],[122.592,0.496],[122.605,0.505],[122.6,0.513],[122.578,0.493],[122.552,0.514],[122.546,0.49],[122.544,0.508],[122.516,0.513],[122.513,0.498],[122.512,0.513],[122.414,0.502],[122.403,0.522],[122.351,0.509],[122.352,0.493],[122.333,0.51],[122.324,0.492],[122.318,0.508],[122.316,0.49],[122.281,0.475],[122.234,0.487],[122.153,0.462],[122.114,0.497]]],[[[122.885,0.893],[122.893,0.887],[122.896,0.854],[122.878,0.893],[122.863,0.892],[122.852,0.897],[122.885,0.893]]],[[[122.756,0.909],[122.813,0.892],[122.807,0.875],[122.756,0.909]]],[[[122.807,0.865],[122.81,0.861],[122.805,0.864],[122.807,0.865]]],[[[122.801,0.869],[122.803,0.867],[122.799,0.868],[122.801,0.869]]],[[[122.742,0.883],[122.739,0.885],[122.742,0.886],[122.742,0.883]]],[[[122.721,0.882],[122.718,0.883],[122.72,0.883],[122.721,0.882]]],[[[122.529,0.488],[122.53,0.501],[122.536,0.494],[122.529,0.488]]],[[[122.525,0.989],[122.522,0.987],[122.523,0.993],[122.525,0.989]]],[[[122.507,1.004],[122.508,1.004],[122.506,1.003],[122.507,1.004]]],[[[122.497,0.99],[122.498,0.994],[122.499,0.992],[122.497,0.99]]],[[[122.452,0.496],[122.44,0.5],[122.451,0.501],[122.452,0.496]]],[[[122.437,1.008],[122.44,1.003],[122.436,1.006],[122.437,1.008]]],[[[122.387,0.499],[122.385,0.5],[122.387,0.501],[122.387,0.499]]],[[[122.358,0.467],[122.362,0.475],[122.366,0.475],[122.358,0.467]]],[[[122.356,0.484],[122.354,0.485],[122.356,0.486],[122.356,0.484]]],[[[122.351,0.465],[122.347,0.466],[122.35,0.468],[122.351,0.465]]],[[[122.331,0.454],[122.331,0.463],[122.333,0.456],[122.331,0.454]]],[[[122.226,0.434],[122.232,0.431],[122.225,0.432],[122.226,0.434]]],[[[122.126,0.477],[122.125,0.481],[122.132,0.479],[122.126,0.477]]],[[[122.117,0.486],[122.119,0.49],[122.123,0.487],[122.117,0.486]]],[[[122.101,0.474],[122.113,0.476],[122.113,0.473],[122.101,0.474]]],[[[121.984,0.447],[121.982,0.444],[121.981,0.448],[121.984,0.447]]],[[[121.972,0.443],[121.966,0.445],[121.971,0.447],[121.972,0.443]]],[[[121.715,0.486],[121.716,0.488],[121.716,0.487],[121.715,0.486]]],[[[121.707,0.485],[121.687,0.488],[121.683,0.509],[121.702,0.507],[121.707,0.485]]],[[[121.676,0.506],[121.677,0.516],[121.682,0.51],[121.676,0.506]]],[[[121.67,0.506],[121.67,0.505],[121.668,0.506],[121.67,0.506]]],[[[121.667,0.455],[121.666,0.459],[121.668,0.457],[121.667,0.455]]],[[[121.662,0.514],[121.661,0.516],[121.663,0.516],[121.662,0.514]]],[[[121.661,0.507],[121.657,0.512],[121.662,0.511],[121.661,0.507]]],[[[121.657,0.503],[121.658,0.5],[121.655,0.502],[121.657,0.503]]],[[[121.645,0.506],[121.646,0.511],[121.649,0.505],[121.645,0.506]]],[[[121.646,0.526],[121.645,0.523],[121.644,0.526],[121.646,0.526]]],[[[121.638,0.508],[121.642,0.508],[121.642,0.506],[121.638,0.508]]],[[[121.633,0.486],[121.638,0.483],[121.632,0.482],[121.633,0.486]]],[[[121.634,0.492],[121.636,0.488],[121.633,0.491],[121.634,0.492]]],[[[121.634,0.506],[121.627,0.508],[121.631,0.509],[121.634,0.506]]],[[[121.614,0.483],[121.626,0.49],[121.629,0.482],[121.614,0.483]]],[[[121.618,0.516],[121.618,0.513],[121.617,0.516],[121.618,0.516]]],[[[121.58,0.486],[121.587,0.483],[121.58,0.482],[121.58,0.486]]],[[[121.582,0.501],[121.58,0.498],[121.579,0.5],[121.582,0.501]]],[[[121.574,0.509],[121.575,0.508],[121.573,0.508],[121.574,0.509]]],[[[121.562,0.481],[121.565,0.484],[121.561,0.473],[121.562,0.481]]],[[[121.559,0.459],[121.557,0.463],[121.56,0.463],[121.559,0.459]]],[[[121.556,0.514],[121.552,0.516],[121.557,0.517],[121.556,0.514]]],[[[121.537,0.537],[121.536,0.539],[121.538,0.539],[121.537,0.537]]],[[[121.531,0.476],[121.529,0.477],[121.531,0.478],[121.531,0.476]]],[[[121.525,0.543],[121.524,0.541],[121.523,0.542],[121.525,0.543]]],[[[121.522,0.535],[121.527,0.535],[121.526,0.532],[121.522,0.535]]],[[[121.515,0.487],[121.524,0.488],[121.525,0.481],[121.515,0.487]]],[[[121.524,0.519],[121.521,0.519],[121.521,0.522],[121.524,0.519]]],[[[121.516,0.435],[121.52,0.44],[121.521,0.438],[121.516,0.435]]],[[[121.513,0.484],[121.511,0.486],[121.513,0.486],[121.513,0.484]]],[[[121.501,0.437],[121.5,0.436],[121.499,0.437],[121.501,0.437]]],[[[121.446,0.417],[121.442,0.418],[121.447,0.419],[121.446,0.417]]],[[[121.425,0.416],[121.421,0.413],[121.419,0.415],[121.425,0.416]]]]}},{"type":"Feature","properties":{"id":"SLT","name":"Sulawesi Tengah","region":"Sulawesi","tz":"WITA","population_m":3.09,"districts":13,"center":[122.3861,-0.9615],"bbox":[119.448,-3.641,124.182,1.375]},"geometry":{"type":"MultiPolygon","coordinates":[[[[124.16,-1.778],[124.169,-1.752],[124.149,-1.767],[124.151,-1.735],[124.168,-1.737],[124.182,-1.768],[124.164,-1.788],[124.15,-1.771],[124.16,-1.778]]],[[[123.997,-1.811],[124.024,-1.844],[124.03,-1.895],[123.988,-1.823],[123.997,-1.811]]],[[[123.923,-2.1],[123.932,-2.11],[123.926,-2.11],[123.923,-2.1]]],[[[123.919,-2.09],[123.915,-2.088],[123.923,-2.094],[123.919,-2.09]]],[[[123.923,-2.097],[123.922,-2.099],[123.921,-2.098],[123.923,-2.097]]],[[[123.916,-2.073],[123.922,-2.073],[123.914,-2.077],[123.916,-2.073]]],[[[123.919,-2.097],[123.92,-2.095],[123.921,-2.096],[123.919,-2.097]]],[[[123.917,-2.092],[123.917,-2.095],[123.916,-2.094],[123.917,-2.092]]],[[[123.91,-2.08],[123.907,-2.084],[123.906,-2.083],[123.91,-2.08]]],[[[123.911,-2.094],[123.91,-2.092],[123.911,-2.092],[123.911,-2.094]]],[[[123.91,-2.094],[123.909,-2.095],[123.908,-2.094],[123.91,-2.094]]],[[[123.889,-2.018],[123.906,-2.007],[123.895,-2.024],[123.889,-2.018]]],[[[123.888,-2.095],[123.89,-2.094],[123.9,-2.098],[123.888,-2.095]]],[[[123.897,-2.082],[123.845,-2.066],[123.862,-2.008],[123.88,-2.029],[123.897,-2.082]]],[[[123.871,-2.097],[123.866,-2.1],[123.871,-2.096],[123.871,-2.097]]],[[[123.863,-2.099],[123.858,-2.103],[123.869,-2.096],[123.863,-2.099]]],[[[123.784,-1.879],[123.864,-1.983],[123.855,-2.013],[123.841,-1.991],[123.825,-2.027],[123.785,-1.983],[123.782,-1.929],[123.778,-1.949],[123.771,-1.943],[123.778,-1.926],[123.775,-1.91],[123.78,-1.911],[123.776,-1.892],[123.784,-1.879]]],[[[123.81,-2.109],[123.805,-2.111],[123.808,-2.108],[123.81,-2.109]]],[[[123.799,-2.011],[123.79,-2.01],[123.796,-2.009],[123.799,-2.011]]],[[[123.789,-2.023],[123.786,-2.026],[123.787,-2.021],[123.789,-2.023]]],[[[123.778,-2.006],[123.786,-2.001],[123.787,-2.005],[123.778,-2.006]]],[[[123.783,-2.021],[123.762,-2.06],[123.765,-2.005],[123.783,-2.021]]],[[[123.777,-1.922],[123.767,-1.924],[123.769,-1.903],[123.777,-1.922]]],[[[123.765,-1.865],[123.771,-1.885],[123.759,-1.885],[123.755,-1.876],[123.765,-1.865]]],[[[123.749,-2.103],[123.762,-2.107],[123.755,-2.108],[123.751,-2.106],[123.749,-2.103]]],[[[123.762,-2.02],[123.761,-2.022],[123.76,-2.02],[123.762,-2.02]]],[[[123.754,-2.022],[123.757,-2.016],[123.754,-2.023],[123.749,-2.022],[123.751,-2.016],[123.754,-2.022]]],[[[123.755,-2.012],[123.756,-2.016],[123.752,-2.016],[123.755,-2.012]]],[[[123.745,-2.098],[123.75,-2.094],[123.748,-2.102],[123.745,-2.098]]],[[[123.744,-2.081],[123.745,-2.083],[123.745,-2.084],[123.744,-2.081]]],[[[123.703,-1.962],[123.708,-1.921],[123.732,-1.898],[123.739,-1.955],[123.703,-1.962]]],[[[123.694,-1.908],[123.701,-1.875],[123.682,-1.875],[123.696,-1.862],[123.702,-1.873],[123.704,-1.892],[123.694,-1.908]]],[[[123.697,-1.889],[123.697,-1.89],[123.695,-1.889],[123.697,-1.889]]],[[[123.675,-1.881],[123.675,-1.887],[123.689,-1.914],[123.681,-1.93],[123.663,-1.891],[123.675,-1.881]]],[[[123.686,-1.896],[123.686,-1.897],[123.685,-1.897],[123.686,-1.896]]],[[[123.681,-2.167],[123.67,-2.178],[123.664,-2.153],[123.668,-2.165],[123.681,-2.167]]],[[[123.666,-2.15],[123.673,-2.151],[123.672,-2.154],[123.666,-2.15]]],[[[123.664,-1.963],[123.648,-1.956],[123.647,-1.896],[123.664,-1.963]]],[[[123.659,-2.143],[123.655,-2.144],[123.655,-2.14],[123.659,-2.143]]],[[[123.642,-2.131],[123.645,-2.126],[123.647,-2.132],[123.642,-2.131]]],[[[123.642,-2.137],[123.637,-2.126],[123.644,-2.134],[123.642,-2.137]]],[[[123.635,-1.908],[123.637,-1.911],[123.638,-1.914],[123.635,-1.908]]],[[[123.64,-1.93],[123.638,-1.936],[123.636,-1.937],[123.64,-1.93]]],[[[123.64,-1.954],[123.638,-1.955],[123.64,-1.953],[123.64,-1.954]]],[[[123.637,-1.932],[123.636,-1.934],[123.635,-1.932],[123.637,-1.932]]],[[[123.636,-1.954],[123.631,-1.943],[123.635,-1.944],[123.636,-1.954]]],[[[123.529,-1.478],[123.56,-1.599],[123.577,-1.611],[123.592,-1.594],[123.623,-1.624],[123.621,-1.64],[123.604,-1.631],[123.62,-1.652],[123.613,-1.699],[123.568,-1.728],[123.537,-1.726],[123.518,-1.701],[123.513,-1.725],[123.489,-1.714],[123.473,-1.654],[123.501,-1.597],[123.48,-1.584],[123.479,-1.547],[123.505,-1.497],[123.528,-1.508],[123.529,-1.478]]],[[[123.603,-2.137],[123.609,-2.139],[123.604,-2.139],[123.603,-2.137]]],[[[123.608,-2.124],[123.609,-2.132],[123.604,-2.122],[123.608,-2.124]]],[[[123.598,-2.122],[123.604,-2.129],[123.604,-2.131],[123.598,-2.122]]],[[[123.602,-2.135],[123.598,-2.133],[123.597,-2.13],[123.6,-2.13],[123.602,-2.135]]],[[[123.599,-2.119],[123.602,-2.119],[123.601,-2.12],[123.599,-2.119]]],[[[123.598,-2.118],[123.593,-2.118],[123.595,-2.121],[123.591,-2.125],[123.598,-2.118]]],[[[123.59,-2.061],[123.597,-2.062],[123.595,-2.065],[123.59,-2.061]]],[[[123.592,-2.119],[123.593,-2.121],[123.591,-2.121],[123.592,-2.119]]],[[[123.57,-1.931],[123.565,-1.93],[123.569,-1.928],[123.57,-1.931]]],[[[123.561,-2.096],[123.543,-2.101],[123.544,-2.096],[123.561,-2.096]]],[[[123.189,-1.15],[123.249,-1.229],[123.229,-1.232],[123.218,-1.27],[123.186,-1.262],[123.198,-1.284],[123.184,-1.321],[123.227,-1.359],[123.242,-1.4],[123.284,-1.358],[123.283,-1.317],[123.314,-1.304],[123.375,-1.222],[123.413,-1.225],[123.404,-1.252],[123.43,-1.27],[123.446,-1.267],[123.442,-1.234],[123.487,-1.27],[123.556,-1.278],[123.524,-1.434],[123.497,-1.467],[123.474,-1.461],[123.458,-1.519],[123.44,-1.505],[123.413,-1.531],[123.371,-1.498],[123.355,-1.526],[123.355,-1.473],[123.329,-1.454],[123.326,-1.415],[123.295,-1.411],[123.276,-1.443],[123.256,-1.443],[123.245,-1.502],[123.234,-1.595],[123.258,-1.609],[123.255,-1.638],[123.237,-1.644],[123.232,-1.602],[123.226,-1.595],[123.155,-1.641],[123.155,-1.614],[123.115,-1.612],[123.098,-1.593],[123.107,-1.567],[123.128,-1.568],[123.185,-1.514],[123.163,-1.453],[123.166,-1.303],[123.142,-1.297],[123.122,-1.319],[123.121,-1.294],[123.037,-1.421],[122.999,-1.516],[122.946,-1.545],[122.908,-1.599],[122.849,-1.578],[122.839,-1.511],[122.838,-1.524],[122.821,-1.482],[122.798,-1.492],[122.79,-1.478],[122.794,-1.385],[122.824,-1.288],[122.871,-1.25],[122.905,-1.183],[122.946,-1.185],[122.972,-1.216],[123.105,-1.161],[123.145,-1.211],[123.164,-1.152],[123.189,-1.15]]],[[[123.542,-1.915],[123.537,-1.933],[123.535,-1.936],[123.528,-1.924],[123.532,-1.915],[123.542,-1.915]]],[[[123.491,-1.984],[123.497,-1.985],[123.496,-1.989],[123.491,-1.984]]],[[[123.493,-1.991],[123.495,-1.989],[123.495,-1.992],[123.493,-1.991]]],[[[123.489,-1.995],[123.493,-1.995],[123.492,-1.997],[123.489,-1.995]]],[[[123.491,-2.002],[123.49,-2.002],[123.49,-2.001],[123.491,-2.002]]],[[[123.478,-1.951],[123.469,-1.953],[123.466,-1.945],[123.486,-1.937],[123.488,-1.947],[123.48,-1.946],[123.478,-1.951]]],[[[123.481,-1.989],[123.477,-1.996],[123.486,-1.98],[123.49,-1.988],[123.481,-1.989]]],[[[123.485,-2.003],[123.489,-1.999],[123.489,-2.002],[123.485,-2.003]]],[[[123.486,-1.995],[123.488,-1.994],[123.486,-1.996],[123.486,-1.995]]],[[[123.486,-1.949],[123.487,-1.95],[123.483,-1.951],[123.486,-1.949]]],[[[123.48,-1.951],[123.482,-1.951],[123.481,-1.952],[123.48,-1.951]]],[[[123.397,-2.224],[123.398,-2.209],[123.408,-2.235],[123.472,-2.208],[123.412,-2.242],[123.397,-2.224]]],[[[123.463,-2.206],[123.461,-2.207],[123.463,-2.205],[123.463,-2.206]]],[[[123.458,-2.21],[123.451,-2.214],[123.46,-2.207],[123.458,-2.21]]],[[[123.454,-0.823],[123.453,-0.818],[123.459,-0.824],[123.454,-0.823]]],[[[122.213,-1.606],[122.03,-1.612],[121.959,-1.679],[121.904,-1.701],[121.863,-1.671],[121.861,-1.702],[121.886,-1.707],[121.859,-1.709],[121.851,-1.693],[121.808,-1.731],[121.744,-1.888],[121.654,-1.956],[121.56,-1.955],[121.489,-1.873],[121.458,-1.877],[121.47,-1.857],[121.449,-1.867],[121.468,-1.836],[121.455,-1.81],[121.418,-1.822],[121.372,-1.808],[121.323,-1.764],[121.289,-1.842],[121.327,-1.864],[121.344,-1.842],[121.362,-1.874],[121.331,-1.88],[121.35,-1.897],[121.312,-1.929],[121.351,-1.95],[121.343,-2.005],[121.381,-1.977],[121.377,-1.916],[121.409,-1.906],[121.421,-1.957],[121.453,-2.0],[121.499,-2.027],[121.511,-2.058],[121.53,-2.046],[121.531,-2.07],[121.535,-2.049],[121.545,-2.11],[121.526,-2.134],[121.552,-2.167],[121.666,-2.191],[121.679,-2.173],[121.724,-2.198],[121.795,-2.288],[121.825,-2.294],[121.875,-2.403],[121.968,-2.528],[122.001,-2.628],[122.035,-2.657],[122.033,-2.674],[122.01,-2.674],[122.01,-2.718],[122.086,-2.789],[122.14,-2.789],[122.164,-2.82],[122.185,-2.824],[122.185,-2.87],[122.208,-2.901],[122.25,-2.878],[122.315,-2.91],[122.277,-3.001],[122.245,-3.013],[122.336,-3.086],[122.371,-3.142],[122.427,-3.127],[122.445,-3.162],[122.464,-3.15],[122.486,-3.179],[122.429,-3.192],[122.434,-3.272],[122.427,-3.28],[122.401,-3.24],[122.383,-3.259],[122.359,-3.255],[122.368,-3.225],[122.325,-3.234],[122.311,-3.273],[122.295,-3.221],[122.314,-3.165],[122.285,-3.141],[122.222,-3.135],[122.172,-3.084],[122.179,-3.033],[122.1,-3.009],[122.073,-2.954],[121.921,-2.99],[121.857,-2.964],[121.833,-2.972],[121.686,-2.901],[121.67,-2.843],[121.72,-2.814],[121.722,-2.768],[121.79,-2.667],[121.78,-2.631],[121.698,-2.533],[121.653,-2.539],[121.626,-2.49],[121.56,-2.491],[121.442,-2.405],[121.231,-2.361],[121.182,-2.375],[121.099,-2.275],[121.034,-2.276],[120.993,-2.245],[120.88,-2.22],[120.791,-2.238],[120.717,-2.223],[120.586,-2.13],[120.409,-1.897],[120.389,-1.898],[120.34,-2.061],[120.271,-2.028],[120.179,-2.034],[120.085,-1.98],[120.01,-1.964],[119.968,-1.977],[119.944,-2.029],[119.909,-2.053],[119.884,-2.046],[119.868,-2.028],[119.857,-1.876],[119.875,-1.863],[119.858,-1.822],[119.871,-1.777],[119.798,-1.739],[119.75,-1.643],[119.728,-1.643],[119.733,-1.605],[119.671,-1.544],[119.697,-1.453],[119.641,-1.404],[119.592,-1.396],[119.583,-1.426],[119.547,-1.437],[119.542,-1.422],[119.508,-1.451],[119.519,-1.412],[119.502,-1.393],[119.478,-1.398],[119.448,-1.358],[119.464,-1.319],[119.523,-1.311],[119.524,-1.294],[119.482,-1.309],[119.473,-1.298],[119.524,-1.251],[119.542,-1.201],[119.565,-1.201],[119.572,-1.149],[119.607,-1.154],[119.575,-1.019],[119.557,-1.01],[119.553,-0.938],[119.573,-0.88],[119.561,-0.851],[119.614,-0.835],[119.623,-0.801],[119.653,-0.784],[119.649,-0.805],[119.663,-0.802],[119.656,-0.782],[119.686,-0.748],[119.661,-0.717],[119.71,-0.684],[119.727,-0.646],[119.761,-0.682],[119.839,-0.879],[119.871,-0.883],[119.881,-0.86],[119.863,-0.714],[119.822,-0.688],[119.76,-0.497],[119.752,-0.365],[119.818,-0.195],[119.799,-0.155],[119.81,-0.137],[119.794,-0.122],[119.703,-0.137],[119.654,-0.094],[119.606,-0.004],[119.666,-0.017],[119.666,0.02],[119.733,-0.021],[119.739,-0.061],[119.769,-0.077],[119.778,-0.114],[119.837,-0.104],[119.883,-0.021],[119.879,0.077],[119.77,0.213],[119.808,0.236],[119.834,0.216],[119.887,0.211],[119.904,0.226],[119.891,0.296],[119.873,0.294],[119.848,0.352],[119.889,0.394],[119.876,0.436],[119.901,0.479],[120.001,0.484],[120.047,0.513],[120.014,0.652],[120.038,0.717],[120.101,0.751],[120.178,0.757],[120.23,0.792],[120.247,0.958],[120.282,0.986],[120.354,0.984],[120.347,0.976],[120.327,0.855],[120.363,0.828],[120.374,0.867],[120.397,0.792],[120.474,0.778],[120.534,0.792],[120.557,0.77],[120.547,0.756],[120.596,0.751],[120.574,0.77],[120.61,0.809],[120.604,0.872],[120.635,0.94],[120.671,0.95],[120.67,0.966],[120.679,0.951],[120.689,0.953],[120.696,0.966],[120.679,0.97],[120.697,0.987],[120.723,0.973],[120.705,0.962],[120.732,0.962],[120.739,0.994],[120.809,1.029],[120.777,1.111],[120.788,1.164],[120.827,1.183],[120.808,1.325],[120.869,1.318],[120.903,1.357],[120.915,1.337],[120.885,1.317],[120.895,1.304],[120.928,1.319],[120.942,1.35],[120.996,1.34],[121.063,1.303],[121.1,1.316],[121.255,1.231],[121.337,1.262],[121.354,1.248],[121.404,1.262],[121.444,1.313],[121.471,1.301],[121.472,1.263],[121.416,1.24],[121.434,1.235],[121.422,1.189],[121.484,1.108],[121.558,1.062],[121.628,1.062],[121.652,1.04],[121.655,1.065],[121.685,1.072],[121.706,1.039],[121.711,1.082],[121.741,1.062],[121.824,1.092],[121.884,1.081],[121.927,1.103],[121.958,1.061],[121.953,1.041],[121.982,1.023],[122.065,1.074],[122.163,1.033],[122.186,1.057],[122.195,1.038],[122.042,0.989],[121.976,0.904],[121.922,0.928],[121.902,0.964],[121.851,0.993],[121.812,0.95],[121.603,0.873],[121.537,0.876],[121.532,0.853],[121.481,0.838],[121.359,0.853],[121.353,0.795],[121.216,0.792],[121.161,0.679],[121.197,0.642],[121.231,0.643],[121.239,0.602],[121.346,0.566],[121.331,0.523],[121.352,0.492],[121.338,0.474],[121.258,0.489],[121.232,0.458],[121.185,0.462],[121.161,0.436],[121.162,0.416],[121.111,0.401],[121.075,0.4],[121.028,0.44],[120.897,0.396],[120.854,0.443],[120.809,0.453],[120.811,0.475],[120.767,0.457],[120.688,0.513],[120.507,0.513],[120.436,0.466],[120.41,0.477],[120.31,0.424],[120.277,0.367],[120.24,0.344],[120.202,0.264],[120.158,0.227],[120.125,0.167],[120.133,0.127],[120.106,0.095],[120.095,-0.031],[120.035,-0.065],[120.04,-0.141],[120.007,-0.191],[120.009,-0.286],[120.031,-0.304],[120.041,-0.391],[120.072,-0.442],[120.049,-0.492],[120.059,-0.631],[120.133,-0.774],[120.174,-0.797],[120.197,-0.846],[120.222,-0.846],[120.309,-0.965],[120.406,-0.923],[120.461,-0.994],[120.508,-0.997],[120.56,-1.092],[120.586,-1.112],[120.593,-1.168],[120.571,-1.199],[120.571,-1.256],[120.638,-1.308],[120.642,-1.361],[120.675,-1.415],[120.693,-1.419],[120.802,-1.351],[120.84,-1.358],[120.837,-1.394],[120.859,-1.412],[120.952,-1.417],[120.982,-1.399],[121.04,-1.413],[121.059,-1.443],[121.101,-1.438],[121.164,-1.367],[121.223,-1.203],[121.28,-1.159],[121.338,-1.063],[121.392,-1.035],[121.396,-1.005],[121.449,-0.973],[121.48,-0.9],[121.589,-0.866],[121.597,-0.825],[121.634,-0.807],[121.663,-0.813],[121.657,-0.913],[121.71,-0.949],[121.761,-0.971],[121.817,-0.956],[121.942,-0.989],[122.005,-0.933],[122.093,-0.955],[122.119,-0.939],[122.145,-0.905],[122.159,-0.814],[122.187,-0.812],[122.2,-0.788],[122.414,-0.783],[122.459,-0.759],[122.525,-0.786],[122.58,-0.784],[122.615,-0.761],[122.686,-0.81],[122.728,-0.813],[122.791,-0.776],[122.961,-0.754],[122.95,-0.736],[122.894,-0.739],[122.869,-0.711],[122.782,-0.705],[122.725,-0.662],[122.781,-0.67],[122.807,-0.634],[122.842,-0.642],[122.863,-0.622],[122.882,-0.638],[122.954,-0.618],[122.94,-0.627],[122.957,-0.644],[122.968,-0.619],[123.052,-0.591],[123.057,-0.564],[123.17,-0.591],[123.195,-0.569],[123.263,-0.58],[123.408,-0.651],[123.381,-0.663],[123.396,-0.697],[123.423,-0.719],[123.444,-0.711],[123.427,-0.741],[123.458,-0.769],[123.434,-0.8],[123.444,-0.838],[123.397,-0.878],[123.384,-0.931],[123.397,-0.953],[123.347,-1.037],[123.265,-1.042],[123.239,-1.0],[123.169,-0.952],[123.143,-0.953],[123.134,-0.899],[123.152,-0.901],[123.151,-0.885],[123.1,-0.835],[123.06,-0.871],[123.074,-0.882],[123.059,-0.897],[123.037,-0.894],[123.043,-0.872],[123.028,-0.882],[123.041,-0.908],[123.006,-0.894],[122.809,-0.937],[122.787,-0.975],[122.798,-1.003],[122.728,-1.086],[122.715,-1.134],[122.669,-1.138],[122.662,-1.164],[122.635,-1.165],[122.633,-1.235],[122.56,-1.268],[122.56,-1.312],[122.418,-1.441],[122.392,-1.493],[122.304,-1.533],[122.213,-1.606]],[[122.427,-3.269],[122.428,-3.271],[122.428,-3.268],[122.427,-3.269]],[[122.425,-3.264],[122.424,-3.268],[122.426,-3.266],[122.425,-3.264]]],[[[123.449,-0.83],[123.452,-0.828],[123.452,-0.829],[123.449,-0.83]]],[[[123.45,-2.13],[123.451,-2.132],[123.449,-2.134],[123.45,-2.13]]],[[[123.451,-2.13],[123.439,-2.125],[123.442,-2.12],[123.449,-2.124],[123.451,-2.126],[123.451,-2.13]]],[[[123.442,-2.22],[123.439,-2.22],[123.442,-2.219],[123.442,-2.22]]],[[[123.439,-2.131],[123.438,-2.128],[123.441,-2.133],[123.439,-2.131]]],[[[123.401,-2.202],[123.402,-2.208],[123.398,-2.208],[123.401,-2.202]]],[[[123.38,-1.724],[123.339,-1.733],[123.316,-1.782],[123.272,-1.793],[123.289,-1.746],[123.365,-1.673],[123.386,-1.69],[123.38,-1.724]]],[[[123.356,-0.617],[123.361,-0.618],[123.356,-0.618],[123.356,-0.617]]],[[[123.35,-0.613],[123.354,-0.61],[123.354,-0.614],[123.35,-0.613]]],[[[123.336,-0.604],[123.336,-0.606],[123.333,-0.605],[123.336,-0.604]]],[[[123.299,-1.284],[123.279,-1.196],[123.316,-1.175],[123.326,-1.202],[123.299,-1.284]]],[[[123.174,-3.622],[123.123,-3.612],[123.107,-3.639],[123.044,-3.593],[123.157,-3.557],[123.174,-3.622]]],[[[123.156,-2.196],[123.152,-2.218],[123.145,-2.224],[123.156,-2.196]]],[[[123.126,-1.775],[123.145,-1.799],[123.144,-1.853],[123.093,-1.886],[123.085,-1.915],[123.052,-1.922],[123.069,-1.887],[123.059,-1.83],[123.089,-1.767],[123.126,-1.775]]],[[[123.06,-3.528],[123.095,-3.505],[123.109,-3.494],[123.078,-3.524],[123.06,-3.528]]],[[[123.083,-0.89],[123.076,-0.897],[123.075,-0.894],[123.083,-0.89]]],[[[123.083,-0.881],[123.081,-0.885],[123.08,-0.881],[123.083,-0.881]]],[[[123.077,-0.876],[123.076,-0.877],[123.075,-0.874],[123.077,-0.876]]],[[[123.067,-0.9],[123.062,-0.896],[123.074,-0.897],[123.067,-0.9]]],[[[123.073,-0.893],[123.07,-0.893],[123.068,-0.889],[123.073,-0.893]]],[[[123.044,-3.551],[123.033,-3.546],[123.046,-3.549],[123.044,-3.551]]],[[[122.899,-0.618],[122.895,-0.616],[122.898,-0.616],[122.899,-0.618]]],[[[122.836,-0.625],[122.838,-0.629],[122.831,-0.629],[122.836,-0.625]]],[[[122.819,-3.386],[122.817,-3.387],[122.818,-3.385],[122.819,-3.386]]],[[[122.748,-0.647],[122.753,-0.639],[122.755,-0.64],[122.748,-0.647]]],[[[122.647,-0.508],[122.652,-0.506],[122.651,-0.508],[122.647,-0.508]]],[[[122.624,-3.133],[122.624,-3.134],[122.622,-3.134],[122.624,-3.133]]],[[[122.617,-0.499],[122.564,-0.52],[122.524,-0.499],[122.601,-0.481],[122.617,-0.499]]],[[[122.614,-3.389],[122.612,-3.39],[122.611,-3.388],[122.614,-3.389]]],[[[122.607,-3.13],[122.613,-3.123],[122.614,-3.131],[122.607,-3.13]]],[[[122.603,-3.378],[122.606,-3.378],[122.604,-3.379],[122.603,-3.378]]],[[[122.594,-3.363],[122.591,-3.363],[122.591,-3.361],[122.594,-3.363]]],[[[122.591,-3.145],[122.593,-3.146],[122.592,-3.146],[122.591,-3.145]]],[[[122.59,-3.118],[122.59,-3.119],[122.588,-3.118],[122.59,-3.118]]],[[[122.573,-3.118],[122.576,-3.115],[122.581,-3.115],[122.573,-3.118]]],[[[122.534,-3.097],[122.535,-3.093],[122.544,-3.093],[122.534,-3.097]]],[[[122.528,-3.087],[122.537,-3.081],[122.537,-3.088],[122.528,-3.087]]],[[[122.531,-3.09],[122.532,-3.089],[122.533,-3.091],[122.531,-3.09]]],[[[122.531,-3.089],[122.53,-3.09],[122.529,-3.089],[122.531,-3.089]]],[[[122.529,-3.095],[122.52,-3.093],[122.527,-3.092],[122.529,-3.095]]],[[[122.525,-3.088],[122.521,-3.087],[122.524,-3.087],[122.525,-3.088]]],[[[122.522,-3.061],[122.519,-3.057],[122.523,-3.06],[122.522,-3.061]]],[[[122.49,-3.059],[122.516,-3.09],[122.482,-3.079],[122.488,-3.075],[122.49,-3.059]]],[[[122.518,-3.054],[122.513,-3.056],[122.516,-3.053],[122.518,-3.054]]],[[[122.501,-3.054],[122.503,-3.054],[122.502,-3.055],[122.501,-3.054]]],[[[122.477,-3.062],[122.469,-3.072],[122.461,-3.061],[122.477,-3.062]]],[[[122.478,-3.057],[122.483,-3.061],[122.479,-3.06],[122.478,-3.057]]],[[[122.431,-3.292],[122.425,-3.281],[122.43,-3.284],[122.437,-3.271],[122.431,-3.292]]],[[[122.402,-3.026],[122.427,-3.053],[122.412,-3.062],[122.389,-3.038],[122.399,-3.023],[122.406,-3.017],[122.412,-3.017],[122.402,-3.026]]],[[[122.41,-3.276],[122.412,-3.276],[122.411,-3.277],[122.41,-3.276]]],[[[122.409,-3.273],[122.41,-3.274],[122.407,-3.274],[122.409,-3.273]]],[[[122.397,-3.313],[122.406,-3.33],[122.394,-3.332],[122.397,-3.313]]],[[[122.399,-3.271],[122.398,-3.273],[122.397,-3.272],[122.399,-3.271]]],[[[122.397,-3.277],[122.396,-3.273],[122.398,-3.273],[122.397,-3.277]]],[[[122.397,-3.355],[122.391,-3.343],[122.397,-3.346],[122.397,-3.355]]],[[[122.257,-0.217],[122.263,-0.239],[122.282,-0.222],[122.292,-0.248],[122.31,-0.235],[122.38,-0.274],[122.368,-0.329],[122.397,-0.39],[122.347,-0.321],[122.346,-0.29],[122.326,-0.292],[122.301,-0.258],[122.251,-0.26],[122.233,-0.238],[122.23,-0.211],[122.257,-0.217]]],[[[122.396,-3.27],[122.395,-3.272],[122.394,-3.271],[122.396,-3.27]]],[[[122.39,-3.292],[122.383,-3.284],[122.393,-3.278],[122.39,-3.292]]],[[[122.393,-3.339],[122.394,-3.341],[122.391,-3.34],[122.393,-3.339]]],[[[122.393,-3.343],[122.392,-3.343],[122.392,-3.342],[122.393,-3.343]]],[[[122.389,-3.304],[122.392,-3.305],[122.39,-3.307],[122.389,-3.304]]],[[[122.386,-3.052],[122.387,-3.06],[122.38,-3.055],[122.386,-3.052]]],[[[122.385,-3.044],[122.358,-3.035],[122.386,-3.03],[122.385,-3.044]]],[[[122.382,-3.298],[122.385,-3.301],[122.379,-3.302],[122.382,-3.298]]],[[[122.363,-3.023],[122.366,-3.026],[122.361,-3.026],[122.363,-3.023]]],[[[122.361,-3.033],[122.36,-3.031],[122.362,-3.032],[122.361,-3.033]]],[[[122.354,-3.007],[122.336,-3.02],[122.316,-3.001],[122.354,-3.007]]],[[[122.357,-3.031],[122.353,-3.027],[122.357,-3.027],[122.357,-3.031]]],[[[122.327,-0.304],[122.329,-0.306],[122.327,-0.307],[122.327,-0.304]]],[[[122.324,-3.019],[122.328,-3.02],[122.329,-3.023],[122.324,-3.019]]],[[[122.316,-0.288],[122.317,-0.289],[122.315,-0.289],[122.316,-0.288]]],[[[122.314,-0.286],[122.314,-0.282],[122.317,-0.287],[122.314,-0.286]]],[[[122.284,-0.223],[122.282,-0.22],[122.287,-0.223],[122.284,-0.223]]],[[[122.272,-0.288],[122.27,-0.287],[122.272,-0.286],[122.272,-0.288]]],[[[122.268,-0.288],[122.263,-0.29],[122.266,-0.286],[122.268,-0.288]]],[[[122.265,-0.218],[122.264,-0.22],[122.264,-0.218],[122.265,-0.218]]],[[[122.258,-0.28],[122.258,-0.282],[122.255,-0.281],[122.258,-0.28]]],[[[122.188,-0.248],[122.233,-0.258],[122.245,-0.292],[122.213,-0.292],[122.205,-0.272],[122.18,-0.279],[122.175,-0.248],[122.152,-0.262],[122.149,-0.242],[122.209,-0.21],[122.188,-0.248]]],[[[122.238,-0.307],[122.232,-0.302],[122.238,-0.3],[122.238,-0.307]]],[[[122.234,-0.311],[122.234,-0.314],[122.232,-0.314],[122.234,-0.311]]],[[[122.213,-2.887],[122.214,-2.886],[122.216,-2.887],[122.213,-2.887]]],[[[122.21,-0.222],[122.208,-0.224],[122.207,-0.223],[122.21,-0.222]]],[[[122.167,-2.819],[122.17,-2.814],[122.17,-2.819],[122.167,-2.819]]],[[[122.152,-0.275],[122.151,-0.263],[122.155,-0.266],[122.152,-0.275]]],[[[122.091,-0.271],[122.113,-0.342],[122.14,-0.357],[122.134,-0.345],[122.142,-0.339],[122.154,-0.397],[122.13,-0.424],[122.095,-0.399],[122.093,-0.415],[122.108,-0.434],[122.093,-0.427],[122.097,-0.437],[122.09,-0.434],[122.098,-0.447],[122.088,-0.44],[122.087,-0.433],[122.091,-0.431],[122.085,-0.425],[122.08,-0.428],[122.08,-0.422],[122.079,-0.414],[122.064,-0.409],[122.068,-0.4],[122.073,-0.398],[122.077,-0.401],[122.081,-0.4],[122.085,-0.395],[122.067,-0.391],[122.061,-0.355],[122.091,-0.271]]],[[[122.144,-0.335],[122.143,-0.337],[122.142,-0.337],[122.144,-0.335]]],[[[122.113,-0.267],[122.127,-0.259],[122.128,-0.268],[122.113,-0.267]]],[[[122.126,-0.423],[122.126,-0.425],[122.125,-0.424],[122.126,-0.423]]],[[[122.119,-0.425],[122.118,-0.424],[122.118,-0.422],[122.119,-0.425]]],[[[122.11,-0.435],[122.113,-0.435],[122.112,-0.437],[122.11,-0.435]]],[[[122.109,-0.427],[122.11,-0.428],[122.112,-0.431],[122.109,-0.427]]],[[[122.105,-0.424],[122.105,-0.425],[122.104,-0.424],[122.105,-0.424]]],[[[122.103,-0.439],[122.105,-0.442],[122.101,-0.44],[122.103,-0.439]]],[[[122.099,-0.433],[122.103,-0.436],[122.1,-0.435],[122.099,-0.433]]],[[[122.101,-0.409],[122.098,-0.404],[122.101,-0.404],[122.101,-0.409]]],[[[122.095,-0.403],[122.097,-0.403],[122.095,-0.405],[122.095,-0.403]]],[[[122.093,-0.257],[122.094,-0.261],[122.092,-0.261],[122.093,-0.257]]],[[[122.093,-0.438],[122.096,-0.438],[122.096,-0.44],[122.093,-0.438]]],[[[122.089,-0.241],[122.07,-0.261],[122.028,-0.275],[122.089,-0.241]]],[[[122.083,-0.431],[122.085,-0.431],[122.086,-0.432],[122.083,-0.431]]],[[[122.083,-0.437],[122.085,-0.438],[122.085,-0.439],[122.083,-0.437]]],[[[122.084,-0.44],[122.084,-0.442],[122.082,-0.441],[122.084,-0.44]]],[[[122.082,-0.44],[122.081,-0.441],[122.081,-0.439],[122.082,-0.44]]],[[[122.08,-0.433],[122.081,-0.434],[122.081,-0.435],[122.08,-0.433]]],[[[122.079,-0.4],[122.077,-0.397],[122.08,-0.396],[122.079,-0.4]]],[[[122.08,-0.432],[122.077,-0.429],[122.078,-0.429],[122.08,-0.432]]],[[[122.071,-0.42],[122.07,-0.419],[122.079,-0.416],[122.077,-0.425],[122.071,-0.42]]],[[[122.076,-0.428],[122.074,-0.428],[122.075,-0.426],[122.076,-0.428]]],[[[122.075,-0.431],[122.071,-0.424],[122.071,-0.422],[122.075,-0.431]]],[[[122.073,-0.437],[122.074,-0.44],[122.073,-0.44],[122.073,-0.437]]],[[[122.069,-0.428],[122.073,-0.433],[122.072,-0.435],[122.069,-0.428]]],[[[122.073,-0.441],[122.073,-0.443],[122.072,-0.442],[122.073,-0.441]]],[[[122.07,-0.424],[122.069,-0.426],[122.07,-0.423],[122.07,-0.424]]],[[[122.067,-0.422],[122.068,-0.425],[122.066,-0.426],[122.067,-0.422]]],[[[121.931,-0.326],[121.991,-0.341],[121.979,-0.356],[121.997,-0.352],[122.012,-0.375],[122.025,-0.366],[122.019,-0.353],[122.041,-0.363],[122.04,-0.339],[122.06,-0.349],[122.055,-0.421],[122.013,-0.417],[122.009,-0.398],[122.011,-0.421],[121.954,-0.419],[121.918,-0.439],[121.898,-0.422],[121.875,-0.413],[121.859,-0.378],[121.881,-0.346],[121.916,-0.338],[121.924,-0.37],[121.94,-0.372],[121.935,-0.358],[121.961,-0.369],[121.971,-0.354],[121.947,-0.349],[121.949,-0.334],[121.932,-0.345],[121.925,-0.336],[121.934,-0.329],[121.931,-0.326]]],[[[122.059,-0.427],[122.062,-0.426],[122.061,-0.431],[122.059,-0.427]]],[[[122.033,-0.327],[122.036,-0.322],[122.037,-0.323],[122.033,-0.327]]],[[[122.029,-0.427],[122.026,-0.428],[122.028,-0.424],[122.029,-0.427]]],[[[122.022,-0.363],[122.019,-0.369],[122.018,-0.368],[122.022,-0.363]]],[[[122.018,-0.435],[122.016,-0.429],[122.022,-0.434],[122.018,-0.435]]],[[[122.013,-0.423],[122.015,-0.426],[122.013,-0.426],[122.013,-0.423]]],[[[122.014,-0.354],[122.012,-0.352],[122.015,-0.351],[122.014,-0.354]]],[[[122.001,-0.341],[121.997,-0.339],[122.002,-0.34],[122.001,-0.341]]],[[[121.983,-0.311],[121.981,-0.317],[121.978,-0.314],[121.983,-0.311]]],[[[121.983,-0.352],[121.984,-0.354],[121.982,-0.353],[121.983,-0.352]]],[[[121.98,-0.333],[121.98,-0.337],[121.974,-0.336],[121.98,-0.333]]],[[[121.978,-0.43],[121.982,-0.428],[121.981,-0.431],[121.978,-0.43]]],[[[121.969,1.073],[121.972,1.058],[121.962,1.052],[121.969,1.073]]],[[[121.962,-0.311],[121.963,-0.313],[121.96,-0.312],[121.962,-0.311]]],[[[121.95,-0.317],[121.943,-0.319],[121.939,-0.316],[121.947,-0.312],[121.949,-0.313],[121.95,-0.317]],[[121.946,-0.315],[121.949,-0.314],[121.947,-0.314],[121.946,-0.315]]],[[[121.942,-0.344],[121.941,-0.348],[121.938,-0.343],[121.942,-0.344]]],[[[121.941,-0.436],[121.939,-0.432],[121.941,-0.433],[121.941,-0.436]]],[[[121.93,-0.327],[121.926,-0.329],[121.925,-0.328],[121.93,-0.327]]],[[[121.919,-0.441],[121.928,-0.444],[121.924,-0.449],[121.919,-0.441]]],[[[121.851,-0.409],[121.918,-0.443],[121.907,-0.528],[121.871,-0.535],[121.878,-0.527],[121.873,-0.513],[121.851,-0.493],[121.834,-0.496],[121.863,-0.519],[121.831,-0.532],[121.783,-0.494],[121.747,-0.512],[121.735,-0.496],[121.7,-0.563],[121.658,-0.577],[121.649,-0.54],[121.706,-0.481],[121.693,-0.474],[121.693,-0.471],[121.721,-0.473],[121.738,-0.449],[121.754,-0.449],[121.76,-0.463],[121.762,-0.464],[121.764,-0.464],[121.769,-0.461],[121.758,-0.423],[121.774,-0.417],[121.783,-0.449],[121.851,-0.409]]],[[[121.918,-0.337],[121.918,-0.338],[121.917,-0.337],[121.918,-0.337]]],[[[121.88,-0.343],[121.883,-0.344],[121.877,-0.343],[121.88,-0.343]]],[[[121.854,-0.356],[121.878,-0.349],[121.856,-0.365],[121.854,-0.356]]],[[[121.874,-0.53],[121.861,-0.524],[121.872,-0.512],[121.874,-0.53]]],[[[121.847,-0.353],[121.847,-0.364],[121.841,-0.36],[121.847,-0.353]]],[[[121.851,-0.335],[121.85,-0.336],[121.852,-0.334],[121.851,-0.335]]],[[[121.851,-0.354],[121.849,-0.353],[121.852,-0.353],[121.851,-0.354]]],[[[121.845,1.125],[121.841,1.117],[121.834,1.119],[121.845,1.125]]],[[[121.834,-0.35],[121.834,-0.353],[121.83,-0.352],[121.834,-0.35]]],[[[121.835,-0.408],[121.834,-0.409],[121.833,-0.408],[121.835,-0.408]]],[[[121.833,-0.409],[121.831,-0.41],[121.831,-0.409],[121.833,-0.409]]],[[[121.83,-0.415],[121.832,-0.416],[121.83,-0.416],[121.83,-0.415]]],[[[121.827,-0.405],[121.827,-0.407],[121.826,-0.405],[121.827,-0.405]]],[[[121.817,-0.388],[121.818,-0.408],[121.813,-0.407],[121.817,-0.388]]],[[[121.81,1.096],[121.813,1.093],[121.81,1.092],[121.81,1.096]]],[[[121.793,-0.428],[121.806,-0.416],[121.798,-0.431],[121.793,-0.428]]],[[[121.803,-0.425],[121.804,-0.429],[121.802,-0.428],[121.803,-0.425]]],[[[121.802,-0.417],[121.8,-0.417],[121.8,-0.416],[121.802,-0.417]]],[[[121.799,-0.401],[121.796,-0.401],[121.797,-0.4],[121.799,-0.401]]],[[[121.795,-0.416],[121.791,-0.41],[121.796,-0.41],[121.795,-0.416]]],[[[121.794,-0.436],[121.793,-0.439],[121.792,-0.439],[121.794,-0.436]]],[[[121.788,-0.433],[121.789,-0.436],[121.788,-0.436],[121.788,-0.433]]],[[[121.786,-0.435],[121.786,-0.438],[121.785,-0.438],[121.786,-0.435]]],[[[121.786,-0.44],[121.784,-0.441],[121.785,-0.439],[121.786,-0.44]]],[[[121.782,-0.435],[121.784,-0.435],[121.784,-0.436],[121.782,-0.435]]],[[[121.769,-0.755],[121.758,-0.741],[121.76,-0.738],[121.772,-0.738],[121.769,-0.755]]],[[[121.767,-0.462],[121.765,-0.46],[121.767,-0.459],[121.767,-0.462]]],[[[121.761,-0.463],[121.766,-0.462],[121.765,-0.463],[121.761,-0.463]]],[[[121.761,-0.455],[121.761,-0.458],[121.758,-0.455],[121.761,-0.455]]],[[[121.76,-0.459],[121.759,-0.458],[121.761,-0.458],[121.76,-0.459]]],[[[121.722,-0.467],[121.724,-0.466],[121.725,-0.465],[121.724,-0.467],[121.722,-0.467]]],[[[121.716,-0.469],[121.72,-0.466],[121.718,-0.468],[121.716,-0.469]]],[[[121.706,-0.466],[121.713,-0.47],[121.705,-0.467],[121.706,-0.466]]],[[[121.704,-0.468],[121.695,-0.465],[121.698,-0.464],[121.704,-0.468]]],[[[121.694,-0.466],[121.692,-0.467],[121.691,-0.467],[121.694,-0.466]]],[[[121.688,-0.477],[121.693,-0.478],[121.69,-0.48],[121.688,-0.477]]],[[[121.676,-0.485],[121.675,-0.484],[121.68,-0.479],[121.676,-0.485]]],[[[121.667,-0.868],[121.666,-0.868],[121.667,-0.867],[121.667,-0.868]]],[[[121.666,-0.887],[121.664,-0.884],[121.667,-0.885],[121.666,-0.887]]],[[[121.656,-0.16],[121.652,-0.192],[121.616,-0.216],[121.585,-0.204],[121.562,-0.168],[121.629,-0.122],[121.656,-0.16]]],[[[121.643,-0.535],[121.647,-0.535],[121.646,-0.537],[121.643,-0.535]]],[[[121.631,-0.591],[121.621,-0.59],[121.626,-0.583],[121.631,-0.591]]],[[[121.501,-1.939],[121.499,-1.942],[121.498,-1.941],[121.501,-1.939]]],[[[121.497,-1.933],[121.499,-1.934],[121.497,-1.935],[121.497,-1.933]]],[[[121.494,-1.947],[121.493,-1.945],[121.495,-1.943],[121.494,-1.947]]],[[[121.489,-1.934],[121.482,-1.94],[121.48,-1.931],[121.489,-1.934]]],[[[121.452,-1.929],[121.452,-1.937],[121.45,-1.93],[121.452,-1.929]]],[[[121.437,-1.948],[121.432,-1.933],[121.439,-1.918],[121.445,-1.93],[121.437,-1.948]]],[[[121.432,-1.956],[121.435,-1.958],[121.43,-1.96],[121.432,-1.956]]],[[[121.365,-1.922],[121.364,-1.905],[121.379,-1.9],[121.378,-1.906],[121.365,-1.922]]],[[[121.368,-1.945],[121.365,-1.945],[121.367,-1.942],[121.368,-1.945]]],[[[121.363,-1.939],[121.362,-1.93],[121.367,-1.929],[121.363,-1.939]]],[[[121.361,1.269],[121.365,1.271],[121.364,1.268],[121.361,1.269]]],[[[121.363,-1.923],[121.364,-1.924],[121.365,-1.925],[121.363,-1.923]]],[[[121.364,-1.947],[121.362,-1.947],[121.363,-1.942],[121.364,-1.947]]],[[[121.357,-1.944],[121.362,-1.942],[121.359,-1.946],[121.357,-1.944]]],[[[121.344,-1.84],[121.344,-1.842],[121.343,-1.838],[121.344,-1.84]]],[[[121.264,0.443],[121.261,0.449],[121.266,0.447],[121.264,0.443]]],[[[121.22,0.429],[121.223,0.437],[121.23,0.433],[121.22,0.429]]],[[[121.2,0.452],[121.206,0.453],[121.205,0.451],[121.2,0.452]]],[[[121.171,0.437],[121.173,0.438],[121.174,0.437],[121.171,0.437]]],[[[121.057,1.315],[121.064,1.322],[121.059,1.313],[121.057,1.315]]],[[[120.89,1.371],[120.878,1.361],[120.883,1.375],[120.89,1.371]]],[[[120.8,1.279],[120.801,1.284],[120.807,1.281],[120.8,1.279]]],[[[120.793,1.335],[120.79,1.333],[120.79,1.336],[120.793,1.335]]],[[[120.787,1.168],[120.788,1.166],[120.783,1.168],[120.787,1.168]]],[[[120.777,1.044],[120.771,1.048],[120.774,1.05],[120.777,1.044]]],[[[120.736,0.998],[120.707,0.986],[120.7,0.993],[120.736,0.998]]],[[[120.706,0.466],[120.704,0.464],[120.704,0.466],[120.706,0.466]]],[[[120.687,0.988],[120.691,0.987],[120.688,0.984],[120.687,0.988]]],[[[120.66,1.043],[120.676,1.013],[120.6,1.064],[120.612,1.069],[120.66,1.043]]],[[[120.668,1.071],[120.676,1.078],[120.671,1.068],[120.668,1.071]]],[[[120.668,1.051],[120.666,1.047],[120.665,1.05],[120.668,1.051]]],[[[120.569,-1.083],[120.561,-1.083],[120.563,-1.078],[120.569,-1.083]]],[[[120.461,-0.984],[120.458,-0.985],[120.458,-0.983],[120.461,-0.984]]],[[[120.394,1.019],[120.374,1.01],[120.366,1.029],[120.384,1.078],[120.403,1.064],[120.394,1.019]]],[[[120.376,0.997],[120.376,1.003],[120.378,1.002],[120.376,0.997]]],[[[120.348,0.966],[120.349,0.965],[120.347,0.965],[120.348,0.966]]],[[[120.244,0.977],[120.231,0.968],[120.249,0.985],[120.244,0.977]]],[[[120.079,0.749],[120.08,0.747],[120.079,0.747],[120.079,0.749]]],[[[120.042,-0.376],[120.039,-0.372],[120.043,-0.373],[120.042,-0.376]]],[[[120.041,-0.353],[120.038,-0.352],[120.039,-0.35],[120.041,-0.353]]],[[[119.891,0.492],[119.908,0.484],[119.904,0.481],[119.891,0.492]]],[[[119.851,0.506],[119.858,0.533],[119.878,0.521],[119.851,0.506]]],[[[119.806,-0.049],[119.805,-0.048],[119.807,-0.046],[119.806,-0.049]]],[[[119.801,-0.055],[119.807,-0.058],[119.804,-0.059],[119.801,-0.055]]],[[[119.795,-0.039],[119.801,-0.038],[119.803,-0.047],[119.795,-0.039]]],[[[119.801,-0.059],[119.798,-0.061],[119.799,-0.059],[119.801,-0.059]]],[[[119.795,0.581],[119.792,0.575],[119.79,0.582],[119.795,0.581]]],[[[119.786,-0.015],[119.788,-0.017],[119.783,-0.02],[119.786,-0.015]]],[[[119.658,-0.791],[119.652,-0.795],[119.656,-0.791],[119.658,-0.791]]],[[[119.622,0.096],[119.621,0.087],[119.618,0.098],[119.622,0.096]]]]}},{"type":"Feature","properties":{"id":"SLB","name":"Sulawesi Barat","region":"Sulawesi","tz":"WITA","population_m":1.46,"districts":6,"center":[119.415,-2.2085],"bbox":[117.069,-3.57,119.875,-0.847]},"geometry":{"type":"MultiPolygon","coordinates":[[[[119.431,-3.339],[119.465,-3.377],[119.475,-3.458],[119.492,-3.475],[119.479,-3.501],[119.428,-3.46],[119.386,-3.45],[119.373,-3.463],[119.343,-3.434],[119.299,-3.425],[119.233,-3.487],[119.136,-3.494],[119.111,-3.517],[119.065,-3.502],[119.022,-3.516],[119.001,-3.563],[118.966,-3.545],[118.937,-3.57],[118.879,-3.476],[118.845,-3.377],[118.858,-3.296],[118.829,-3.232],[118.83,-3.17],[118.776,-3.104],[118.798,-3.071],[118.84,-3.081],[118.861,-3.032],[118.848,-2.99],[118.886,-2.887],[118.846,-2.85],[118.769,-2.867],[118.756,-2.78],[118.763,-2.749],[118.784,-2.743],[118.778,-2.684],[118.82,-2.619],[118.871,-2.681],[118.913,-2.668],[119.031,-2.581],[119.041,-2.508],[119.124,-2.483],[119.146,-2.463],[119.127,-2.465],[119.143,-2.393],[119.123,-2.313],[119.152,-2.239],[119.145,-2.2],[119.188,-2.152],[119.223,-2.013],[119.213,-1.998],[119.29,-1.953],[119.331,-1.964],[119.364,-1.856],[119.352,-1.818],[119.312,-1.798],[119.301,-1.707],[119.281,-1.689],[119.31,-1.629],[119.303,-1.611],[119.326,-1.59],[119.288,-1.45],[119.291,-1.392],[119.332,-1.35],[119.303,-1.274],[119.34,-1.168],[119.367,-1.171],[119.461,-1.074],[119.526,-0.897],[119.544,-0.865],[119.552,-0.862],[119.56,-0.849],[119.566,-0.847],[119.557,-1.01],[119.575,-1.019],[119.607,-1.154],[119.572,-1.149],[119.565,-1.201],[119.542,-1.201],[119.524,-1.251],[119.473,-1.298],[119.482,-1.309],[119.524,-1.294],[119.523,-1.311],[119.464,-1.319],[119.448,-1.358],[119.478,-1.398],[119.502,-1.393],[119.519,-1.412],[119.508,-1.451],[119.542,-1.422],[119.547,-1.437],[119.583,-1.426],[119.592,-1.396],[119.641,-1.404],[119.697,-1.453],[119.671,-1.544],[119.733,-1.605],[119.728,-1.643],[119.75,-1.643],[119.798,-1.739],[119.871,-1.777],[119.858,-1.822],[119.875,-1.863],[119.857,-1.876],[119.87,-2.018],[119.821,-2.055],[119.805,-2.112],[119.77,-2.121],[119.706,-2.198],[119.632,-2.243],[119.628,-2.295],[119.674,-2.339],[119.693,-2.336],[119.72,-2.404],[119.694,-2.461],[119.731,-2.5],[119.711,-2.569],[119.797,-2.64],[119.752,-2.671],[119.747,-2.714],[119.688,-2.753],[119.579,-2.752],[119.562,-2.812],[119.569,-2.87],[119.551,-2.898],[119.577,-2.951],[119.565,-2.997],[119.636,-3.128],[119.607,-3.119],[119.536,-3.139],[119.476,-3.191],[119.43,-3.172],[119.371,-3.197],[119.431,-3.263],[119.445,-3.332],[119.431,-3.339]]],[[[119.414,-3.478],[119.415,-3.467],[119.419,-3.469],[119.414,-3.478]]],[[[119.392,-3.476],[119.395,-3.466],[119.394,-3.477],[119.392,-3.476]]],[[[119.375,-3.466],[119.376,-3.467],[119.376,-3.469],[119.375,-3.466]]],[[[119.374,-3.482],[119.363,-3.471],[119.371,-3.467],[119.374,-3.482]]],[[[119.359,-3.488],[119.355,-3.488],[119.359,-3.486],[119.359,-3.488]]],[[[119.336,-1.942],[119.326,-1.934],[119.335,-1.938],[119.336,-1.942]]],[[[119.331,-1.933],[119.331,-1.936],[119.329,-1.933],[119.331,-1.933]]],[[[119.12,-2.471],[119.124,-2.471],[119.125,-2.474],[119.12,-2.471]]],[[[118.89,-2.654],[118.879,-2.623],[118.893,-2.614],[118.89,-2.654]]],[[[117.628,-2.089],[117.622,-2.099],[117.624,-2.086],[117.628,-2.089]]],[[[117.382,-2.101],[117.394,-2.101],[117.385,-2.107],[117.382,-2.101]]],[[[117.371,-2.272],[117.38,-2.267],[117.38,-2.277],[117.371,-2.272]]],[[[117.346,-2.041],[117.356,-2.058],[117.349,-2.065],[117.344,-2.057],[117.346,-2.041]]],[[[117.335,-1.995],[117.331,-2.006],[117.326,-1.996],[117.335,-1.995]]],[[[117.307,-2.265],[117.318,-2.269],[117.312,-2.271],[117.307,-2.265]]],[[[117.299,-2.036],[117.308,-2.044],[117.301,-2.047],[117.299,-2.036]]],[[[117.308,-1.941],[117.299,-1.94],[117.303,-1.935],[117.308,-1.941]]],[[[117.261,-2.053],[117.272,-2.057],[117.267,-2.063],[117.261,-2.053]]],[[[117.247,-1.987],[117.261,-1.999],[117.245,-1.994],[117.247,-1.987]]],[[[117.243,-1.898],[117.253,-1.907],[117.249,-1.907],[117.243,-1.898]]],[[[117.138,-1.968],[117.145,-1.977],[117.14,-1.981],[117.138,-1.968]]],[[[117.071,-2.07],[117.081,-2.051],[117.087,-2.073],[117.071,-2.07]]]]}},{"type":"Feature","properties":{"id":"SLS","name":"Sulawesi Selatan","region":"Sulawesi","tz":"WITA","population_m":9.36,"districts":24,"center":[119.9472,-3.8029],"bbox":[117.038,-7.591,121.84,-1.895]},"geometry":{"type":"MultiPolygon","coordinates":[[[[121.83,-7.384],[121.781,-7.424],[121.746,-7.415],[121.756,-7.35],[121.785,-7.334],[121.829,-7.334],[121.83,-7.384]]],[[[121.803,-7.479],[121.753,-7.495],[121.724,-7.493],[121.803,-7.479]]],[[[121.803,-7.486],[121.803,-7.49],[121.802,-7.491],[121.803,-7.486]]],[[[119.354,-5.326],[119.409,-5.113],[119.454,-5.101],[119.447,-5.085],[119.478,-5.059],[119.477,-4.995],[119.524,-4.924],[119.5,-4.819],[119.482,-4.818],[119.499,-4.812],[119.482,-4.751],[119.596,-4.561],[119.581,-4.529],[119.597,-4.416],[119.636,-4.319],[119.595,-4.243],[119.625,-4.236],[119.609,-4.216],[119.638,-4.174],[119.614,-4.145],[119.606,-4.083],[119.638,-3.976],[119.587,-3.974],[119.593,-4.005],[119.614,-4.004],[119.587,-4.039],[119.571,-3.948],[119.452,-3.714],[119.458,-3.642],[119.511,-3.595],[119.514,-3.561],[119.474,-3.503],[119.492,-3.475],[119.475,-3.458],[119.465,-3.377],[119.43,-3.345],[119.445,-3.332],[119.431,-3.263],[119.37,-3.201],[119.43,-3.172],[119.476,-3.191],[119.536,-3.139],[119.607,-3.119],[119.636,-3.128],[119.565,-2.997],[119.577,-2.951],[119.551,-2.898],[119.569,-2.87],[119.562,-2.812],[119.579,-2.752],[119.688,-2.753],[119.747,-2.714],[119.752,-2.671],[119.797,-2.64],[119.711,-2.569],[119.731,-2.5],[119.694,-2.461],[119.72,-2.404],[119.693,-2.336],[119.674,-2.339],[119.628,-2.295],[119.632,-2.243],[119.706,-2.198],[119.77,-2.121],[119.805,-2.112],[119.827,-2.047],[119.87,-2.018],[119.909,-2.053],[119.991,-1.966],[120.085,-1.98],[120.179,-2.034],[120.271,-2.028],[120.34,-2.061],[120.389,-1.898],[120.403,-1.895],[120.586,-2.13],[120.717,-2.223],[120.791,-2.238],[120.88,-2.22],[120.993,-2.245],[121.034,-2.276],[121.099,-2.275],[121.182,-2.375],[121.231,-2.361],[121.442,-2.405],[121.56,-2.491],[121.626,-2.49],[121.653,-2.539],[121.698,-2.533],[121.78,-2.631],[121.79,-2.667],[121.722,-2.768],[121.72,-2.814],[121.67,-2.843],[121.686,-2.901],[121.638,-2.894],[121.547,-2.922],[121.525,-2.962],[121.457,-3.013],[121.35,-2.97],[121.329,-2.935],[121.358,-2.899],[121.319,-2.808],[121.241,-2.825],[121.203,-2.858],[121.172,-2.818],[121.08,-2.779],[120.988,-2.831],[120.975,-2.809],[121.017,-2.809],[121.034,-2.768],[121.06,-2.771],[121.068,-2.739],[121.083,-2.744],[121.094,-2.723],[121.079,-2.697],[121.037,-2.694],[121.036,-2.665],[121.054,-2.658],[121.021,-2.65],[121.02,-2.673],[120.999,-2.679],[120.914,-2.665],[120.891,-2.64],[120.857,-2.657],[120.808,-2.619],[120.674,-2.645],[120.633,-2.682],[120.573,-2.685],[120.534,-2.757],[120.453,-2.823],[120.347,-2.869],[120.322,-2.901],[120.293,-2.906],[120.256,-2.946],[120.199,-2.957],[120.189,-2.968],[120.259,-3.066],[120.256,-3.16],[120.382,-3.202],[120.388,-3.251],[120.418,-3.249],[120.421,-3.265],[120.399,-3.289],[120.405,-3.431],[120.379,-3.5],[120.417,-3.573],[120.412,-3.664],[120.438,-3.689],[120.441,-3.742],[120.344,-3.892],[120.341,-3.995],[120.361,-4.022],[120.331,-4.108],[120.38,-4.166],[120.365,-4.299],[120.393,-4.336],[120.361,-4.371],[120.347,-4.426],[120.402,-4.481],[120.377,-4.512],[120.385,-4.549],[120.407,-4.544],[120.384,-4.555],[120.4,-4.606],[120.461,-4.658],[120.4,-4.709],[120.383,-4.838],[120.336,-4.841],[120.306,-4.868],[120.312,-4.911],[120.293,-4.923],[120.308,-4.938],[120.294,-4.949],[120.306,-5.002],[120.288,-5.039],[120.301,-5.055],[120.271,-5.143],[120.343,-5.301],[120.405,-5.342],[120.434,-5.445],[120.423,-5.462],[120.451,-5.477],[120.445,-5.557],[120.472,-5.623],[120.394,-5.587],[120.352,-5.52],[120.316,-5.507],[120.276,-5.538],[120.222,-5.54],[120.13,-5.588],[119.93,-5.547],[119.865,-5.61],[119.863,-5.634],[119.837,-5.639],[119.85,-5.665],[119.794,-5.701],[119.673,-5.695],[119.641,-5.672],[119.654,-5.634],[119.612,-5.613],[119.585,-5.615],[119.575,-5.658],[119.545,-5.619],[119.553,-5.595],[119.56,-5.611],[119.573,-5.607],[119.513,-5.569],[119.511,-5.537],[119.46,-5.579],[119.471,-5.594],[119.486,-5.584],[119.487,-5.605],[119.44,-5.597],[119.418,-5.56],[119.432,-5.512],[119.359,-5.396],[119.354,-5.326]]],[[[121.779,-7.273],[121.727,-7.295],[121.746,-7.266],[121.779,-7.273]]],[[[121.739,-7.23],[121.754,-7.222],[121.756,-7.23],[121.739,-7.23]]],[[[121.481,-7.151],[121.472,-7.151],[121.474,-7.146],[121.481,-7.151]]],[[[121.441,-7.118],[121.443,-7.118],[121.442,-7.12],[121.441,-7.118]]],[[[121.428,-7.464],[121.415,-7.451],[121.421,-7.45],[121.428,-7.464]]],[[[121.208,-7.512],[121.202,-7.499],[121.217,-7.497],[121.215,-7.507],[121.208,-7.512]]],[[[121.213,-6.717],[121.211,-6.72],[121.211,-6.716],[121.213,-6.717]]],[[[121.206,-7.513],[121.203,-7.516],[121.205,-7.512],[121.206,-7.513]]],[[[121.175,-6.848],[121.178,-6.846],[121.179,-6.851],[121.175,-6.848]]],[[[121.167,-6.758],[121.171,-6.759],[121.166,-6.773],[121.167,-6.758]]],[[[121.081,-7.304],[121.115,-7.314],[121.126,-7.321],[121.134,-7.339],[121.168,-7.354],[121.099,-7.398],[121.06,-7.371],[121.082,-7.363],[121.081,-7.304]]],[[[121.156,-6.718],[121.142,-6.738],[121.154,-6.715],[121.156,-6.718]]],[[[121.141,-6.747],[121.139,-6.771],[121.138,-6.757],[121.141,-6.747]]],[[[121.138,-6.788],[121.135,-6.799],[121.139,-6.782],[121.138,-6.788]]],[[[121.135,-6.493],[121.133,-6.495],[121.132,-6.49],[121.135,-6.493]]],[[[121.126,-6.454],[121.131,-6.462],[121.132,-6.464],[121.126,-6.454]]],[[[121.123,-7.073],[121.12,-7.075],[121.122,-7.068],[121.123,-7.073]]],[[[121.105,-6.732],[121.102,-6.733],[121.103,-6.73],[121.105,-6.732]]],[[[121.099,-7.305],[121.096,-7.303],[121.102,-7.31],[121.099,-7.305]]],[[[121.1,-6.569],[121.098,-6.574],[121.099,-6.565],[121.1,-6.569]]],[[[121.1,-7.063],[121.096,-7.064],[121.099,-7.058],[121.1,-7.063]]],[[[121.098,-6.41],[121.096,-6.412],[121.096,-6.406],[121.098,-6.41]]],[[[121.081,-6.724],[121.085,-6.723],[121.088,-6.725],[121.081,-6.724]]],[[[121.08,-6.721],[121.082,-6.723],[121.079,-6.723],[121.08,-6.721]]],[[[121.08,-6.567],[121.078,-6.569],[121.079,-6.565],[121.08,-6.567]]],[[[121.07,-6.761],[121.073,-6.757],[121.074,-6.764],[121.07,-6.761]]],[[[121.064,-7.039],[121.063,-7.046],[121.063,-7.042],[121.064,-7.039]]],[[[120.814,-7.259],[121.004,-7.282],[121.064,-7.301],[121.051,-7.327],[121.004,-7.333],[120.83,-7.298],[120.796,-7.272],[120.814,-7.259]]],[[[121.042,-7.366],[121.043,-7.364],[121.046,-7.368],[121.042,-7.366]]],[[[121.036,-6.536],[121.038,-6.536],[121.039,-6.536],[121.036,-6.536]]],[[[121.025,-6.575],[121.023,-6.571],[121.025,-6.566],[121.025,-6.575]]],[[[121.0,-6.946],[121.0,-6.945],[121.002,-6.948],[121.0,-6.946]]],[[[120.997,-6.495],[120.995,-6.503],[120.98,-6.505],[120.997,-6.495]]],[[[120.999,-6.546],[121.0,-6.531],[120.999,-6.546],[120.999,-6.546]]],[[[120.966,-6.754],[120.972,-6.751],[120.967,-6.765],[120.966,-6.754]]],[[[120.967,-2.811],[120.958,-2.815],[120.955,-2.811],[120.967,-2.811]]],[[[120.788,-6.779],[120.814,-6.836],[120.796,-6.866],[120.788,-6.779]]],[[[120.789,-6.956],[120.794,-6.958],[120.786,-6.961],[120.789,-6.956]]],[[[120.62,-7.004],[120.753,-7.079],[120.786,-7.06],[120.767,-7.135],[120.662,-7.121],[120.68,-7.143],[120.67,-7.151],[120.632,-7.133],[120.635,-7.099],[120.605,-7.074],[120.627,-7.053],[120.62,-7.004]]],[[[120.675,-7.126],[120.677,-7.126],[120.675,-7.128],[120.675,-7.126]]],[[[120.62,-7.041],[120.62,-7.042],[120.618,-7.04],[120.62,-7.041]]],[[[120.555,-7.08],[120.612,-7.09],[120.596,-7.1],[120.555,-7.08]]],[[[120.611,-7.04],[120.613,-7.04],[120.613,-7.042],[120.611,-7.04]]],[[[120.604,-7.04],[120.607,-7.042],[120.602,-7.043],[120.604,-7.04]]],[[[120.601,-7.059],[120.604,-7.064],[120.602,-7.065],[120.601,-7.059]]],[[[120.596,-7.067],[120.597,-7.065],[120.6,-7.067],[120.596,-7.067]]],[[[120.589,-7.104],[120.591,-7.104],[120.589,-7.106],[120.589,-7.104]]],[[[120.501,-5.81],[120.53,-5.844],[120.568,-6.055],[120.524,-6.223],[120.538,-6.328],[120.495,-6.392],[120.51,-6.443],[120.484,-6.499],[120.454,-6.382],[120.472,-6.381],[120.481,-6.282],[120.445,-6.266],[120.445,-6.198],[120.426,-6.18],[120.448,-6.162],[120.466,-6.094],[120.447,-5.921],[120.461,-5.794],[120.484,-5.768],[120.506,-5.784],[120.501,-5.81]]],[[[120.565,-7.072],[120.559,-7.063],[120.567,-7.064],[120.565,-7.072]]],[[[120.539,-7.067],[120.553,-7.057],[120.551,-7.068],[120.539,-7.067]]],[[[120.539,-7.056],[120.54,-7.054],[120.543,-7.055],[120.539,-7.056]]],[[[120.518,-6.991],[120.522,-6.987],[120.529,-7.004],[120.518,-6.991]]],[[[120.474,-5.75],[120.493,-5.751],[120.485,-5.755],[120.474,-5.75]]],[[[120.481,-4.533],[120.479,-4.543],[120.475,-4.531],[120.481,-4.533]]],[[[120.478,-5.676],[120.476,-5.682],[120.474,-5.681],[120.478,-5.676]]],[[[120.456,-6.302],[120.465,-6.294],[120.468,-6.301],[120.456,-6.302]]],[[[120.46,-6.307],[120.459,-6.312],[120.454,-6.31],[120.46,-6.307]]],[[[120.462,-4.53],[120.451,-4.543],[120.447,-4.537],[120.462,-4.53]]],[[[120.456,-6.33],[120.461,-6.324],[120.463,-6.327],[120.456,-6.33]]],[[[120.446,-6.348],[120.45,-6.341],[120.457,-6.346],[120.446,-6.348]]],[[[120.435,-6.97],[120.439,-6.952],[120.451,-6.95],[120.456,-6.962],[120.435,-6.97]]],[[[120.423,-4.518],[120.417,-4.495],[120.453,-4.508],[120.444,-4.507],[120.423,-4.518]]],[[[120.434,-5.66],[120.425,-5.64],[120.446,-5.645],[120.434,-5.66]]],[[[120.44,-6.644],[120.42,-6.598],[120.436,-6.581],[120.444,-6.623],[120.44,-6.644]]],[[[120.438,-6.652],[120.432,-6.711],[120.429,-6.717],[120.43,-6.659],[120.438,-6.652]]],[[[120.435,-4.559],[120.439,-4.556],[120.437,-4.561],[120.435,-4.559]]],[[[120.434,-6.645],[120.435,-6.644],[120.435,-6.645],[120.434,-6.645]]],[[[120.422,-6.489],[120.434,-6.465],[120.428,-6.489],[120.422,-6.489]]],[[[120.421,-6.13],[120.427,-6.197],[120.415,-6.209],[120.392,-6.18],[120.409,-6.123],[120.432,-6.106],[120.421,-6.13]]],[[[120.426,-6.648],[120.429,-6.649],[120.427,-6.65],[120.426,-6.648]]],[[[120.412,-5.052],[120.422,-5.043],[120.428,-5.059],[120.412,-5.052]]],[[[120.426,-5.074],[120.423,-5.069],[120.424,-5.066],[120.426,-5.074]]],[[[120.416,-4.576],[120.42,-4.571],[120.423,-4.575],[120.416,-4.576]]],[[[120.422,-4.58],[120.416,-4.583],[120.418,-4.58],[120.422,-4.58]]],[[[120.42,-5.102],[120.419,-5.095],[120.421,-5.094],[120.42,-5.102]]],[[[120.414,-5.112],[120.411,-5.111],[120.414,-5.109],[120.414,-5.112]]],[[[120.408,-4.593],[120.403,-4.593],[120.404,-4.589],[120.408,-4.593]]],[[[120.401,-5.068],[120.398,-5.068],[120.399,-5.067],[120.401,-5.068]]],[[[120.395,-5.042],[120.399,-5.043],[120.396,-5.047],[120.395,-5.042]]],[[[120.388,-5.122],[120.397,-5.122],[120.392,-5.126],[120.388,-5.122]]],[[[120.394,-5.041],[120.39,-5.041],[120.393,-5.038],[120.394,-5.041]]],[[[120.315,-4.953],[120.315,-4.954],[120.313,-4.95],[120.315,-4.953]]],[[[120.294,-2.909],[120.29,-2.913],[120.293,-2.906],[120.294,-2.909]]],[[[120.29,-2.91],[120.29,-2.913],[120.289,-2.912],[120.29,-2.91]]],[[[120.282,-6.681],[120.27,-6.697],[120.273,-6.676],[120.282,-6.681]]],[[[120.201,-2.96],[120.201,-2.958],[120.204,-2.959],[120.201,-2.96]]],[[[120.203,-2.965],[120.2,-2.966],[120.199,-2.962],[120.203,-2.965]]],[[[119.619,-4.182],[119.619,-4.179],[119.622,-4.18],[119.619,-4.182]]],[[[119.603,-3.999],[119.604,-3.994],[119.607,-3.998],[119.603,-3.999]]],[[[119.592,-4.364],[119.599,-4.339],[119.604,-4.338],[119.6,-4.357],[119.592,-4.364]]],[[[119.605,-4.144],[119.604,-4.147],[119.603,-4.145],[119.605,-4.144]]],[[[119.602,-5.649],[119.596,-5.647],[119.602,-5.648],[119.602,-5.649]]],[[[119.571,-4.488],[119.572,-4.487],[119.572,-4.488],[119.571,-4.488]]],[[[119.528,-5.593],[119.524,-5.594],[119.527,-5.59],[119.528,-5.593]]],[[[119.518,-5.588],[119.516,-5.594],[119.514,-5.591],[119.518,-5.588]]],[[[119.502,-4.656],[119.503,-4.655],[119.504,-4.656],[119.502,-4.656]]],[[[119.474,-4.7],[119.472,-4.712],[119.469,-4.708],[119.474,-4.7]]],[[[119.468,-4.69],[119.471,-4.688],[119.47,-4.693],[119.468,-4.69]]],[[[119.464,-4.766],[119.463,-4.768],[119.462,-4.767],[119.464,-4.766]]],[[[119.449,-4.703],[119.463,-4.698],[119.45,-4.708],[119.449,-4.703]]],[[[119.45,-4.74],[119.45,-4.739],[119.452,-4.74],[119.45,-4.74]]],[[[119.448,-4.77],[119.448,-4.773],[119.446,-4.772],[119.448,-4.77]]],[[[119.437,-4.771],[119.436,-4.778],[119.434,-4.773],[119.437,-4.771]]],[[[119.432,-4.753],[119.434,-4.747],[119.435,-4.752],[119.432,-4.753]]],[[[119.432,-4.788],[119.432,-4.785],[119.432,-4.79],[119.432,-4.788]]],[[[119.424,-5.058],[119.427,-5.051],[119.431,-5.057],[119.424,-5.058]]],[[[119.42,-5.041],[119.419,-5.046],[119.418,-5.041],[119.42,-5.041]]],[[[119.422,-4.82],[119.418,-4.825],[119.419,-4.818],[119.422,-4.82]]],[[[119.418,-4.942],[119.42,-4.944],[119.418,-4.945],[119.418,-4.942]]],[[[119.414,-5.036],[119.411,-5.037],[119.412,-5.035],[119.414,-5.036]]],[[[119.411,-5.029],[119.408,-5.033],[119.405,-5.029],[119.411,-5.029]]],[[[119.406,-5.077],[119.412,-5.081],[119.403,-5.083],[119.406,-5.077]]],[[[119.411,-5.072],[119.41,-5.074],[119.408,-5.073],[119.411,-5.072]]],[[[119.41,-5.069],[119.403,-5.071],[119.405,-5.066],[119.41,-5.069]]],[[[119.404,-5.102],[119.401,-5.086],[119.406,-5.088],[119.404,-5.102]]],[[[119.403,-4.845],[119.405,-4.844],[119.404,-4.846],[119.403,-4.845]]],[[[119.4,-5.115],[119.401,-5.113],[119.401,-5.115],[119.4,-5.115]]],[[[119.396,-4.944],[119.401,-4.945],[119.397,-4.949],[119.396,-4.944]]],[[[119.394,-5.138],[119.39,-5.137],[119.389,-5.131],[119.394,-5.138]]],[[[119.388,-4.856],[119.382,-4.856],[119.385,-4.855],[119.388,-4.856]]],[[[119.365,-4.955],[119.366,-4.956],[119.365,-4.956],[119.365,-4.955]]],[[[119.366,-4.711],[119.363,-4.71],[119.364,-4.71],[119.366,-4.711]]],[[[119.361,-4.897],[119.359,-4.897],[119.361,-4.896],[119.361,-4.897]]],[[[119.357,-5.054],[119.353,-5.054],[119.354,-5.052],[119.357,-5.054]]],[[[119.355,-4.717],[119.353,-4.718],[119.354,-4.716],[119.355,-4.717]]],[[[119.336,-5.324],[119.345,-5.324],[119.342,-5.33],[119.336,-5.324]]],[[[119.343,-4.844],[119.343,-4.847],[119.342,-4.846],[119.343,-4.844]]],[[[119.341,-5.313],[119.34,-5.316],[119.34,-5.314],[119.341,-5.313]]],[[[119.342,-4.945],[119.341,-4.947],[119.341,-4.944],[119.342,-4.945]]],[[[119.34,-4.888],[119.34,-4.885],[119.341,-4.887],[119.34,-4.888]]],[[[119.332,-4.801],[119.332,-4.804],[119.331,-4.802],[119.332,-4.801]]],[[[119.326,-5.055],[119.329,-5.042],[119.33,-5.055],[119.326,-5.055]]],[[[119.33,-4.705],[119.328,-4.706],[119.329,-4.704],[119.33,-4.705]]],[[[119.33,-5.017],[119.322,-5.017],[119.325,-5.006],[119.33,-5.017]]],[[[119.329,-4.969],[119.328,-4.971],[119.328,-4.967],[119.329,-4.969]]],[[[119.324,-5.054],[119.321,-5.055],[119.322,-5.053],[119.324,-5.054]]],[[[119.315,-5.083],[119.322,-5.08],[119.318,-5.089],[119.315,-5.083]]],[[[119.321,-5.035],[119.322,-5.036],[119.321,-5.036],[119.321,-5.035]]],[[[119.322,-4.928],[119.321,-4.93],[119.32,-4.926],[119.322,-4.928]]],[[[119.303,-5.454],[119.32,-5.511],[119.307,-5.527],[119.273,-5.536],[119.243,-5.507],[119.254,-5.484],[119.258,-5.502],[119.277,-5.501],[119.271,-5.449],[119.303,-5.454]]],[[[119.29,-5.105],[119.284,-5.104],[119.288,-5.103],[119.29,-5.105]]],[[[119.286,-4.968],[119.289,-4.967],[119.286,-4.97],[119.286,-4.968]]],[[[119.277,-5.042],[119.277,-5.032],[119.281,-5.037],[119.277,-5.042]]],[[[119.274,-5.043],[119.278,-5.046],[119.273,-5.047],[119.274,-5.043]]],[[[119.274,-5.053],[119.271,-5.05],[119.274,-5.051],[119.274,-5.053]]],[[[119.266,-4.879],[119.268,-4.883],[119.265,-4.883],[119.266,-4.879]]],[[[119.263,-5.153],[119.262,-5.146],[119.265,-5.146],[119.267,-5.147],[119.263,-5.153]]],[[[119.228,-5.444],[119.239,-5.457],[119.225,-5.47],[119.221,-5.461],[119.228,-5.444]]],[[[119.222,-5.434],[119.222,-5.444],[119.217,-5.441],[119.222,-5.434]]],[[[119.223,-4.557],[119.224,-4.56],[119.222,-4.559],[119.223,-4.557]]],[[[119.191,-5.396],[119.198,-5.396],[119.19,-5.401],[119.191,-5.396]]],[[[119.169,-6.847],[119.185,-6.818],[119.195,-6.818],[119.169,-6.847]]],[[[119.164,-6.803],[119.17,-6.796],[119.165,-6.803],[119.164,-6.803]]],[[[119.158,-4.49],[119.157,-4.491],[119.156,-4.49],[119.158,-4.49]]],[[[119.15,-6.864],[119.147,-6.86],[119.15,-6.868],[119.15,-6.864]]],[[[119.139,-6.863],[119.135,-6.875],[119.129,-6.867],[119.139,-6.863]]],[[[119.137,-6.882],[119.138,-6.882],[119.136,-6.879],[119.137,-6.882]]],[[[119.12,-6.84],[119.122,-6.859],[119.101,-6.869],[119.096,-6.868],[119.12,-6.84]]],[[[119.069,-6.896],[119.07,-6.893],[119.069,-6.892],[119.07,-6.893],[119.069,-6.896]]],[[[119.061,-4.717],[119.066,-4.714],[119.063,-4.72],[119.061,-4.717]]],[[[119.063,-4.736],[119.063,-4.742],[119.062,-4.741],[119.063,-4.736]]],[[[119.023,-6.906],[119.019,-6.906],[119.022,-6.903],[119.023,-6.906]]],[[[119.023,-6.837],[119.018,-6.835],[119.019,-6.833],[119.023,-6.837]]],[[[119.002,-6.814],[119.005,-6.812],[119.003,-6.819],[119.002,-6.814]]],[[[118.98,-4.722],[118.982,-4.72],[118.982,-4.724],[118.98,-4.722]]],[[[118.974,-6.761],[118.971,-6.763],[118.969,-6.756],[118.974,-6.761]]],[[[118.969,-6.859],[118.961,-6.858],[118.965,-6.853],[118.969,-6.859]]],[[[118.951,-4.698],[118.965,-4.701],[118.965,-4.706],[118.951,-4.698]]],[[[118.951,-6.714],[118.951,-6.707],[118.954,-6.72],[118.951,-6.714]]],[[[118.926,-6.648],[118.932,-6.656],[118.93,-6.658],[118.926,-6.648]]],[[[118.911,-6.885],[118.904,-6.884],[118.91,-6.882],[118.911,-6.885]]],[[[118.888,-6.605],[118.885,-6.612],[118.883,-6.606],[118.888,-6.605]]],[[[118.869,-6.6],[118.86,-6.587],[118.87,-6.598],[118.869,-6.6]]],[[[118.854,-6.934],[118.86,-6.931],[118.857,-6.933],[118.854,-6.934]]],[[[118.825,-6.577],[118.841,-6.575],[118.842,-6.583],[118.825,-6.577]]],[[[118.808,-6.976],[118.808,-6.97],[118.809,-6.971],[118.808,-6.976]]],[[[118.798,-6.556],[118.793,-6.556],[118.795,-6.552],[118.798,-6.556]]],[[[118.655,-7.066],[118.649,-7.071],[118.65,-7.061],[118.655,-7.066]]],[[[118.635,-5.49],[118.627,-5.494],[118.631,-5.487],[118.635,-5.49]]],[[[118.45,-5.502],[118.458,-5.51],[118.452,-5.512],[118.45,-5.502]]],[[[118.425,-5.397],[118.437,-5.408],[118.427,-5.418],[118.425,-5.397]]],[[[118.413,-7.18],[118.411,-7.186],[118.409,-7.188],[118.412,-7.18],[118.408,-7.174],[118.413,-7.18]]],[[[118.41,-7.182],[118.37,-7.2],[118.368,-7.199],[118.406,-7.178],[118.41,-7.182]]],[[[118.328,-6.639],[118.324,-6.646],[118.326,-6.635],[118.328,-6.639]]],[[[118.281,-7.144],[118.277,-7.146],[118.277,-7.143],[118.281,-7.144]]],[[[118.277,-6.693],[118.274,-6.698],[118.278,-6.683],[118.277,-6.693]]],[[[118.239,-7.091],[118.237,-7.087],[118.235,-7.085],[118.237,-7.086],[118.239,-7.091]]],[[[118.191,-7.197],[118.193,-7.199],[118.19,-7.2],[118.191,-7.197]]],[[[118.152,-7.091],[118.178,-7.073],[118.169,-7.09],[118.152,-7.091]]],[[[118.139,-5.127],[118.151,-5.12],[118.156,-5.134],[118.139,-5.127]]],[[[118.103,-7.305],[118.111,-7.297],[118.111,-7.309],[118.103,-7.305]]],[[[118.043,-7.038],[118.042,-7.034],[118.044,-7.036],[118.043,-7.038]]],[[[118.011,-7.22],[118.009,-7.221],[118.009,-7.217],[118.011,-7.22]]],[[[117.994,-7.062],[117.995,-7.068],[117.99,-7.068],[117.994,-7.062]]],[[[117.937,-5.404],[117.927,-5.389],[117.922,-5.353],[117.953,-5.387],[117.937,-5.404]]],[[[117.914,-5.056],[117.92,-5.049],[117.918,-5.056],[117.914,-5.056]]],[[[117.893,-5.238],[117.899,-5.261],[117.89,-5.295],[117.886,-5.252],[117.893,-5.238]]],[[[117.878,-5.174],[117.891,-5.173],[117.883,-5.179],[117.878,-5.174]]],[[[117.882,-7.533],[117.885,-7.532],[117.886,-7.533],[117.882,-7.533]]],[[[117.87,-7.443],[117.872,-7.443],[117.878,-7.461],[117.87,-7.443]]],[[[117.803,-7.401],[117.808,-7.392],[117.816,-7.405],[117.803,-7.401]]],[[[117.793,-7.432],[117.794,-7.435],[117.789,-7.437],[117.793,-7.432]]],[[[117.744,-7.398],[117.751,-7.398],[117.751,-7.401],[117.744,-7.398]]],[[[117.743,-7.366],[117.75,-7.371],[117.744,-7.375],[117.743,-7.366]]],[[[117.713,-7.395],[117.713,-7.397],[117.71,-7.393],[117.713,-7.395]]],[[[117.654,-5.184],[117.682,-5.198],[117.656,-5.222],[117.66,-5.201],[117.654,-5.184]]],[[[117.656,-5.229],[117.655,-5.225],[117.658,-5.222],[117.656,-5.229]]],[[[117.593,-7.402],[117.587,-7.404],[117.585,-7.399],[117.593,-7.402]]],[[[117.535,-7.352],[117.532,-7.34],[117.535,-7.343],[117.535,-7.352]]],[[[117.483,-7.502],[117.475,-7.489],[117.48,-7.479],[117.486,-7.485],[117.486,-7.495],[117.483,-7.502]]],[[[117.443,-7.585],[117.45,-7.578],[117.456,-7.589],[117.443,-7.585]]],[[[117.424,-7.519],[117.444,-7.517],[117.431,-7.539],[117.424,-7.519]]],[[[117.291,-7.54],[117.288,-7.525],[117.336,-7.528],[117.291,-7.54]]],[[[117.275,-7.532],[117.274,-7.532],[117.274,-7.52],[117.275,-7.532]]],[[[117.254,-7.591],[117.255,-7.589],[117.256,-7.59],[117.254,-7.591]]],[[[117.178,-7.508],[117.179,-7.493],[117.197,-7.501],[117.178,-7.508]]],[[[117.073,-5.025],[117.072,-5.018],[117.076,-5.02],[117.073,-5.025]]],[[[117.075,-5.046],[117.071,-5.046],[117.073,-5.045],[117.075,-5.046]]],[[[117.063,-5.023],[117.062,-5.023],[117.063,-5.021],[117.063,-5.023]]],[[[117.056,-5.102],[117.048,-5.089],[117.062,-5.098],[117.056,-5.102]]],[[[117.059,-5.036],[117.056,-5.038],[117.057,-5.032],[117.059,-5.036]]],[[[117.04,-5.04],[117.043,-5.047],[117.039,-5.053],[117.04,-5.04]]]]}},{"type":"Feature","properties":{"id":"SLG","name":"Sulawesi Tenggara","region":"Sulawesi","tz":"WITA","population_m":2.75,"districts":17,"center":[121.8739,-3.8417],"bbox":[120.865,-6.213,124.612,-2.779]},"geometry":{"type":"MultiPolygon","coordinates":[[[[124.612,-6.11],[124.601,-6.126],[124.598,-6.126],[124.598,-6.11],[124.612,-6.11]]],[[[124.491,-5.716],[124.485,-5.72],[124.488,-5.716],[124.491,-5.716]]],[[[124.336,-5.346],[124.324,-5.33],[124.322,-5.324],[124.349,-5.336],[124.336,-5.346]]],[[[124.333,-5.798],[124.334,-5.803],[124.331,-5.799],[124.333,-5.798]]],[[[124.293,-5.293],[124.301,-5.295],[124.298,-5.298],[124.293,-5.293]]],[[[123.987,-5.878],[124.042,-5.908],[124.081,-6.001],[124.079,-6.019],[124.045,-6.035],[124.046,-5.983],[123.986,-5.966],[123.969,-5.937],[123.987,-5.878]]],[[[123.92,-5.719],[124.003,-5.765],[123.941,-5.78],[123.893,-5.73],[123.92,-5.719]]],[[[123.903,-5.805],[123.933,-5.802],[123.946,-5.818],[123.922,-5.823],[123.903,-5.805]]],[[[123.895,-5.778],[123.9,-5.76],[123.925,-5.783],[123.895,-5.778]]],[[[123.826,-5.55],[123.883,-5.583],[123.833,-5.586],[123.826,-5.55]]],[[[123.876,-5.551],[123.85,-5.546],[123.871,-5.534],[123.876,-5.551]]],[[[123.872,-5.779],[123.863,-5.794],[123.865,-5.772],[123.872,-5.779]]],[[[123.763,-5.504],[123.825,-5.559],[123.808,-5.578],[123.819,-5.602],[123.781,-5.59],[123.692,-5.472],[123.763,-5.504]]],[[[123.818,-5.584],[123.827,-5.584],[123.82,-5.598],[123.818,-5.584]]],[[[123.786,-5.477],[123.762,-5.477],[123.761,-5.46],[123.773,-5.457],[123.786,-5.477]]],[[[123.741,-5.486],[123.759,-5.497],[123.74,-5.489],[123.741,-5.486]]],[[[123.708,-5.505],[123.715,-5.518],[123.699,-5.525],[123.695,-5.52],[123.708,-5.505]]],[[[123.644,-5.299],[123.637,-5.372],[123.582,-5.383],[123.538,-5.349],[123.52,-5.259],[123.591,-5.248],[123.644,-5.299]]],[[[123.588,-5.415],[123.613,-5.402],[123.643,-5.426],[123.629,-5.435],[123.588,-5.415]]],[[[123.638,-5.394],[123.631,-5.387],[123.642,-5.386],[123.638,-5.394]]],[[[123.601,-5.396],[123.591,-5.39],[123.605,-5.392],[123.601,-5.396]]],[[[123.464,-5.328],[123.541,-5.377],[123.48,-5.36],[123.464,-5.328]]],[[[123.531,-5.352],[123.535,-5.357],[123.53,-5.355],[123.531,-5.352]]],[[[123.087,-4.022],[123.192,-4.01],[123.225,-4.026],[123.257,-4.076],[123.239,-4.137],[123.123,-4.26],[122.99,-4.201],[122.936,-4.094],[122.942,-4.051],[122.97,-4.054],[123.011,-3.979],[123.087,-4.022]]],[[[122.635,-5.694],[122.556,-5.518],[122.564,-5.483],[122.65,-5.436],[122.639,-5.409],[122.619,-5.406],[122.655,-5.324],[122.676,-5.308],[122.686,-5.321],[122.732,-5.242],[122.771,-5.254],[122.812,-5.219],[122.784,-5.184],[122.754,-5.229],[122.757,-5.185],[122.737,-5.175],[122.771,-5.111],[122.791,-5.107],[122.789,-5.084],[122.758,-5.111],[122.803,-5.027],[122.738,-5.053],[122.767,-5.008],[122.812,-4.982],[122.832,-4.921],[122.806,-4.867],[122.813,-4.829],[122.84,-4.835],[122.857,-4.78],[122.828,-4.678],[122.867,-4.526],[122.95,-4.425],[123.042,-4.369],[123.08,-4.367],[123.079,-4.402],[123.045,-4.425],[123.081,-4.46],[123.1,-4.454],[123.115,-4.484],[123.139,-4.482],[123.209,-4.613],[123.176,-4.662],[123.178,-4.675],[123.201,-4.695],[123.199,-4.657],[123.207,-4.675],[123.212,-4.864],[123.174,-4.837],[123.176,-4.771],[123.133,-4.757],[123.149,-4.729],[123.114,-4.696],[123.1,-4.795],[123.074,-4.787],[123.085,-4.776],[123.079,-4.744],[123.056,-4.77],[123.033,-4.746],[123.024,-4.765],[123.04,-4.802],[122.994,-4.826],[123.002,-4.936],[122.969,-4.952],[122.952,-5.019],[122.979,-5.059],[122.973,-5.116],[122.92,-5.182],[122.956,-5.216],[123.003,-5.15],[123.034,-5.136],[123.068,-5.161],[123.059,-5.192],[123.082,-5.173],[123.105,-5.189],[123.092,-5.217],[123.115,-5.206],[123.152,-5.248],[123.224,-5.276],[123.217,-5.303],[123.131,-5.399],[123.017,-5.443],[122.976,-5.394],[122.872,-5.455],[122.842,-5.518],[122.893,-5.514],[122.899,-5.56],[122.785,-5.702],[122.754,-5.694],[122.766,-5.666],[122.754,-5.64],[122.728,-5.689],[122.713,-5.682],[122.712,-5.619],[122.663,-5.693],[122.635,-5.694]]],[[[123.201,-4.642],[123.196,-4.641],[123.198,-4.636],[123.201,-4.642]]],[[[123.196,-4.674],[123.193,-4.674],[123.195,-4.673],[123.196,-4.674]]],[[[123.192,-4.667],[123.192,-4.665],[123.194,-4.666],[123.192,-4.667]]],[[[123.186,-4.662],[123.183,-4.675],[123.178,-4.673],[123.186,-4.662]]],[[[123.165,-4.788],[123.167,-4.785],[123.166,-4.79],[123.165,-4.788]]],[[[123.158,-5.248],[123.159,-5.247],[123.16,-5.248],[123.158,-5.248]]],[[[123.136,-4.773],[123.139,-4.769],[123.157,-4.773],[123.136,-4.773]]],[[[123.135,-4.735],[123.122,-4.741],[123.126,-4.725],[123.135,-4.735]]],[[[123.121,-4.749],[123.119,-4.764],[123.11,-4.743],[123.121,-4.749]]],[[[123.111,-4.777],[123.125,-4.774],[123.117,-4.783],[123.111,-4.777]]],[[[123.111,-4.787],[123.112,-4.796],[123.101,-4.793],[123.111,-4.787]]],[[[123.081,-4.794],[123.117,-4.798],[123.113,-4.847],[123.095,-4.829],[123.089,-4.854],[123.034,-4.833],[123.057,-4.831],[123.048,-4.813],[123.074,-4.809],[123.081,-4.794]]],[[[123.109,-4.765],[123.111,-4.764],[123.111,-4.77],[123.109,-4.765]]],[[[123.075,-4.773],[123.07,-4.776],[123.072,-4.771],[123.075,-4.773]]],[[[123.052,-4.812],[123.051,-4.802],[123.056,-4.805],[123.052,-4.812]]],[[[123.053,-4.824],[123.051,-4.825],[123.051,-4.824],[123.053,-4.824]]],[[[123.052,-4.78],[123.048,-4.779],[123.049,-4.777],[123.052,-4.78]]],[[[123.047,-4.774],[123.038,-4.768],[123.037,-4.759],[123.047,-4.774]]],[[[123.037,-4.771],[123.045,-4.774],[123.045,-4.778],[123.037,-4.771]]],[[[123.038,-4.769],[123.037,-4.77],[123.036,-4.769],[123.038,-4.769]]],[[[123.03,-4.767],[123.037,-4.764],[123.034,-4.77],[123.03,-4.767]]],[[[122.163,-4.528],[122.089,-4.542],[122.041,-4.648],[122.019,-4.647],[122.036,-4.662],[122.046,-4.768],[122.12,-4.819],[122.091,-4.826],[122.075,-4.858],[122.026,-4.871],[122.007,-4.899],[122.005,-4.885],[121.984,-4.901],[121.88,-4.876],[121.812,-4.835],[121.684,-4.852],[121.664,-4.811],[121.631,-4.804],[121.628,-4.777],[121.616,-4.796],[121.55,-4.773],[121.507,-4.736],[121.508,-4.715],[121.488,-4.689],[121.467,-4.683],[121.475,-4.551],[121.524,-4.402],[121.523,-4.307],[121.526,-4.293],[121.543,-4.291],[121.545,-4.289],[121.531,-4.29],[121.526,-4.246],[121.56,-4.244],[121.54,-4.255],[121.55,-4.265],[121.58,-4.245],[121.589,-4.177],[121.607,-4.182],[121.617,-4.151],[121.61,-4.067],[121.591,-4.062],[121.588,-4.051],[121.579,-4.05],[121.581,-4.051],[121.579,-4.053],[121.578,-4.053],[121.563,-4.039],[121.506,-4.018],[121.371,-4.004],[121.343,-3.985],[121.291,-3.886],[121.252,-3.921],[121.24,-3.903],[121.262,-3.883],[121.233,-3.87],[121.259,-3.855],[121.246,-3.829],[121.17,-3.826],[121.084,-3.715],[120.945,-3.62],[120.88,-3.53],[120.866,-3.429],[120.957,-3.33],[120.975,-3.261],[121.02,-3.245],[121.033,-3.207],[121.069,-3.205],[121.044,-3.108],[121.06,-3.068],[121.043,-3.045],[121.056,-3.023],[121.073,-3.032],[121.076,-3.009],[121.09,-3.016],[121.063,-2.958],[121.081,-2.972],[121.09,-2.945],[121.078,-2.865],[121.066,-2.854],[121.064,-2.878],[121.046,-2.865],[121.037,-2.807],[121.027,-2.849],[120.992,-2.841],[121.011,-2.87],[120.987,-2.837],[121.032,-2.793],[121.08,-2.779],[121.121,-2.791],[121.203,-2.858],[121.241,-2.825],[121.319,-2.808],[121.358,-2.899],[121.329,-2.935],[121.35,-2.97],[121.457,-3.013],[121.525,-2.962],[121.547,-2.922],[121.638,-2.894],[121.921,-2.99],[122.061,-2.949],[122.1,-3.009],[122.179,-3.033],[122.172,-3.084],[122.222,-3.135],[122.285,-3.141],[122.314,-3.165],[122.295,-3.221],[122.311,-3.273],[122.279,-3.313],[122.293,-3.313],[122.293,-3.359],[122.376,-3.382],[122.391,-3.407],[122.383,-3.458],[122.358,-3.463],[122.347,-3.408],[122.315,-3.425],[122.328,-3.373],[122.309,-3.385],[122.276,-3.363],[122.268,-3.399],[122.239,-3.389],[122.302,-3.468],[122.288,-3.492],[122.282,-3.481],[122.261,-3.483],[122.247,-3.495],[122.284,-3.489],[122.282,-3.549],[122.267,-3.521],[122.254,-3.541],[122.271,-3.538],[122.267,-3.559],[122.2,-3.565],[122.196,-3.609],[122.342,-3.746],[122.363,-3.753],[122.393,-3.727],[122.402,-3.75],[122.444,-3.75],[122.469,-3.82],[122.525,-3.895],[122.665,-3.896],[122.664,-3.925],[122.628,-3.938],[122.599,-3.979],[122.53,-3.97],[122.536,-3.989],[122.59,-3.978],[122.619,-4.003],[122.659,-4.008],[122.673,-4.036],[122.649,-4.058],[122.651,-4.083],[122.677,-4.158],[122.714,-4.164],[122.696,-4.137],[122.715,-4.131],[122.77,-4.163],[122.815,-4.136],[122.833,-4.154],[122.834,-4.124],[122.822,-4.108],[122.808,-4.114],[122.808,-4.1],[122.783,-4.097],[122.761,-4.065],[122.847,-4.066],[122.884,-4.125],[122.907,-4.231],[122.881,-4.295],[122.908,-4.324],[122.901,-4.378],[122.883,-4.414],[122.883,-4.398],[122.876,-4.419],[122.844,-4.42],[122.832,-4.449],[122.697,-4.328],[122.667,-4.331],[122.663,-4.356],[122.704,-4.406],[122.761,-4.435],[122.743,-4.51],[122.694,-4.47],[122.677,-4.483],[122.695,-4.501],[122.672,-4.508],[122.663,-4.453],[122.594,-4.394],[122.505,-4.456],[122.471,-4.453],[122.468,-4.437],[122.451,-4.452],[122.421,-4.429],[122.342,-4.475],[122.261,-4.493],[122.22,-4.473],[122.189,-4.472],[122.216,-4.475],[122.217,-4.482],[122.163,-4.528]],[[121.579,-4.051],[121.578,-4.052],[121.579,-4.053],[121.579,-4.051]]],[[[122.901,-4.176],[122.907,-4.184],[122.906,-4.186],[122.901,-4.176]]],[[[122.897,-4.149],[122.899,-4.159],[122.892,-4.147],[122.897,-4.149]]],[[[122.894,-4.145],[122.891,-4.145],[122.892,-4.142],[122.894,-4.145]]],[[[122.881,-4.416],[122.881,-4.417],[122.88,-4.416],[122.881,-4.416]]],[[[122.828,-4.132],[122.829,-4.131],[122.83,-4.132],[122.828,-4.132]]],[[[122.817,-4.914],[122.817,-4.912],[122.816,-4.911],[122.817,-4.914]]],[[[122.813,-4.132],[122.814,-4.135],[122.811,-4.134],[122.813,-4.132]]],[[[122.799,-4.934],[122.802,-4.934],[122.802,-4.936],[122.799,-4.934]]],[[[122.786,-4.972],[122.796,-4.976],[122.794,-4.978],[122.786,-4.972]]],[[[122.793,-4.1],[122.794,-4.103],[122.792,-4.102],[122.793,-4.1]]],[[[122.779,-4.039],[122.777,-4.039],[122.778,-4.036],[122.779,-4.039]]],[[[122.585,-5.256],[122.624,-5.25],[122.646,-5.291],[122.639,-5.357],[122.618,-5.371],[122.617,-5.346],[122.595,-5.365],[122.595,-5.434],[122.566,-5.411],[122.546,-5.44],[122.52,-5.437],[122.513,-5.406],[122.54,-5.332],[122.52,-5.311],[122.54,-5.261],[122.48,-5.3],[122.498,-5.346],[122.484,-5.374],[122.468,-5.361],[122.465,-5.403],[122.406,-5.398],[122.382,-5.333],[122.449,-5.313],[122.377,-5.325],[122.382,-5.367],[122.365,-5.389],[122.269,-5.384],[122.268,-5.314],[122.315,-5.238],[122.303,-5.201],[122.32,-5.118],[122.328,-5.104],[122.348,-5.103],[122.381,-5.088],[122.394,-5.072],[122.404,-5.091],[122.411,-5.091],[122.404,-5.069],[122.383,-5.069],[122.384,-4.98],[122.321,-4.827],[122.374,-4.739],[122.451,-4.749],[122.556,-4.693],[122.595,-4.657],[122.596,-4.635],[122.627,-4.642],[122.683,-4.612],[122.74,-4.649],[122.72,-4.691],[122.744,-4.754],[122.726,-4.85],[122.77,-4.902],[122.756,-4.902],[122.763,-4.964],[122.721,-4.965],[122.704,-5.006],[122.612,-5.095],[122.585,-5.187],[122.626,-5.204],[122.585,-5.256]]],[[[122.743,-4.531],[122.729,-4.543],[122.743,-4.576],[122.686,-4.541],[122.715,-4.515],[122.743,-4.531]]],[[[122.72,-5.207],[122.738,-5.189],[122.717,-5.213],[122.72,-5.207]]],[[[122.733,-4.603],[122.708,-4.595],[122.709,-4.588],[122.733,-4.603]]],[[[122.722,-4.127],[122.729,-4.126],[122.722,-4.13],[122.722,-4.127]]],[[[122.726,-4.595],[122.727,-4.597],[122.725,-4.596],[122.726,-4.595]]],[[[122.721,-3.906],[122.701,-3.892],[122.726,-3.896],[122.721,-3.906]]],[[[122.72,-6.208],[122.696,-6.212],[122.667,-6.185],[122.688,-6.178],[122.72,-6.208]]],[[[122.708,-3.889],[122.712,-3.881],[122.719,-3.887],[122.708,-3.889]]],[[[122.713,-5.24],[122.699,-5.283],[122.68,-5.294],[122.713,-5.24]]],[[[122.687,-4.577],[122.688,-4.565],[122.69,-4.572],[122.7,-4.576],[122.687,-4.577]]],[[[122.694,-4.582],[122.698,-4.581],[122.699,-4.583],[122.694,-4.582]]],[[[122.695,-3.908],[122.681,-3.916],[122.678,-3.911],[122.695,-3.908]]],[[[122.695,-4.581],[122.693,-4.579],[122.697,-4.58],[122.695,-4.581]]],[[[122.69,-4.566],[122.693,-4.567],[122.689,-4.565],[122.69,-4.566]]],[[[122.681,-4.482],[122.684,-4.482],[122.683,-4.483],[122.681,-4.482]]],[[[122.67,-4.122],[122.671,-4.119],[122.673,-4.12],[122.67,-4.122]]],[[[122.67,-4.101],[122.669,-4.103],[122.668,-4.1],[122.67,-4.101]]],[[[122.667,-4.123],[122.668,-4.122],[122.668,-4.123],[122.667,-4.123]]],[[[122.631,-5.419],[122.623,-5.437],[122.631,-5.418],[122.631,-5.419]]],[[[122.611,-3.992],[122.604,-3.976],[122.618,-3.991],[122.611,-3.992]]],[[[122.587,-4.642],[122.591,-4.643],[122.587,-4.647],[122.587,-4.642]]],[[[122.545,-5.628],[122.536,-5.693],[122.457,-5.693],[122.508,-5.624],[122.545,-5.628]]],[[[122.525,-5.501],[122.487,-5.562],[122.471,-5.53],[122.525,-5.501]]],[[[122.513,-5.59],[122.506,-5.6],[122.5,-5.599],[122.513,-5.59]]],[[[122.496,-4.716],[122.498,-4.715],[122.5,-4.718],[122.496,-4.716]]],[[[122.483,-3.479],[122.487,-3.484],[122.483,-3.487],[122.483,-3.479]]],[[[122.476,-4.701],[122.481,-4.702],[122.476,-4.704],[122.476,-4.701]]],[[[122.463,-3.484],[122.439,-3.477],[122.441,-3.506],[122.417,-3.493],[122.403,-3.401],[122.464,-3.461],[122.463,-3.484]]],[[[122.464,-4.712],[122.467,-4.714],[122.467,-4.716],[122.464,-4.712]]],[[[122.427,-4.67],[122.422,-4.672],[122.423,-4.67],[122.427,-4.67]]],[[[122.422,-4.737],[122.423,-4.739],[122.421,-4.737],[122.422,-4.737]]],[[[122.401,-4.663],[122.407,-4.663],[122.404,-4.665],[122.401,-4.663]]],[[[122.398,-4.716],[122.402,-4.716],[122.401,-4.718],[122.398,-4.716]]],[[[122.397,-3.459],[122.399,-3.467],[122.393,-3.465],[122.397,-3.459]]],[[[122.392,-3.459],[122.396,-3.455],[122.395,-3.461],[122.392,-3.459]]],[[[122.388,-4.643],[122.395,-4.636],[122.381,-4.647],[122.388,-4.643]]],[[[122.389,-4.698],[122.382,-4.696],[122.39,-4.696],[122.389,-4.698]]],[[[122.33,-4.709],[122.381,-4.668],[122.326,-4.726],[122.33,-4.709]]],[[[122.334,-3.547],[122.364,-3.576],[122.282,-3.591],[122.294,-3.533],[122.346,-3.541],[122.334,-3.547]]],[[[122.341,-4.663],[122.347,-4.637],[122.362,-4.638],[122.357,-4.66],[122.341,-4.663]]],[[[122.349,-4.739],[122.358,-4.729],[122.356,-4.741],[122.349,-4.739]]],[[[122.351,-5.099],[122.353,-5.098],[122.352,-5.099],[122.351,-5.099]]],[[[122.348,-4.585],[122.352,-4.585],[122.347,-4.59],[122.348,-4.585]]],[[[122.349,-4.62],[122.314,-4.663],[122.315,-4.648],[122.349,-4.62]]],[[[122.327,-4.932],[122.339,-4.914],[122.341,-4.926],[122.327,-4.932]]],[[[122.338,-4.908],[122.339,-4.912],[122.337,-4.911],[122.338,-4.908]]],[[[122.333,-5.091],[122.336,-5.092],[122.333,-5.094],[122.333,-5.091]]],[[[122.333,-4.621],[122.336,-4.622],[122.334,-4.623],[122.333,-4.621]]],[[[122.335,-4.683],[122.329,-4.694],[122.327,-4.694],[122.335,-4.683]]],[[[122.33,-4.608],[122.324,-4.625],[122.312,-4.624],[122.314,-4.61],[122.33,-4.608]]],[[[122.33,-4.558],[122.321,-4.556],[122.329,-4.552],[122.33,-4.558]]],[[[122.323,-4.585],[122.321,-4.584],[122.322,-4.584],[122.323,-4.585]]],[[[122.306,-4.713],[122.292,-4.704],[122.308,-4.685],[122.318,-4.692],[122.306,-4.713]]],[[[122.306,-4.666],[122.304,-4.666],[122.306,-4.662],[122.306,-4.666]]],[[[122.304,-4.659],[122.297,-4.659],[122.303,-4.651],[122.304,-4.659]]],[[[122.296,-4.545],[122.289,-4.553],[122.294,-4.544],[122.296,-4.545]]],[[[122.297,-4.887],[122.295,-4.888],[122.293,-4.887],[122.297,-4.887]]],[[[122.295,-4.835],[122.287,-4.83],[122.292,-4.825],[122.295,-4.835]]],[[[122.284,-5.14],[122.267,-5.152],[122.278,-5.133],[122.284,-5.14]]],[[[122.262,-4.87],[122.272,-4.871],[122.262,-4.873],[122.262,-4.87]]],[[[122.251,-4.873],[122.25,-4.867],[122.252,-4.865],[122.251,-4.873]]],[[[122.239,-4.88],[122.238,-4.878],[122.241,-4.877],[122.239,-4.88]]],[[[122.228,-4.757],[122.224,-4.763],[122.22,-4.762],[122.228,-4.757]]],[[[122.216,-4.489],[122.219,-4.486],[122.219,-4.49],[122.216,-4.489]]],[[[122.209,-4.902],[122.216,-4.897],[122.208,-4.905],[122.209,-4.902]]],[[[122.209,-4.931],[122.211,-4.924],[122.213,-4.924],[122.209,-4.931]]],[[[122.203,-4.899],[122.201,-4.899],[122.202,-4.898],[122.203,-4.899]]],[[[122.185,-4.835],[122.194,-4.839],[122.185,-4.838],[122.185,-4.835]]],[[[122.181,-4.912],[122.168,-4.92],[122.183,-4.907],[122.181,-4.912]]],[[[122.169,-4.924],[122.172,-4.922],[122.171,-4.924],[122.169,-4.924]]],[[[122.15,-4.808],[122.146,-4.817],[122.143,-4.817],[122.15,-4.808]]],[[[122.143,-4.841],[122.143,-4.846],[122.143,-4.837],[122.143,-4.841]]],[[[122.121,-4.833],[122.131,-4.816],[122.141,-4.817],[122.121,-4.833]]],[[[122.119,-4.842],[122.111,-4.847],[122.119,-4.837],[122.119,-4.842]]],[[[122.086,-5.494],[122.074,-5.473],[122.092,-5.486],[122.086,-5.494]]],[[[122.076,-5.219],[122.077,-5.224],[122.075,-5.222],[122.076,-5.219]]],[[[122.058,-5.301],[122.075,-5.286],[122.063,-5.308],[122.058,-5.301]]],[[[122.033,-5.345],[122.05,-5.461],[122.032,-5.475],[121.997,-5.467],[121.947,-5.492],[121.921,-5.401],[121.875,-5.388],[121.822,-5.293],[121.794,-5.277],[121.808,-5.207],[121.838,-5.191],[121.823,-5.169],[121.841,-5.146],[121.883,-5.153],[121.839,-5.113],[121.852,-5.097],[121.854,-5.109],[121.865,-5.12],[121.877,-5.112],[121.85,-5.094],[121.888,-5.056],[121.905,-5.07],[121.895,-5.089],[121.936,-5.111],[121.937,-5.074],[121.967,-5.062],[121.992,-5.159],[122.015,-5.167],[122.009,-5.151],[122.035,-5.149],[122.069,-5.201],[122.073,-5.234],[122.033,-5.241],[122.051,-5.27],[122.033,-5.345]]],[[[122.061,-4.885],[122.061,-4.884],[122.064,-4.886],[122.061,-4.885]]],[[[122.059,-5.385],[122.058,-5.368],[122.064,-5.365],[122.059,-5.385]]],[[[122.052,-5.504],[121.993,-5.523],[122.063,-5.492],[122.052,-5.504]]],[[[122.04,-4.89],[122.058,-4.884],[122.038,-4.895],[122.04,-4.89]]],[[[122.048,-5.249],[122.045,-5.252],[122.045,-5.25],[122.048,-5.249]]],[[[121.949,-4.91],[121.946,-4.91],[121.947,-4.908],[121.949,-4.91]]],[[[121.936,-5.487],[121.94,-5.485],[121.941,-5.491],[121.936,-5.487]]],[[[121.939,-5.493],[121.94,-5.493],[121.939,-5.494],[121.939,-5.493]]],[[[121.917,-5.076],[121.919,-5.076],[121.919,-5.078],[121.917,-5.076]]],[[[121.912,-5.076],[121.915,-5.072],[121.915,-5.076],[121.912,-5.076]]],[[[121.912,-5.081],[121.914,-5.082],[121.91,-5.086],[121.912,-5.081]]],[[[121.906,-5.085],[121.909,-5.081],[121.911,-5.081],[121.906,-5.085]]],[[[121.909,-5.078],[121.911,-5.076],[121.911,-5.078],[121.909,-5.078]]],[[[121.842,-5.348],[121.835,-5.349],[121.835,-5.346],[121.842,-5.348]]],[[[121.823,-5.151],[121.839,-5.119],[121.834,-5.152],[121.823,-5.151]]],[[[121.833,-5.333],[121.831,-5.335],[121.831,-5.332],[121.833,-5.333]]],[[[121.818,-5.141],[121.822,-5.147],[121.817,-5.145],[121.818,-5.141]]],[[[121.819,-5.158],[121.812,-5.158],[121.814,-5.154],[121.819,-5.158]]],[[[121.813,-5.164],[121.809,-5.167],[121.812,-5.162],[121.813,-5.164]]],[[[121.783,-5.26],[121.787,-5.254],[121.784,-5.262],[121.783,-5.26]]],[[[121.782,-5.27],[121.78,-5.27],[121.781,-5.269],[121.782,-5.27]]],[[[121.776,-5.284],[121.777,-5.279],[121.78,-5.277],[121.776,-5.284]]],[[[121.558,-4.167],[121.56,-4.167],[121.559,-4.169],[121.558,-4.167]]],[[[121.501,-4.721],[121.507,-4.723],[121.505,-4.73],[121.501,-4.721]]],[[[121.495,-4.204],[121.483,-4.204],[121.474,-4.226],[121.479,-4.196],[121.495,-4.204]]],[[[121.482,-4.112],[121.478,-4.122],[121.476,-4.111],[121.482,-4.112]]],[[[121.416,-4.111],[121.471,-4.11],[121.458,-4.137],[121.43,-4.13],[121.443,-4.169],[121.419,-4.156],[121.393,-4.167],[121.402,-4.131],[121.383,-4.105],[121.405,-4.114],[121.412,-4.084],[121.425,-4.084],[121.416,-4.111]]],[[[121.38,-4.1],[121.355,-4.091],[121.368,-4.072],[121.369,-4.087],[121.38,-4.1]]],[[[121.337,-4.084],[121.334,-4.077],[121.338,-4.077],[121.337,-4.084]]],[[[121.227,-3.867],[121.222,-3.869],[121.227,-3.866],[121.227,-3.867]]],[[[121.051,-3.064],[121.053,-3.062],[121.052,-3.065],[121.051,-3.064]]]]}},{"type":"Feature","properties":{"id":"MAL","name":"Maluku","region":"Papua Maluku","tz":"WIT","population_m":1.88,"districts":11,"center":[126.6555,-3.4592],"bbox":[125.722,-8.347,134.909,-1.379]},"geometry":{"type":"MultiPolygon","coordinates":[[[[134.866,-6.346],[134.873,-6.318],[134.881,-6.301],[134.88,-6.287],[134.893,-6.288],[134.902,-6.349],[134.845,-6.477],[134.802,-6.45],[134.82,-6.435],[134.797,-6.39],[134.844,-6.328],[134.852,-6.283],[134.879,-6.298],[134.861,-6.324],[134.866,-6.346]]],[[[134.895,-6.074],[134.885,-6.079],[134.884,-6.073],[134.895,-6.074]]],[[[134.889,-6.138],[134.887,-6.159],[134.876,-6.161],[134.873,-6.151],[134.889,-6.138]]],[[[134.886,-6.182],[134.885,-6.181],[134.886,-6.181],[134.886,-6.182]]],[[[134.862,-6.222],[134.863,-6.185],[134.875,-6.193],[134.862,-6.222]]],[[[134.869,-6.008],[134.863,-6.013],[134.868,-6.007],[134.869,-6.008]]],[[[134.866,-6.02],[134.866,-6.017],[134.867,-6.018],[134.866,-6.02]]],[[[134.864,-6.158],[134.862,-6.162],[134.862,-6.159],[134.864,-6.158]]],[[[134.854,-5.959],[134.865,-5.954],[134.861,-5.964],[134.854,-5.959]]],[[[134.863,-6.225],[134.86,-6.23],[134.858,-6.224],[134.863,-6.225]]],[[[134.851,-6.493],[134.813,-6.562],[134.778,-6.55],[134.773,-6.511],[134.83,-6.481],[134.851,-6.493]]],[[[134.842,-6.165],[134.846,-6.166],[134.843,-6.167],[134.842,-6.165]]],[[[134.798,-6.355],[134.788,-6.333],[134.826,-6.295],[134.83,-6.319],[134.798,-6.355]]],[[[134.825,-5.829],[134.819,-5.827],[134.82,-5.825],[134.825,-5.829]]],[[[134.817,-5.823],[134.815,-5.824],[134.815,-5.821],[134.817,-5.823]]],[[[134.814,-5.742],[134.803,-5.751],[134.782,-5.757],[134.79,-5.73],[134.814,-5.742]]],[[[134.801,-5.816],[134.809,-5.807],[134.814,-5.82],[134.801,-5.816]]],[[[134.796,-5.866],[134.793,-5.893],[134.782,-5.888],[134.796,-5.866]]],[[[134.796,-5.821],[134.77,-5.825],[134.766,-5.817],[134.782,-5.806],[134.796,-5.821]]],[[[134.797,-5.721],[134.796,-5.718],[134.8,-5.719],[134.797,-5.721]]],[[[134.798,-5.949],[134.797,-5.949],[134.796,-5.947],[134.798,-5.949]]],[[[134.797,-5.793],[134.778,-5.786],[134.786,-5.775],[134.797,-5.793]]],[[[134.791,-6.637],[134.762,-6.633],[134.763,-6.622],[134.756,-6.608],[134.775,-6.603],[134.791,-6.637]]],[[[134.795,-6.095],[134.787,-6.094],[134.791,-6.092],[134.795,-6.095]]],[[[134.789,-6.328],[134.789,-6.326],[134.792,-6.325],[134.789,-6.328]]],[[[134.785,-5.876],[134.789,-5.87],[134.791,-5.874],[134.785,-5.876]]],[[[134.79,-5.895],[134.776,-5.91],[134.776,-5.897],[134.79,-5.895]]],[[[134.79,-5.764],[134.785,-5.771],[134.783,-5.765],[134.79,-5.764]]],[[[134.784,-6.596],[134.787,-6.603],[134.78,-6.601],[134.784,-6.596]]],[[[134.778,-6.366],[134.787,-6.396],[134.775,-6.418],[134.765,-6.387],[134.778,-6.366]]],[[[134.581,-5.953],[134.597,-5.949],[134.57,-5.974],[134.563,-5.993],[134.608,-5.943],[134.621,-5.961],[134.631,-5.937],[134.656,-5.944],[134.661,-5.951],[134.644,-5.971],[134.637,-5.993],[134.637,-6.016],[134.655,-5.961],[134.722,-6.021],[134.7,-6.032],[134.693,-6.053],[134.682,-6.053],[134.693,-6.053],[134.727,-6.023],[134.737,-6.057],[134.755,-6.048],[134.764,-6.086],[134.783,-6.095],[134.755,-6.122],[134.762,-6.139],[134.72,-6.164],[134.701,-6.144],[134.712,-6.174],[134.676,-6.189],[134.767,-6.159],[134.752,-6.245],[134.726,-6.264],[134.741,-6.267],[134.729,-6.301],[134.691,-6.297],[134.709,-6.318],[134.678,-6.345],[134.633,-6.359],[134.621,-6.338],[134.623,-6.373],[134.546,-6.349],[134.545,-6.331],[134.539,-6.32],[134.547,-6.302],[134.545,-6.291],[134.521,-6.324],[134.502,-6.294],[134.476,-6.296],[134.468,-6.258],[134.4,-6.258],[134.368,-6.21],[134.36,-6.208],[134.345,-6.22],[134.344,-6.213],[134.342,-6.209],[134.323,-6.197],[134.312,-6.171],[134.284,-6.146],[134.288,-6.138],[134.288,-6.126],[134.271,-6.112],[134.291,-6.072],[134.279,-6.05],[134.312,-6.026],[134.346,-6.037],[134.338,-6.058],[134.378,-6.022],[134.4,-6.05],[134.444,-6.068],[134.382,-6.019],[134.408,-6.025],[134.418,-6.025],[134.433,-6.019],[134.465,-5.978],[134.47,-5.958],[134.5,-5.964],[134.537,-5.919],[134.573,-5.938],[134.588,-5.938],[134.588,-5.94],[134.584,-5.945],[134.581,-5.953]]],[[[134.782,-5.796],[134.779,-5.797],[134.78,-5.795],[134.782,-5.796]]],[[[134.778,-5.88],[134.776,-5.877],[134.78,-5.878],[134.778,-5.88]]],[[[134.777,-5.796],[134.772,-5.789],[134.778,-5.789],[134.777,-5.796]]],[[[134.776,-6.665],[134.774,-6.663],[134.776,-6.663],[134.776,-6.665]]],[[[134.769,-6.149],[134.775,-6.146],[134.775,-6.149],[134.769,-6.149]]],[[[134.765,-6.419],[134.769,-6.431],[134.764,-6.431],[134.765,-6.419]]],[[[134.773,-5.839],[134.774,-5.842],[134.77,-5.84],[134.773,-5.839]]],[[[134.769,-5.882],[134.739,-5.896],[134.739,-5.908],[134.728,-5.887],[134.709,-5.89],[134.723,-5.929],[134.748,-5.94],[134.732,-5.95],[134.746,-5.967],[134.733,-5.98],[134.712,-5.977],[134.667,-5.934],[134.628,-5.918],[134.652,-5.896],[134.65,-5.874],[134.646,-5.869],[134.671,-5.851],[134.673,-5.846],[134.688,-5.846],[134.698,-5.842],[134.706,-5.832],[134.754,-5.846],[134.751,-5.858],[134.769,-5.882]]],[[[134.771,-5.878],[134.768,-5.873],[134.772,-5.874],[134.771,-5.878]]],[[[134.769,-5.868],[134.772,-5.868],[134.772,-5.871],[134.769,-5.868]]],[[[134.772,-5.679],[134.759,-5.677],[134.769,-5.674],[134.772,-5.679]]],[[[134.771,-5.652],[134.771,-5.649],[134.772,-5.651],[134.771,-5.652]]],[[[134.764,-6.487],[134.767,-6.496],[134.756,-6.497],[134.764,-6.487]]],[[[134.77,-5.69],[134.769,-5.686],[134.772,-5.688],[134.77,-5.69]]],[[[134.77,-5.842],[134.768,-5.844],[134.769,-5.841],[134.77,-5.842]]],[[[134.752,-5.858],[134.77,-5.853],[134.767,-5.864],[134.752,-5.858]]],[[[134.76,-5.909],[134.769,-5.915],[134.768,-5.917],[134.76,-5.909]]],[[[134.769,-6.412],[134.759,-6.413],[134.767,-6.408],[134.769,-6.412]]],[[[134.767,-5.87],[134.768,-5.87],[134.768,-5.872],[134.767,-5.87]]],[[[134.531,-5.572],[134.641,-5.593],[134.652,-5.576],[134.663,-5.598],[134.687,-5.582],[134.69,-5.593],[134.687,-5.599],[134.69,-5.615],[134.688,-5.6],[134.69,-5.594],[134.69,-5.586],[134.73,-5.613],[134.741,-5.633],[134.729,-5.644],[134.742,-5.635],[134.742,-5.617],[134.748,-5.62],[134.767,-5.669],[134.732,-5.674],[134.716,-5.742],[134.691,-5.725],[134.654,-5.722],[134.651,-5.726],[134.64,-5.712],[134.624,-5.713],[134.616,-5.723],[134.575,-5.654],[134.561,-5.65],[134.547,-5.649],[134.531,-5.572]]],[[[134.767,-5.827],[134.766,-5.828],[134.765,-5.827],[134.767,-5.827]]],[[[134.766,-5.831],[134.764,-5.833],[134.765,-5.83],[134.766,-5.831]]],[[[134.766,-5.847],[134.764,-5.847],[134.764,-5.846],[134.766,-5.847]]],[[[134.763,-6.563],[134.765,-6.565],[134.763,-6.567],[134.763,-6.563]]],[[[134.694,-6.443],[134.765,-6.528],[134.746,-6.552],[134.722,-6.543],[134.683,-6.563],[134.638,-6.486],[134.694,-6.443]]],[[[134.763,-5.825],[134.761,-5.827],[134.761,-5.826],[134.763,-5.825]]],[[[134.756,-5.864],[134.758,-5.86],[134.762,-5.865],[134.756,-5.864]]],[[[134.753,-5.795],[134.748,-5.808],[134.742,-5.796],[134.749,-5.787],[134.749,-5.788],[134.753,-5.795]]],[[[134.761,-6.624],[134.738,-6.701],[134.707,-6.719],[134.685,-6.775],[134.654,-6.779],[134.623,-6.757],[134.628,-6.71],[134.666,-6.676],[134.703,-6.579],[134.761,-6.624]]],[[[134.76,-5.866],[134.758,-5.865],[134.759,-5.865],[134.76,-5.866]]],[[[134.757,-6.859],[134.76,-6.854],[134.755,-6.87],[134.757,-6.859]]],[[[134.759,-6.586],[134.757,-6.587],[134.758,-6.586],[134.759,-6.586]]],[[[134.744,-6.365],[134.757,-6.383],[134.741,-6.432],[134.728,-6.422],[134.744,-6.365]]],[[[134.754,-5.788],[134.751,-5.784],[134.752,-5.783],[134.754,-5.788]]],[[[134.752,-5.788],[134.753,-5.792],[134.749,-5.786],[134.752,-5.788]]],[[[134.687,-6.859],[134.753,-6.867],[134.746,-6.876],[134.715,-6.876],[134.698,-6.872],[134.687,-6.859]]],[[[134.749,-5.96],[134.739,-5.952],[134.748,-5.95],[134.749,-5.96]]],[[[134.738,-5.738],[134.745,-5.792],[134.714,-5.813],[134.697,-5.805],[134.692,-5.777],[134.657,-5.737],[134.675,-5.727],[134.722,-5.748],[134.738,-5.738]]],[[[134.745,-5.904],[134.742,-5.902],[134.745,-5.901],[134.745,-5.904]]],[[[134.744,-5.809],[134.742,-5.807],[134.742,-5.805],[134.744,-5.809]]],[[[134.737,-6.262],[134.742,-6.262],[134.741,-6.264],[134.737,-6.262]]],[[[134.736,-6.586],[134.741,-6.595],[134.728,-6.585],[134.736,-6.586]]],[[[134.74,-5.607],[134.737,-5.606],[134.739,-5.605],[134.74,-5.607]]],[[[134.735,-5.903],[134.734,-5.906],[134.734,-5.903],[134.735,-5.903]]],[[[134.723,-6.545],[134.726,-6.571],[134.702,-6.562],[134.723,-6.545]]],[[[134.716,-6.313],[134.707,-6.3],[134.728,-6.306],[134.716,-6.313]]],[[[134.727,-5.894],[134.727,-5.892],[134.728,-5.891],[134.727,-5.894]]],[[[134.728,-5.926],[134.726,-5.926],[134.726,-5.925],[134.728,-5.926]]],[[[134.723,-5.747],[134.724,-5.742],[134.725,-5.744],[134.723,-5.747]]],[[[134.72,-5.914],[134.717,-5.912],[134.719,-5.912],[134.72,-5.914]]],[[[134.711,-5.57],[134.702,-5.549],[134.715,-5.551],[134.711,-5.57]]],[[[134.481,-5.566],[134.505,-5.532],[134.505,-5.555],[134.514,-5.565],[134.522,-5.557],[134.528,-5.566],[134.546,-5.651],[134.573,-5.656],[134.615,-5.725],[134.637,-5.714],[134.649,-5.728],[134.66,-5.724],[134.654,-5.747],[134.689,-5.776],[134.69,-5.797],[134.697,-5.806],[134.713,-5.816],[134.625,-5.879],[134.607,-5.896],[134.585,-5.93],[134.539,-5.916],[134.469,-5.956],[134.434,-6.016],[134.372,-6.01],[134.354,-6.035],[134.351,-6.012],[134.344,-6.029],[134.302,-6.019],[134.337,-5.946],[134.297,-5.926],[134.298,-5.898],[134.317,-5.904],[134.347,-5.846],[134.374,-5.848],[134.358,-5.828],[134.377,-5.82],[134.369,-5.802],[134.423,-5.786],[134.442,-5.801],[134.442,-5.799],[134.424,-5.784],[134.393,-5.789],[134.367,-5.769],[134.334,-5.798],[134.322,-5.787],[134.337,-5.773],[134.325,-5.757],[134.307,-5.765],[134.315,-5.753],[134.313,-5.751],[134.289,-5.745],[134.261,-5.759],[134.211,-5.716],[134.252,-5.662],[134.344,-5.727],[134.366,-5.71],[134.355,-5.686],[134.415,-5.641],[134.434,-5.599],[134.418,-5.597],[134.445,-5.575],[134.457,-5.529],[134.481,-5.566]]],[[[134.71,-5.577],[134.699,-5.574],[134.708,-5.574],[134.71,-5.577]]],[[[134.7,-5.379],[134.707,-5.374],[134.708,-5.377],[134.7,-5.379]]],[[[134.488,-5.491],[134.504,-5.491],[134.505,-5.492],[134.502,-5.495],[134.499,-5.506],[134.488,-5.491]]],[[[134.505,-5.492],[134.53,-5.49],[134.537,-5.479],[134.492,-5.487],[134.5,-5.42],[134.56,-5.45],[134.555,-5.435],[134.57,-5.441],[134.578,-5.439],[134.572,-5.419],[134.598,-5.414],[134.608,-5.428],[134.602,-5.444],[134.609,-5.455],[134.609,-5.421],[134.648,-5.439],[134.662,-5.511],[134.664,-5.481],[134.706,-5.516],[134.701,-5.536],[134.678,-5.535],[134.674,-5.538],[134.699,-5.566],[134.683,-5.56],[134.68,-5.572],[134.665,-5.566],[134.659,-5.571],[134.648,-5.552],[134.636,-5.581],[134.599,-5.56],[134.531,-5.569],[134.523,-5.555],[134.506,-5.554],[134.52,-5.511],[134.505,-5.492]]],[[[134.696,-5.829],[134.699,-5.839],[134.687,-5.843],[134.696,-5.829]]],[[[134.69,-5.536],[134.699,-5.547],[134.691,-5.545],[134.69,-5.536]]],[[[134.683,-5.963],[134.679,-5.957],[134.69,-5.966],[134.683,-5.963]]],[[[134.685,-5.476],[134.686,-5.464],[134.688,-5.476],[134.685,-5.476]]],[[[134.678,-7.004],[134.683,-7.025],[134.67,-7.016],[134.678,-7.004]]],[[[134.685,-5.393],[134.686,-5.394],[134.684,-5.392],[134.685,-5.393]]],[[[134.605,-6.901],[134.587,-6.877],[134.605,-6.885],[134.633,-6.855],[134.644,-6.867],[134.661,-6.844],[134.681,-6.847],[134.605,-6.901]]],[[[134.677,-5.399],[134.683,-5.398],[134.682,-5.4],[134.677,-5.399]]],[[[134.682,-5.464],[134.673,-5.472],[134.68,-5.46],[134.682,-5.464]]],[[[134.682,-5.391],[134.67,-5.389],[134.672,-5.387],[134.682,-5.391]]],[[[134.679,-5.962],[134.678,-5.96],[134.682,-5.964],[134.679,-5.962]]],[[[134.655,-5.399],[134.665,-5.39],[134.676,-5.406],[134.655,-5.399]]],[[[134.65,-5.447],[134.674,-5.464],[134.669,-5.475],[134.65,-5.447]]],[[[134.665,-5.569],[134.663,-5.568],[134.664,-5.566],[134.665,-5.569]]],[[[134.659,-5.473],[134.661,-5.469],[134.661,-5.472],[134.659,-5.473]]],[[[134.659,-5.935],[134.655,-5.934],[134.657,-5.931],[134.659,-5.935]]],[[[134.651,-5.422],[134.644,-5.422],[134.642,-5.414],[134.651,-5.422]]],[[[134.588,-5.934],[134.629,-5.878],[134.648,-5.875],[134.651,-5.895],[134.625,-5.907],[134.603,-5.94],[134.588,-5.934]]],[[[134.648,-5.406],[134.646,-5.404],[134.648,-5.404],[134.648,-5.406]]],[[[134.643,-6.844],[134.642,-6.85],[134.64,-6.849],[134.643,-6.844]]],[[[134.581,-6.507],[134.59,-6.475],[134.642,-6.454],[134.626,-6.502],[134.581,-6.507]]],[[[134.636,-5.42],[134.639,-5.416],[134.641,-5.417],[134.636,-5.42]]],[[[134.627,-5.918],[134.619,-5.938],[134.612,-5.934],[134.627,-5.908],[134.627,-5.918]]],[[[134.63,-5.413],[134.621,-5.4],[134.628,-5.397],[134.63,-5.413]]],[[[134.623,-5.388],[134.623,-5.396],[134.616,-5.389],[134.623,-5.388]]],[[[134.597,-5.399],[134.61,-5.381],[134.62,-5.397],[134.611,-5.408],[134.597,-5.399]]],[[[134.603,-6.452],[134.553,-6.485],[134.554,-6.464],[134.541,-6.461],[134.549,-6.483],[134.531,-6.479],[134.528,-6.48],[134.526,-6.483],[134.525,-6.489],[134.527,-6.497],[134.513,-6.517],[134.471,-6.456],[134.484,-6.454],[134.515,-6.407],[134.533,-6.345],[134.599,-6.388],[134.603,-6.452]]],[[[134.607,-5.369],[134.61,-5.375],[134.605,-5.374],[134.607,-5.369]]],[[[134.607,-6.604],[134.603,-6.619],[134.589,-6.629],[134.583,-6.61],[134.607,-6.604]]],[[[134.604,-5.37],[134.563,-5.387],[134.601,-5.358],[134.604,-5.37]]],[[[134.599,-5.381],[134.59,-5.391],[134.589,-5.388],[134.599,-5.381]]],[[[134.58,-5.357],[134.539,-5.411],[134.504,-5.387],[134.558,-5.33],[134.598,-5.336],[134.603,-5.352],[134.58,-5.357]]],[[[134.578,-6.546],[134.549,-6.538],[134.565,-6.513],[134.596,-6.518],[134.578,-6.546]]],[[[134.588,-5.394],[134.593,-5.405],[134.578,-5.401],[134.588,-5.394]]],[[[134.548,-6.535],[134.514,-6.529],[134.528,-6.497],[134.526,-6.484],[134.554,-6.486],[134.584,-6.474],[134.548,-6.535]]],[[[134.566,-5.4],[134.566,-5.397],[134.567,-5.398],[134.566,-5.4]]],[[[134.563,-5.427],[134.557,-5.427],[134.563,-5.426],[134.563,-5.427]]],[[[134.552,-6.75],[134.509,-6.778],[134.52,-6.752],[134.552,-6.75]]],[[[134.521,-6.916],[134.549,-6.911],[134.53,-6.919],[134.521,-6.916]]],[[[134.542,-6.333],[134.522,-6.325],[134.544,-6.303],[134.539,-6.32],[134.542,-6.333]]],[[[134.541,-5.338],[134.526,-5.33],[134.511,-5.346],[134.541,-5.338]]],[[[134.538,-6.337],[134.522,-6.328],[134.538,-6.336],[134.538,-6.337]]],[[[134.522,-7.099],[134.476,-7.087],[134.485,-7.065],[134.526,-7.066],[134.522,-7.099]]],[[[134.5,-6.3],[134.525,-6.337],[134.533,-6.339],[134.517,-6.398],[134.477,-6.449],[134.449,-6.448],[134.421,-6.409],[134.407,-6.397],[134.399,-6.396],[134.383,-6.401],[134.368,-6.397],[134.378,-6.368],[134.375,-6.356],[134.368,-6.349],[134.364,-6.346],[134.365,-6.331],[134.389,-6.312],[134.404,-6.331],[134.396,-6.312],[134.421,-6.285],[134.461,-6.275],[134.476,-6.3],[134.5,-6.3]]],[[[134.529,-6.657],[134.531,-6.662],[134.529,-6.661],[134.529,-6.657]]],[[[134.157,-6.206],[134.224,-6.222],[134.287,-6.288],[134.274,-6.308],[134.304,-6.293],[134.31,-6.303],[134.295,-6.329],[134.294,-6.348],[134.298,-6.36],[134.339,-6.389],[134.315,-6.417],[134.352,-6.396],[134.353,-6.378],[134.369,-6.403],[134.405,-6.398],[134.451,-6.454],[134.469,-6.453],[134.504,-6.523],[134.475,-6.545],[134.497,-6.548],[134.489,-6.565],[134.472,-6.564],[134.464,-6.566],[134.455,-6.572],[134.446,-6.57],[134.439,-6.573],[134.455,-6.572],[134.472,-6.564],[134.484,-6.582],[134.532,-6.584],[134.464,-6.68],[134.444,-6.64],[134.4,-6.674],[134.431,-6.657],[134.43,-6.676],[134.458,-6.688],[134.401,-6.732],[134.383,-6.723],[134.402,-6.756],[134.374,-6.769],[134.361,-6.804],[134.33,-6.809],[134.356,-6.806],[134.337,-6.828],[134.346,-6.832],[134.358,-6.806],[134.378,-6.817],[134.333,-6.86],[134.214,-6.907],[134.197,-6.942],[134.15,-6.869],[134.154,-6.863],[134.151,-6.85],[134.169,-6.852],[134.188,-6.85],[134.194,-6.839],[134.191,-6.833],[134.184,-6.849],[134.151,-6.847],[134.15,-6.866],[134.091,-6.848],[134.051,-6.774],[134.082,-6.695],[134.116,-6.446],[134.135,-6.481],[134.181,-6.484],[134.154,-6.527],[134.144,-6.518],[134.149,-6.533],[134.2,-6.485],[134.213,-6.514],[134.185,-6.532],[134.208,-6.52],[134.23,-6.605],[134.256,-6.639],[134.287,-6.66],[134.289,-6.661],[134.303,-6.66],[134.236,-6.61],[134.252,-6.578],[134.236,-6.594],[134.212,-6.535],[134.233,-6.511],[134.238,-6.5],[134.222,-6.51],[134.195,-6.466],[134.218,-6.442],[134.183,-6.457],[134.206,-6.438],[134.209,-6.426],[134.139,-6.463],[134.116,-6.416],[134.116,-6.385],[134.122,-6.392],[134.138,-6.367],[134.164,-6.367],[134.17,-6.359],[134.15,-6.36],[134.135,-6.369],[134.124,-6.382],[134.117,-6.382],[134.135,-6.312],[134.155,-6.305],[134.169,-6.294],[134.134,-6.304],[134.106,-6.202],[134.129,-6.219],[134.16,-6.229],[134.105,-6.2],[134.096,-6.165],[134.134,-6.168],[134.157,-6.206]]],[[[134.493,-6.954],[134.512,-6.93],[134.53,-6.947],[134.493,-6.954]]],[[[134.529,-6.747],[134.475,-6.756],[134.507,-6.716],[134.529,-6.747]]],[[[134.491,-6.705],[134.504,-6.69],[134.509,-6.661],[134.528,-6.69],[134.51,-6.711],[134.491,-6.705]]],[[[134.497,-5.522],[134.515,-5.517],[134.508,-5.524],[134.497,-5.522]]],[[[134.482,-6.71],[134.485,-6.687],[134.496,-6.683],[134.482,-6.71]]],[[[134.46,-5.452],[134.477,-5.432],[134.495,-5.424],[134.478,-5.454],[134.46,-5.452]]],[[[134.473,-5.528],[134.486,-5.526],[134.482,-5.532],[134.473,-5.528]]],[[[134.48,-6.834],[134.479,-6.831],[134.483,-6.832],[134.48,-6.834]]],[[[134.472,-5.367],[134.468,-5.377],[134.468,-5.368],[134.472,-5.367]]],[[[134.47,-6.698],[134.471,-6.705],[134.468,-6.705],[134.47,-6.698]]],[[[134.16,-6.038],[134.225,-6.016],[134.245,-6.075],[134.274,-6.054],[134.233,-6.122],[134.27,-6.147],[134.272,-6.183],[134.29,-6.161],[134.338,-6.226],[134.367,-6.226],[134.393,-6.261],[134.448,-6.271],[134.378,-6.309],[134.364,-6.324],[134.315,-6.276],[134.288,-6.284],[134.215,-6.191],[134.168,-6.192],[134.2,-6.128],[134.18,-6.121],[134.15,-6.151],[134.115,-6.101],[134.124,-6.038],[134.152,-6.004],[134.16,-6.038]]],[[[134.444,-6.726],[134.439,-6.719],[134.447,-6.72],[134.444,-6.726]]],[[[134.412,-6.732],[134.415,-6.735],[134.411,-6.738],[134.412,-6.732]]],[[[134.374,-6.357],[134.364,-6.378],[134.365,-6.347],[134.374,-6.357]]],[[[134.369,-6.224],[134.369,-6.22],[134.37,-6.22],[134.369,-6.224]]],[[[134.369,-6.213],[134.368,-6.213],[134.369,-6.212],[134.369,-6.213]]],[[[134.367,-6.22],[134.367,-6.213],[134.369,-6.217],[134.367,-6.22]]],[[[134.362,-6.213],[134.366,-6.212],[134.365,-6.217],[134.362,-6.213]]],[[[134.362,-6.22],[134.363,-6.217],[134.363,-6.222],[134.362,-6.22]]],[[[134.353,-6.353],[134.36,-6.363],[134.349,-6.367],[134.353,-6.353]]],[[[134.362,-6.217],[134.36,-6.218],[134.361,-6.215],[134.362,-6.217]]],[[[134.358,-6.326],[134.36,-6.333],[134.357,-6.332],[134.358,-6.326]]],[[[134.353,-6.217],[134.36,-6.215],[134.357,-6.221],[134.353,-6.217]]],[[[134.34,-6.318],[134.354,-6.337],[134.343,-6.343],[134.34,-6.318]]],[[[134.348,-5.574],[134.276,-5.646],[134.244,-5.622],[134.282,-5.608],[134.304,-5.564],[134.323,-5.56],[134.348,-5.574]]],[[[134.331,-5.693],[134.338,-5.704],[134.331,-5.698],[134.331,-5.693]]],[[[134.342,-6.392],[134.34,-6.398],[134.34,-6.393],[134.342,-6.392]]],[[[134.334,-6.367],[134.334,-6.352],[134.345,-6.353],[134.334,-6.367]]],[[[134.34,-6.212],[134.341,-6.209],[134.344,-6.217],[134.34,-6.212]]],[[[134.341,-6.218],[134.338,-6.216],[134.34,-6.215],[134.341,-6.218]]],[[[134.34,-6.213],[134.335,-6.212],[134.338,-6.209],[134.34,-6.213]]],[[[134.33,-6.319],[134.303,-6.284],[134.308,-6.279],[134.32,-6.285],[134.33,-6.319]]],[[[134.328,-6.348],[134.334,-6.347],[134.331,-6.35],[134.328,-6.348]]],[[[134.326,-5.775],[134.331,-5.774],[134.327,-5.777],[134.326,-5.775]]],[[[134.327,-6.361],[134.295,-6.346],[134.312,-6.308],[134.327,-6.361]]],[[[134.323,-5.769],[134.327,-5.767],[134.327,-5.769],[134.323,-5.769]]],[[[134.32,-5.77],[134.323,-5.779],[134.313,-5.776],[134.32,-5.77]]],[[[134.321,-5.864],[134.319,-5.859],[134.323,-5.861],[134.321,-5.864]]],[[[134.315,-5.831],[134.303,-5.844],[134.307,-5.83],[134.315,-5.831]]],[[[134.313,-5.625],[134.311,-5.626],[134.312,-5.625],[134.313,-5.625]]],[[[134.265,-6.127],[134.287,-6.129],[134.282,-6.146],[134.265,-6.127]]],[[[134.254,-5.487],[134.276,-5.488],[134.286,-5.517],[134.256,-5.554],[134.254,-5.487]]],[[[134.266,-6.121],[134.268,-6.119],[134.265,-6.126],[134.266,-6.121]]],[[[134.238,-5.757],[134.248,-5.824],[134.192,-5.831],[134.196,-5.751],[134.238,-5.757]]],[[[134.244,-6.115],[134.247,-6.11],[134.248,-6.11],[134.244,-6.115]]],[[[134.22,-6.207],[134.208,-6.198],[134.216,-6.197],[134.22,-6.207]]],[[[134.216,-6.525],[134.211,-6.527],[134.217,-6.521],[134.216,-6.525]]],[[[134.214,-6.521],[134.21,-6.525],[134.214,-6.517],[134.214,-6.521]]],[[[134.2,-6.944],[134.199,-6.942],[134.201,-6.942],[134.2,-6.944]]],[[[134.173,-6.463],[134.182,-6.468],[134.173,-6.469],[134.173,-6.463]]],[[[134.174,-5.923],[134.168,-5.914],[134.181,-5.92],[134.174,-5.923]]],[[[133.183,-5.305],[133.189,-5.34],[133.168,-5.356],[133.121,-5.566],[133.084,-5.626],[133.04,-5.647],[132.963,-5.743],[132.942,-5.824],[132.953,-5.875],[132.845,-6.007],[132.868,-5.904],[132.887,-5.903],[132.872,-5.879],[132.892,-5.858],[132.882,-5.842],[132.937,-5.778],[132.941,-5.688],[132.977,-5.64],[132.979,-5.658],[133.005,-5.649],[133.021,-5.611],[133.013,-5.592],[133.118,-5.282],[133.131,-5.292],[133.151,-5.272],[133.183,-5.305]]],[[[133.0,-5.64],[132.999,-5.644],[132.997,-5.642],[133.0,-5.64]]],[[[132.983,-5.639],[132.979,-5.624],[132.983,-5.63],[132.983,-5.639]]],[[[132.802,-5.603],[132.815,-5.676],[132.798,-5.694],[132.797,-5.654],[132.771,-5.687],[132.763,-5.666],[132.757,-5.662],[132.768,-5.655],[132.768,-5.647],[132.749,-5.664],[132.74,-5.613],[132.799,-5.528],[132.791,-5.577],[132.816,-5.55],[132.802,-5.603]]],[[[132.702,-5.652],[132.7,-5.628],[132.697,-5.659],[132.72,-5.66],[132.742,-5.644],[132.738,-5.692],[132.764,-5.747],[132.76,-5.719],[132.779,-5.728],[132.773,-5.742],[132.772,-5.759],[132.78,-5.779],[132.769,-5.775],[132.772,-5.814],[132.79,-5.775],[132.815,-5.846],[132.783,-5.94],[132.734,-5.953],[132.721,-5.947],[132.731,-5.896],[132.715,-5.892],[132.718,-5.926],[132.698,-5.949],[132.696,-5.909],[132.666,-5.902],[132.691,-5.833],[132.67,-5.784],[132.676,-5.744],[132.71,-5.824],[132.697,-5.874],[132.717,-5.833],[132.699,-5.757],[132.681,-5.725],[132.649,-5.712],[132.658,-5.675],[132.635,-5.675],[132.64,-5.637],[132.61,-5.595],[132.669,-5.63],[132.711,-5.59],[132.702,-5.652]]],[[[132.803,-5.769],[132.792,-5.73],[132.785,-5.725],[132.802,-5.73],[132.803,-5.769]]],[[[132.792,-5.772],[132.777,-5.735],[132.782,-5.731],[132.792,-5.772]]],[[[132.754,-5.704],[132.766,-5.711],[132.762,-5.716],[132.754,-5.704]]],[[[132.76,-5.498],[132.747,-5.496],[132.765,-5.477],[132.76,-5.498]]],[[[132.749,-5.665],[132.762,-5.668],[132.758,-5.678],[132.749,-5.665]]],[[[132.758,-5.543],[132.753,-5.547],[132.756,-5.539],[132.758,-5.543]]],[[[132.753,-5.538],[132.705,-5.555],[132.687,-5.541],[132.753,-5.538]]],[[[132.732,-5.509],[132.738,-5.491],[132.744,-5.5],[132.732,-5.509]]],[[[132.734,-5.646],[132.726,-5.623],[132.737,-5.646],[132.734,-5.646]]],[[[132.736,-5.468],[132.737,-5.468],[132.735,-5.471],[132.736,-5.468]]],[[[132.714,-5.586],[132.732,-5.576],[132.733,-5.596],[132.714,-5.586]]],[[[132.726,-5.601],[132.724,-5.599],[132.727,-5.6],[132.726,-5.601]]],[[[132.717,-5.441],[132.723,-5.435],[132.723,-5.451],[132.717,-5.441]]],[[[132.72,-5.553],[132.723,-5.552],[132.721,-5.556],[132.72,-5.553]]],[[[132.72,-5.615],[132.717,-5.616],[132.718,-5.613],[132.72,-5.615]]],[[[132.704,-5.44],[132.698,-5.453],[132.699,-5.444],[132.704,-5.44]]],[[[132.68,-5.744],[132.683,-5.744],[132.682,-5.745],[132.68,-5.744]]],[[[132.673,-5.576],[132.677,-5.579],[132.674,-5.577],[132.673,-5.576]]],[[[132.671,-5.577],[132.667,-5.579],[132.67,-5.576],[132.671,-5.577]]],[[[132.664,-5.736],[132.659,-5.752],[132.657,-5.754],[132.651,-5.744],[132.664,-5.736]]],[[[132.635,-5.688],[132.631,-5.686],[132.633,-5.685],[132.635,-5.688]]],[[[132.63,-5.723],[132.632,-5.717],[132.632,-5.729],[132.63,-5.723]]],[[[132.633,-5.785],[132.627,-5.784],[132.632,-5.78],[132.633,-5.785]]],[[[132.613,-5.701],[132.627,-5.703],[132.618,-5.707],[132.613,-5.701]]],[[[132.616,-5.802],[132.621,-5.795],[132.623,-5.814],[132.616,-5.802]]],[[[132.594,-5.859],[132.603,-5.836],[132.611,-5.856],[132.594,-5.859]]],[[[132.583,-5.819],[132.583,-5.837],[132.567,-5.819],[132.583,-5.819]]],[[[132.588,-5.813],[132.597,-5.816],[132.594,-5.823],[132.588,-5.813]]],[[[132.594,-5.629],[132.578,-5.617],[132.595,-5.624],[132.594,-5.629]]],[[[132.591,-5.571],[132.586,-5.564],[132.592,-5.564],[132.591,-5.571]]],[[[132.58,-5.716],[132.556,-5.713],[132.56,-5.707],[132.58,-5.716]]],[[[132.574,-5.795],[132.576,-5.796],[132.573,-5.795],[132.574,-5.795]]],[[[132.569,-5.742],[132.568,-5.74],[132.572,-5.74],[132.569,-5.742]]],[[[132.564,-5.564],[132.563,-5.56],[132.57,-5.565],[132.564,-5.564]]],[[[132.565,-5.786],[132.563,-5.78],[132.57,-5.783],[132.565,-5.786]]],[[[132.56,-5.726],[132.559,-5.736],[132.556,-5.73],[132.56,-5.726]]],[[[132.557,-5.747],[132.559,-5.744],[132.56,-5.751],[132.557,-5.747]]],[[[132.558,-5.86],[132.528,-5.856],[132.525,-5.839],[132.558,-5.86]]],[[[132.556,-5.727],[132.554,-5.726],[132.556,-5.723],[132.556,-5.727]]],[[[132.525,-5.877],[132.539,-5.91],[132.525,-5.921],[132.516,-5.9],[132.525,-5.877]]],[[[132.458,-6.029],[132.44,-6.038],[132.428,-6.009],[132.452,-6.021],[132.468,-5.99],[132.458,-6.029]]],[[[132.465,-5.909],[132.461,-5.905],[132.469,-5.901],[132.465,-5.909]]],[[[132.454,-6.008],[132.455,-6.011],[132.453,-6.008],[132.454,-6.008]]],[[[132.375,-5.54],[132.332,-5.583],[132.302,-5.53],[132.344,-5.529],[132.355,-5.553],[132.375,-5.54]]],[[[132.327,-5.619],[132.321,-5.6],[132.336,-5.614],[132.327,-5.619]]],[[[132.253,-5.586],[132.307,-5.591],[132.3,-5.616],[132.319,-5.629],[132.295,-5.655],[132.284,-5.601],[132.253,-5.586]]],[[[132.266,-5.701],[132.27,-5.713],[132.268,-5.713],[132.266,-5.701]]],[[[132.261,-5.635],[132.262,-5.64],[132.26,-5.638],[132.261,-5.635]]],[[[132.251,-5.588],[132.251,-5.587],[132.253,-5.589],[132.251,-5.588]]],[[[132.246,-5.629],[132.247,-5.617],[132.252,-5.626],[132.246,-5.629]]],[[[132.246,-5.701],[132.242,-5.701],[132.252,-5.7],[132.246,-5.701]]],[[[132.173,-5.754],[132.173,-5.727],[132.197,-5.718],[132.197,-5.758],[132.173,-5.754]]],[[[132.013,-5.181],[132.024,-5.158],[132.025,-5.187],[132.013,-5.181]]],[[[132.025,-5.147],[132.022,-5.15],[132.023,-5.147],[132.025,-5.147]]],[[[132.013,-5.13],[132.016,-5.136],[132.011,-5.134],[132.013,-5.13]]],[[[131.977,-5.388],[131.96,-5.373],[131.969,-5.337],[132.014,-5.305],[132.01,-5.371],[131.977,-5.388]]],[[[132.012,-5.586],[132.012,-5.588],[132.011,-5.586],[132.012,-5.586]]],[[[131.909,-7.081],[131.971,-7.003],[132.008,-6.988],[131.933,-7.077],[131.909,-7.081]]],[[[132.001,-5.573],[132.007,-5.597],[131.995,-5.591],[132.001,-5.573]]],[[[131.915,-7.103],[131.987,-7.213],[131.95,-7.253],[131.909,-7.229],[131.891,-7.176],[131.813,-7.161],[131.76,-7.183],[131.727,-7.176],[131.714,-7.151],[131.755,-7.116],[131.915,-7.103]]],[[[131.939,-5.66],[131.934,-5.673],[131.934,-5.662],[131.939,-5.66]]],[[[131.926,-5.578],[131.932,-5.577],[131.929,-5.581],[131.926,-5.578]]],[[[131.865,-4.762],[131.864,-4.758],[131.866,-4.756],[131.865,-4.762]]],[[[131.789,-4.545],[131.787,-4.545],[131.783,-4.542],[131.789,-4.545]]],[[[131.745,-4.783],[131.728,-4.755],[131.728,-4.701],[131.757,-4.726],[131.745,-4.783]]],[[[131.64,-7.167],[131.681,-7.173],[131.68,-7.153],[131.71,-7.143],[131.71,-7.153],[131.691,-7.158],[131.69,-7.166],[131.718,-7.165],[131.718,-7.189],[131.747,-7.213],[131.711,-7.232],[131.66,-7.228],[131.631,-7.259],[131.651,-7.352],[131.682,-7.379],[131.646,-7.4],[131.663,-7.405],[131.657,-7.436],[131.707,-7.422],[131.668,-7.452],[131.672,-7.496],[131.649,-7.506],[131.667,-7.513],[131.62,-7.649],[131.585,-7.659],[131.554,-7.724],[131.485,-7.73],[131.479,-7.783],[131.451,-7.777],[131.46,-7.811],[131.432,-7.814],[131.364,-7.87],[131.36,-7.888],[131.38,-7.896],[131.327,-7.935],[131.355,-7.933],[131.33,-7.955],[131.341,-7.992],[131.292,-8.031],[131.286,-7.996],[131.307,-7.963],[131.293,-7.924],[131.229,-8.009],[131.107,-7.998],[131.119,-7.903],[131.103,-7.873],[131.103,-7.894],[131.081,-7.878],[131.082,-7.848],[131.103,-7.839],[131.107,-7.823],[131.143,-7.832],[131.145,-7.803],[131.115,-7.795],[131.138,-7.783],[131.111,-7.783],[131.15,-7.75],[131.14,-7.735],[131.115,-7.758],[131.126,-7.734],[131.111,-7.723],[131.113,-7.739],[131.107,-7.744],[131.11,-7.735],[131.106,-7.705],[131.128,-7.681],[131.17,-7.723],[131.247,-7.729],[131.209,-7.7],[131.185,-7.705],[131.156,-7.671],[131.184,-7.652],[131.172,-7.645],[131.184,-7.589],[131.236,-7.477],[131.318,-7.42],[131.344,-7.447],[131.355,-7.396],[131.384,-7.394],[131.366,-7.373],[131.394,-7.359],[131.384,-7.345],[131.452,-7.346],[131.432,-7.316],[131.444,-7.282],[131.458,-7.286],[131.484,-7.234],[131.537,-7.227],[131.519,-7.197],[131.53,-7.147],[131.655,-7.118],[131.658,-7.149],[131.64,-7.167]]],[[[131.709,-4.608],[131.689,-4.593],[131.692,-4.585],[131.709,-4.608]]],[[[131.667,-4.488],[131.681,-4.54],[131.654,-4.534],[131.61,-4.424],[131.667,-4.488]]],[[[131.654,-7.086],[131.652,-7.081],[131.655,-7.08],[131.654,-7.086]]],[[[131.625,-6.684],[131.6,-6.729],[131.577,-6.711],[131.554,-6.74],[131.564,-6.763],[131.592,-6.757],[131.583,-6.777],[131.528,-6.804],[131.513,-6.765],[131.564,-6.703],[131.564,-6.678],[131.625,-6.684]]],[[[131.611,-7.119],[131.615,-7.121],[131.613,-7.122],[131.611,-7.119]]],[[[131.606,-4.406],[131.592,-4.409],[131.578,-4.379],[131.606,-4.406]]],[[[131.6,-6.983],[131.604,-6.982],[131.605,-6.984],[131.6,-6.983]]],[[[131.598,-6.976],[131.593,-6.972],[131.595,-6.97],[131.598,-6.976]]],[[[131.595,-6.656],[131.587,-6.657],[131.589,-6.653],[131.595,-6.656]]],[[[131.587,-6.983],[131.592,-6.985],[131.589,-6.986],[131.587,-6.983]]],[[[131.576,-6.978],[131.578,-6.988],[131.574,-6.979],[131.576,-6.978]]],[[[131.563,-7.051],[131.563,-7.055],[131.558,-7.058],[131.563,-7.051]]],[[[131.558,-4.346],[131.555,-4.347],[131.555,-4.343],[131.558,-4.346]]],[[[131.507,-6.829],[131.536,-6.811],[131.527,-6.831],[131.507,-6.829]]],[[[131.507,-6.869],[131.486,-6.922],[131.457,-6.917],[131.473,-6.872],[131.507,-6.869]]],[[[131.5,-7.179],[131.504,-7.182],[131.502,-7.184],[131.5,-7.179]]],[[[131.5,-7.131],[131.496,-7.129],[131.5,-7.129],[131.5,-7.131]]],[[[131.452,-7.198],[131.473,-7.17],[131.488,-7.164],[131.491,-7.207],[131.452,-7.198]]],[[[131.481,-7.127],[131.479,-7.119],[131.482,-7.12],[131.481,-7.127]]],[[[131.477,-7.239],[131.479,-7.237],[131.48,-7.238],[131.477,-7.239]]],[[[131.458,-7.245],[131.471,-7.233],[131.471,-7.247],[131.458,-7.245]]],[[[131.464,-7.097],[131.466,-7.1],[131.462,-7.103],[131.464,-7.097]]],[[[131.454,-7.844],[131.453,-7.85],[131.446,-7.849],[131.454,-7.844]]],[[[131.434,-7.137],[131.436,-7.103],[131.444,-7.097],[131.454,-7.124],[131.434,-7.137]]],[[[131.423,-3.952],[131.45,-4.067],[131.431,-4.079],[131.369,-3.97],[131.423,-3.952]]],[[[131.435,-7.092],[131.44,-7.073],[131.447,-7.093],[131.435,-7.092]]],[[[131.435,-7.849],[131.439,-7.842],[131.442,-7.851],[131.435,-7.849]]],[[[131.401,-7.255],[131.409,-7.253],[131.404,-7.266],[131.401,-7.255]]],[[[131.4,-7.227],[131.38,-7.241],[131.365,-7.232],[131.387,-7.2],[131.406,-7.233],[131.402,-7.24],[131.4,-7.227]]],[[[131.404,-7.221],[131.404,-7.22],[131.405,-7.219],[131.404,-7.221]]],[[[131.377,-4.128],[131.397,-4.173],[131.337,-4.131],[131.299,-4.126],[131.273,-4.077],[131.377,-4.128]]],[[[131.39,-7.287],[131.384,-7.281],[131.391,-7.284],[131.39,-7.287]]],[[[131.375,-7.244],[131.373,-7.242],[131.376,-7.243],[131.375,-7.244]]],[[[131.364,-7.931],[131.363,-7.931],[131.356,-7.933],[131.361,-7.93],[131.364,-7.931]]],[[[131.335,-7.956],[131.338,-7.955],[131.34,-7.956],[131.335,-7.956]]],[[[131.331,-7.407],[131.317,-7.395],[131.325,-7.388],[131.331,-7.407]]],[[[131.284,-7.335],[131.281,-7.321],[131.302,-7.339],[131.261,-7.358],[131.269,-7.38],[131.207,-7.357],[131.227,-7.35],[131.225,-7.331],[131.242,-7.339],[131.238,-7.313],[131.255,-7.304],[131.284,-7.335]]],[[[131.281,-8.062],[131.281,-8.034],[131.292,-8.032],[131.281,-8.062]]],[[[131.258,-7.997],[131.251,-7.989],[131.255,-7.988],[131.258,-7.997]]],[[[131.243,-4.056],[131.22,-4.036],[131.206,-3.98],[131.243,-4.004],[131.243,-4.056]]],[[[131.231,-7.326],[131.232,-7.323],[131.233,-7.325],[131.231,-7.326]]],[[[131.195,-8.073],[131.206,-8.051],[131.216,-8.051],[131.211,-8.072],[131.195,-8.073]]],[[[131.208,-7.423],[131.199,-7.434],[131.195,-7.433],[131.208,-7.423]]],[[[131.204,-3.926],[131.204,-3.924],[131.205,-3.925],[131.204,-3.926]]],[[[131.195,-8.03],[131.191,-8.036],[131.191,-8.032],[131.195,-8.03]]],[[[131.186,-7.406],[131.175,-7.405],[131.184,-7.399],[131.186,-7.406]]],[[[131.171,-3.919],[131.181,-3.92],[131.166,-3.919],[131.171,-3.919]]],[[[131.17,-7.423],[131.132,-7.468],[131.085,-7.481],[131.06,-7.524],[131.036,-7.514],[131.059,-7.484],[131.029,-7.501],[131.013,-7.497],[131.01,-7.498],[131.004,-7.504],[130.969,-7.49],[130.981,-7.436],[131.013,-7.422],[131.161,-7.405],[131.17,-7.423]]],[[[131.085,-8.125],[131.067,-8.162],[131.127,-8.116],[131.169,-8.125],[131.142,-8.16],[130.988,-8.237],[130.926,-8.23],[130.889,-8.245],[130.898,-8.288],[130.827,-8.322],[130.82,-8.341],[130.757,-8.342],[130.819,-8.253],[130.922,-8.214],[130.923,-8.135],[130.998,-8.145],[130.985,-8.116],[131.033,-8.077],[131.085,-8.125]]],[[[131.161,-7.523],[131.158,-7.532],[131.155,-7.522],[131.161,-7.523]]],[[[131.136,-7.516],[131.15,-7.524],[131.155,-7.544],[131.127,-7.532],[131.136,-7.516]]],[[[131.124,-7.64],[131.088,-7.704],[131.056,-7.706],[131.05,-7.683],[131.027,-7.704],[131.026,-7.711],[131.041,-7.724],[130.965,-7.738],[130.97,-7.681],[131.044,-7.656],[131.045,-7.676],[131.097,-7.635],[131.124,-7.64]]],[[[131.119,-7.737],[131.115,-7.737],[131.116,-7.734],[131.119,-7.737]]],[[[131.115,-7.682],[131.117,-7.688],[131.114,-7.687],[131.115,-7.682]]],[[[131.117,-7.748],[131.117,-7.75],[131.116,-7.75],[131.117,-7.748]]],[[[131.114,-7.753],[131.113,-7.752],[131.115,-7.751],[131.114,-7.753]]],[[[131.112,-7.756],[131.11,-7.754],[131.113,-7.752],[131.112,-7.756]]],[[[131.113,-7.75],[131.106,-7.751],[131.113,-7.745],[131.113,-7.75]]],[[[131.112,-7.694],[131.11,-7.69],[131.112,-7.691],[131.112,-7.694]]],[[[131.106,-7.735],[131.106,-7.732],[131.107,-7.733],[131.106,-7.735]]],[[[131.106,-8.037],[131.081,-8.035],[131.086,-8.011],[131.106,-8.037]]],[[[131.104,-7.728],[131.104,-7.734],[131.102,-7.735],[131.104,-7.728]]],[[[131.101,-7.756],[131.105,-7.752],[131.104,-7.755],[131.101,-7.756]]],[[[131.101,-7.718],[131.101,-7.724],[131.099,-7.722],[131.101,-7.718]]],[[[131.104,-7.723],[131.103,-7.731],[131.1,-7.73],[131.104,-7.723]]],[[[131.097,-7.721],[131.097,-7.728],[131.092,-7.721],[131.097,-7.721]]],[[[131.093,-7.749],[131.079,-7.744],[131.085,-7.759],[131.067,-7.763],[131.064,-7.754],[131.092,-7.723],[131.093,-7.749]]],[[[131.097,-7.837],[131.094,-7.835],[131.096,-7.834],[131.097,-7.837]]],[[[131.083,-8.085],[131.09,-8.091],[131.081,-8.092],[131.083,-8.085]]],[[[131.067,-8.015],[131.071,-8.012],[131.066,-8.019],[131.067,-8.015]]],[[[131.046,-7.654],[131.053,-7.659],[131.048,-7.66],[131.046,-7.654]]],[[[131.048,-3.916],[131.046,-3.914],[131.05,-3.913],[131.048,-3.916]]],[[[131.039,-7.52],[131.038,-7.519],[131.04,-7.518],[131.039,-7.52]]],[[[131.033,-7.713],[131.035,-7.709],[131.037,-7.716],[131.033,-7.713]]],[[[131.036,-7.511],[131.035,-7.514],[131.033,-7.511],[131.036,-7.511]]],[[[131.032,-7.516],[131.029,-7.515],[131.031,-7.514],[131.032,-7.516]]],[[[131.028,-7.755],[131.025,-7.751],[131.027,-7.75],[131.028,-7.755]]],[[[130.997,-7.745],[131.014,-7.747],[131.005,-7.761],[130.997,-7.745]]],[[[131.013,-7.503],[131.01,-7.499],[131.013,-7.5],[131.013,-7.503]]],[[[130.998,-7.516],[131.006,-7.516],[131.004,-7.521],[130.998,-7.516]]],[[[130.994,-7.516],[130.993,-7.514],[130.997,-7.515],[130.994,-7.516]]],[[[130.996,-7.53],[130.996,-7.528],[130.997,-7.528],[130.996,-7.53]]],[[[130.983,-7.521],[130.983,-7.549],[130.966,-7.538],[130.981,-7.531],[130.983,-7.521]]],[[[130.988,-3.913],[130.989,-3.914],[130.987,-3.913],[130.988,-3.913]]],[[[130.839,-7.499],[130.936,-7.534],[130.98,-7.509],[130.954,-7.542],[130.982,-7.562],[130.943,-7.543],[130.929,-7.57],[130.894,-7.578],[130.834,-7.555],[130.839,-7.499]]],[[[130.962,-3.876],[130.959,-3.878],[130.961,-3.875],[130.962,-3.876]]],[[[130.948,-3.883],[130.924,-3.907],[130.909,-3.896],[130.933,-3.868],[130.948,-3.883]]],[[[130.942,-7.776],[130.945,-7.747],[130.955,-7.737],[130.949,-7.774],[130.946,-7.776],[130.942,-7.776]]],[[[130.948,-7.646],[130.946,-7.639],[130.951,-7.642],[130.948,-7.646]]],[[[130.921,-8.261],[130.916,-8.259],[130.922,-8.258],[130.921,-8.261]]],[[[130.916,-3.906],[130.915,-3.905],[130.918,-3.904],[130.916,-3.906]]],[[[130.902,-3.883],[130.894,-3.881],[130.9,-3.877],[130.902,-3.883]]],[[[130.896,-3.898],[130.896,-3.899],[130.895,-3.897],[130.896,-3.898]]],[[[130.889,-3.895],[130.891,-3.896],[130.888,-3.896],[130.889,-3.895]]],[[[128.885,-3.204],[128.78,-3.265],[128.68,-3.36],[128.67,-3.391],[128.699,-3.411],[128.677,-3.432],[128.595,-3.426],[128.522,-3.458],[128.461,-3.458],[128.405,-3.429],[128.27,-3.204],[128.221,-3.218],[128.193,-3.199],[128.203,-3.218],[128.182,-3.231],[128.159,-3.161],[128.173,-3.164],[128.171,-3.14],[128.195,-3.141],[128.2,-3.08],[128.161,-3.067],[128.084,-3.145],[128.055,-3.342],[128.016,-3.381],[127.984,-3.384],[127.945,-3.467],[127.96,-3.528],[127.921,-3.568],[127.895,-3.492],[127.943,-3.352],[127.889,-3.271],[127.872,-3.19],[127.838,-3.157],[127.913,-3.151],[127.952,-3.107],[127.986,-3.108],[127.977,-3.095],[128.0,-3.071],[128.002,-3.084],[128.115,-3.065],[128.087,-3.021],[128.123,-3.001],[128.12,-2.974],[128.08,-2.987],[128.071,-2.972],[128.135,-2.936],[128.129,-2.905],[128.165,-2.883],[128.163,-2.864],[128.398,-2.871],[128.511,-2.834],[128.564,-2.854],[128.664,-2.84],[128.704,-2.861],[128.756,-2.851],[128.836,-2.867],[128.957,-2.842],[129.046,-2.795],[129.078,-2.855],[129.064,-2.906],[129.131,-2.969],[129.157,-2.948],[129.196,-2.96],[129.174,-2.936],[129.186,-2.922],[129.205,-2.93],[129.203,-2.945],[129.219,-2.954],[129.223,-2.922],[129.346,-2.859],[129.377,-2.789],[129.519,-2.799],[129.529,-2.773],[129.548,-2.8],[129.619,-2.803],[129.637,-2.827],[129.785,-2.865],[129.814,-2.913],[129.879,-2.897],[129.866,-2.913],[129.88,-2.933],[129.882,-2.914],[129.902,-2.914],[129.909,-2.942],[130.012,-2.979],[130.031,-3.002],[130.152,-2.987],[130.196,-3.01],[130.277,-2.976],[130.353,-2.975],[130.439,-3.031],[130.445,-3.06],[130.478,-3.071],[130.495,-3.104],[130.576,-3.123],[130.63,-3.237],[130.633,-3.34],[130.663,-3.401],[130.805,-3.407],[130.841,-3.456],[130.807,-3.489],[130.883,-3.589],[130.822,-3.702],[130.821,-3.833],[130.851,-3.865],[130.828,-3.875],[130.818,-3.851],[130.777,-3.849],[130.767,-3.828],[130.754,-3.838],[130.614,-3.793],[130.611,-3.766],[130.567,-3.72],[130.484,-3.707],[130.415,-3.631],[130.328,-3.615],[130.297,-3.587],[130.132,-3.532],[130.1,-3.501],[130.015,-3.483],[129.971,-3.427],[129.96,-3.36],[129.927,-3.338],[129.52,-3.3],[129.498,-3.327],[129.551,-3.383],[129.569,-3.43],[129.537,-3.472],[129.411,-3.418],[129.226,-3.4],[129.084,-3.341],[128.936,-3.357],[128.91,-3.328],[128.929,-3.337],[128.967,-3.29],[128.967,-3.227],[128.885,-3.204]]],[[[130.878,-3.658],[130.878,-3.665],[130.875,-3.662],[130.878,-3.658]]],[[[130.875,-3.528],[130.867,-3.529],[130.869,-3.524],[130.875,-3.528]]],[[[130.857,-3.868],[130.862,-3.874],[130.856,-3.868],[130.857,-3.868]]],[[[130.864,-3.886],[130.863,-3.885],[130.865,-3.884],[130.864,-3.886]]],[[[130.86,-3.889],[130.859,-3.888],[130.861,-3.886],[130.86,-3.889]]],[[[130.837,-7.497],[130.811,-7.483],[130.82,-7.479],[130.837,-7.497]]],[[[130.827,-7.474],[130.826,-7.473],[130.832,-7.481],[130.827,-7.474]]],[[[130.827,-7.478],[130.825,-7.477],[130.826,-7.475],[130.827,-7.478]]],[[[130.821,-7.474],[130.826,-7.475],[130.819,-7.475],[130.821,-7.474]]],[[[130.797,-3.863],[130.818,-3.852],[130.822,-3.871],[130.815,-3.871],[130.797,-3.863]]],[[[130.821,-7.478],[130.817,-7.477],[130.819,-7.475],[130.821,-7.478]]],[[[130.811,-7.485],[130.816,-7.489],[130.812,-7.487],[130.81,-7.484],[130.81,-7.481],[130.811,-7.485]]],[[[130.801,-3.317],[130.785,-3.334],[130.762,-3.315],[130.781,-3.297],[130.801,-3.317]]],[[[130.719,-3.847],[130.717,-3.841],[130.719,-3.841],[130.719,-3.847]]],[[[130.088,-7.785],[130.029,-7.766],[130.07,-7.753],[130.093,-7.763],[130.088,-7.785]]],[[[130.031,-4.587],[130.048,-4.586],[130.042,-4.605],[130.031,-4.587]]],[[[130.033,-6.317],[130.013,-6.316],[130.001,-6.298],[130.022,-6.297],[130.033,-6.317]]],[[[130.025,-7.745],[130.0,-7.742],[129.997,-7.698],[130.011,-7.707],[130.025,-7.745]]],[[[129.984,-6.297],[129.99,-6.299],[129.986,-6.301],[129.984,-6.297]]],[[[129.958,-4.549],[129.935,-4.571],[129.861,-4.556],[129.928,-4.543],[129.944,-4.508],[129.958,-4.549]]],[[[129.936,-4.5],[129.939,-4.496],[129.938,-4.5],[129.936,-4.5]]],[[[129.915,-8.13],[129.881,-8.147],[129.839,-8.206],[129.814,-8.211],[129.849,-8.141],[129.924,-8.092],[129.915,-8.13]]],[[[129.903,-4.531],[129.893,-4.504],[129.907,-4.507],[129.903,-4.531]]],[[[129.894,-4.523],[129.868,-4.53],[129.878,-4.505],[129.894,-4.523]]],[[[129.679,-7.786],[129.857,-7.844],[129.842,-7.872],[129.868,-7.906],[129.792,-8.044],[129.754,-8.055],[129.686,-8.023],[129.582,-7.893],[129.591,-7.833],[129.621,-7.802],[129.679,-7.786]]],[[[129.848,-4.503],[129.848,-4.506],[129.846,-4.504],[129.848,-4.503]]],[[[129.763,-4.521],[129.784,-4.523],[129.776,-4.538],[129.763,-4.521]]],[[[129.717,-7.572],[129.662,-7.555],[129.666,-7.528],[129.691,-7.552],[129.726,-7.551],[129.717,-7.572]]],[[[129.692,-4.542],[129.686,-4.563],[129.666,-4.561],[129.692,-4.542]]],[[[129.565,-7.894],[129.544,-7.951],[129.525,-7.943],[129.514,-7.844],[129.565,-7.894]]],[[[129.515,-6.756],[129.494,-6.749],[129.497,-6.725],[129.54,-6.709],[129.539,-6.738],[129.515,-6.756]]],[[[129.537,-6.699],[129.534,-6.7],[129.535,-6.698],[129.537,-6.699]]],[[[129.237,-2.898],[129.237,-2.902],[129.236,-2.9],[129.237,-2.898]]],[[[129.229,-2.903],[129.23,-2.906],[129.226,-2.903],[129.229,-2.903]]],[[[129.224,-2.913],[129.221,-2.911],[129.225,-2.911],[129.224,-2.913]]],[[[129.209,-2.906],[129.207,-2.901],[129.215,-2.902],[129.209,-2.906]]],[[[129.173,-2.916],[129.179,-2.925],[129.169,-2.922],[129.173,-2.916]]],[[[129.159,-6.985],[129.134,-6.991],[129.13,-6.957],[129.16,-6.958],[129.159,-6.985]]],[[[129.159,-2.919],[129.167,-2.924],[129.166,-2.927],[129.159,-2.919]]],[[[129.069,-2.896],[129.082,-2.896],[129.072,-2.906],[129.069,-2.896]]],[[[129.064,-2.781],[129.06,-2.788],[129.059,-2.786],[129.064,-2.781]]],[[[129.045,-2.783],[129.044,-2.78],[129.047,-2.781],[129.045,-2.783]]],[[[128.869,-8.182],[129.032,-8.222],[129.016,-8.261],[128.954,-8.224],[128.927,-8.246],[128.826,-8.202],[128.869,-8.182]]],[[[129.027,-2.748],[129.019,-2.746],[129.023,-2.744],[129.027,-2.748]]],[[[129.025,-2.764],[129.024,-2.763],[129.024,-2.761],[129.025,-2.764]]],[[[129.002,-2.754],[129.004,-2.758],[128.999,-2.757],[129.002,-2.754]]],[[[128.978,-2.749],[128.988,-2.725],[128.997,-2.729],[128.978,-2.749]]],[[[128.937,-1.394],[128.935,-1.393],[128.937,-1.393],[128.937,-1.394]]],[[[128.912,-1.384],[128.93,-1.39],[128.917,-1.399],[128.912,-1.384]]],[[[128.809,-3.663],[128.805,-3.686],[128.762,-3.689],[128.758,-3.649],[128.773,-3.639],[128.809,-3.663]]],[[[128.789,-8.163],[128.786,-8.202],[128.782,-8.174],[128.756,-8.162],[128.789,-8.163]]],[[[128.752,-1.524],[128.749,-1.523],[128.752,-1.518],[128.752,-1.524]]],[[[128.752,-8.16],[128.747,-8.161],[128.747,-8.159],[128.752,-8.16]]],[[[128.733,-8.156],[128.727,-8.16],[128.723,-8.156],[128.733,-8.156]]],[[[128.582,-3.494],[128.682,-3.544],[128.694,-3.494],[128.716,-3.498],[128.731,-3.514],[128.732,-3.62],[128.655,-3.573],[128.664,-3.609],[128.645,-3.63],[128.609,-3.596],[128.628,-3.584],[128.555,-3.531],[128.582,-3.494]]],[[[128.737,-1.518],[128.723,-1.511],[128.735,-1.506],[128.737,-1.518]]],[[[128.727,-8.198],[128.727,-8.201],[128.726,-8.198],[128.727,-8.198]]],[[[128.72,-8.193],[128.718,-8.196],[128.717,-8.192],[128.72,-8.193]]],[[[128.713,-8.192],[128.687,-8.163],[128.721,-8.18],[128.713,-8.192]]],[[[128.71,-1.507],[128.712,-1.519],[128.705,-1.511],[128.71,-1.507]]],[[[128.631,-7.07],[128.702,-7.116],[128.687,-7.138],[128.655,-7.139],[128.689,-7.165],[128.651,-7.216],[128.525,-7.143],[128.594,-7.066],[128.631,-7.07]]],[[[128.681,-8.149],[128.685,-8.151],[128.68,-8.149],[128.681,-8.149]]],[[[128.65,-1.492],[128.657,-1.482],[128.662,-1.484],[128.663,-1.488],[128.65,-1.492]]],[[[128.638,-1.499],[128.632,-1.513],[128.629,-1.506],[128.638,-1.499]]],[[[128.613,-3.656],[128.604,-3.646],[128.605,-3.627],[128.608,-3.631],[128.613,-3.656]]],[[[128.589,-8.164],[128.587,-8.165],[128.585,-8.164],[128.589,-8.164]]],[[[128.499,-3.513],[128.568,-3.563],[128.562,-3.601],[128.399,-3.631],[128.418,-3.61],[128.421,-3.525],[128.499,-3.513]]],[[[128.563,-7.281],[128.565,-7.313],[128.561,-7.316],[128.563,-7.281]]],[[[128.569,-7.363],[128.553,-7.381],[128.554,-7.355],[128.569,-7.363]]],[[[128.509,-8.344],[128.495,-8.335],[128.497,-8.319],[128.501,-8.331],[128.509,-8.344]]],[[[128.408,-8.187],[128.415,-8.191],[128.397,-8.192],[128.408,-8.187]]],[[[128.403,-7.217],[128.403,-7.222],[128.402,-7.222],[128.403,-7.217]]],[[[128.397,-7.217],[128.396,-7.221],[128.391,-7.218],[128.397,-7.217]]],[[[128.39,-8.197],[128.39,-8.192],[128.393,-8.193],[128.39,-8.197]]],[[[128.376,-3.532],[128.375,-3.532],[128.38,-3.529],[128.376,-3.532]]],[[[128.301,-3.679],[128.241,-3.744],[128.16,-3.749],[128.151,-3.771],[128.093,-3.794],[128.155,-3.707],[128.24,-3.631],[128.038,-3.734],[127.994,-3.783],[127.943,-3.774],[127.917,-3.715],[127.921,-3.682],[128.028,-3.592],[128.168,-3.588],[128.224,-3.516],[128.288,-3.49],[128.341,-3.503],[128.354,-3.527],[128.322,-3.568],[128.354,-3.598],[128.354,-3.634],[128.257,-3.625],[128.301,-3.679]]],[[[128.235,-8.269],[128.084,-8.262],[128.092,-8.207],[128.217,-8.207],[128.235,-8.269]]],[[[128.173,-3.231],[128.17,-3.216],[128.172,-3.217],[128.173,-3.231]]],[[[128.139,-3.314],[128.144,-3.302],[128.151,-3.298],[128.139,-3.314]]],[[[127.761,-8.114],[127.948,-8.146],[128.1,-8.139],[128.127,-8.163],[128.076,-8.193],[128.045,-8.259],[128.005,-8.258],[127.96,-8.247],[127.946,-8.221],[127.819,-8.2],[127.788,-8.177],[127.784,-8.135],[127.761,-8.114]]],[[[128.092,-3.051],[128.088,-3.048],[128.092,-3.047],[128.092,-3.051]]],[[[128.082,-3.022],[128.086,-3.02],[128.086,-3.021],[128.082,-3.022]]],[[[128.081,-3.058],[128.081,-3.052],[128.083,-3.054],[128.081,-3.058]]],[[[128.076,-3.022],[128.072,-3.025],[128.071,-3.024],[128.076,-3.022]]],[[[128.072,-3.035],[128.075,-3.033],[128.075,-3.036],[128.072,-3.035]]],[[[128.06,-2.996],[128.046,-3.016],[128.055,-2.995],[128.06,-2.996]]],[[[128.029,-3.069],[128.026,-3.073],[128.024,-3.071],[128.029,-3.069]]],[[[128.002,-2.935],[127.915,-3.039],[127.829,-3.035],[127.869,-3.004],[127.878,-2.961],[127.907,-2.955],[127.925,-2.935],[127.941,-2.941],[127.92,-2.912],[128.002,-2.935]]],[[[127.947,-3.099],[127.945,-3.099],[127.946,-3.096],[127.947,-3.099]]],[[[127.94,-3.099],[127.939,-3.101],[127.939,-3.099],[127.94,-3.099]]],[[[127.937,-3.119],[127.937,-3.115],[127.94,-3.118],[127.937,-3.119]]],[[[127.937,-3.1],[127.936,-3.098],[127.937,-3.098],[127.937,-3.1]]],[[[127.935,-3.11],[127.933,-3.108],[127.935,-3.107],[127.935,-3.11]]],[[[127.932,-3.107],[127.93,-3.107],[127.931,-3.106],[127.932,-3.107]]],[[[127.93,-3.1],[127.929,-3.103],[127.928,-3.101],[127.93,-3.1]]],[[[127.882,-2.956],[127.899,-2.933],[127.924,-2.925],[127.91,-2.949],[127.882,-2.956]]],[[[127.911,-3.681],[127.915,-3.679],[127.914,-3.685],[127.911,-3.681]]],[[[127.91,-3.671],[127.908,-3.675],[127.907,-3.672],[127.91,-3.671]]],[[[127.905,-3.651],[127.911,-3.649],[127.908,-3.655],[127.905,-3.651]]],[[[127.911,-2.918],[127.904,-2.923],[127.907,-2.918],[127.911,-2.918]]],[[[127.899,-2.926],[127.898,-2.925],[127.902,-2.924],[127.899,-2.926]]],[[[127.867,-2.965],[127.868,-2.961],[127.87,-2.964],[127.867,-2.965]]],[[[127.835,-3.156],[127.806,-3.172],[127.776,-3.155],[127.835,-3.156]]],[[[127.832,-3.036],[127.833,-3.038],[127.83,-3.037],[127.832,-3.036]]],[[[127.799,-3.181],[127.789,-3.257],[127.708,-3.26],[127.638,-3.226],[127.734,-3.155],[127.761,-3.151],[127.799,-3.181]]],[[[127.751,-8.206],[127.659,-8.238],[127.601,-8.216],[127.688,-8.154],[127.747,-8.177],[127.751,-8.206]]],[[[127.57,-3.255],[127.615,-3.308],[127.625,-3.307],[127.657,-3.366],[127.507,-3.331],[127.488,-3.307],[127.526,-3.28],[127.523,-3.26],[127.532,-3.266],[127.551,-3.259],[127.56,-3.266],[127.57,-3.255]]],[[[127.637,-7.588],[127.634,-7.591],[127.633,-7.59],[127.637,-7.588]]],[[[127.616,-7.592],[127.598,-7.621],[127.589,-7.549],[127.616,-7.592]]],[[[127.613,-3.3],[127.617,-3.299],[127.617,-3.301],[127.613,-3.3]]],[[[127.587,-3.354],[127.593,-3.361],[127.586,-3.361],[127.587,-3.354]]],[[[127.542,-3.254],[127.563,-3.251],[127.56,-3.262],[127.542,-3.254]]],[[[127.558,-7.544],[127.557,-7.55],[127.555,-7.544],[127.558,-7.544]]],[[[127.552,-7.521],[127.552,-7.518],[127.554,-7.52],[127.552,-7.521]]],[[[127.548,-7.533],[127.544,-7.532],[127.549,-7.529],[127.548,-7.533]]],[[[127.542,-7.544],[127.541,-7.527],[127.546,-7.527],[127.542,-7.544]]],[[[127.532,-3.262],[127.535,-3.257],[127.538,-3.259],[127.532,-3.262]]],[[[127.397,-7.51],[127.408,-7.497],[127.441,-7.524],[127.486,-7.521],[127.482,-7.576],[127.409,-7.601],[127.386,-7.649],[127.34,-7.649],[127.325,-7.612],[127.371,-7.585],[127.357,-7.521],[127.372,-7.494],[127.397,-7.51]]],[[[127.475,-3.3],[127.475,-3.303],[127.47,-3.304],[127.475,-3.3]]],[[[127.437,-7.631],[127.428,-7.637],[127.427,-7.63],[127.437,-7.631]]],[[[127.274,-7.52],[127.298,-7.513],[127.294,-7.53],[127.274,-7.52]]],[[[127.252,-3.592],[127.19,-3.676],[127.136,-3.661],[127.05,-3.689],[126.955,-3.77],[126.812,-3.804],[126.741,-3.857],[126.722,-3.846],[126.687,-3.861],[126.562,-3.793],[126.515,-3.795],[126.522,-3.782],[126.502,-3.785],[126.4,-3.709],[126.349,-3.702],[126.232,-3.619],[126.18,-3.611],[126.151,-3.526],[126.074,-3.478],[126.007,-3.359],[126.017,-3.174],[126.093,-3.112],[126.133,-3.16],[126.203,-3.186],[126.228,-3.178],[126.227,-3.138],[126.261,-3.132],[126.3,-3.093],[126.711,-3.056],[126.791,-3.059],[126.867,-3.096],[126.891,-3.127],[126.984,-3.138],[127.111,-3.234],[127.117,-3.28],[127.072,-3.26],[127.031,-3.265],[127.043,-3.329],[127.073,-3.322],[127.076,-3.374],[127.135,-3.379],[127.164,-3.335],[127.269,-3.389],[127.248,-3.45],[127.252,-3.592]]],[[[127.196,-3.816],[127.244,-3.875],[127.223,-3.905],[127.164,-3.889],[127.142,-3.853],[127.196,-3.816]]],[[[127.2,-8.014],[127.229,-8.105],[127.147,-8.102],[127.136,-8.038],[127.16,-8.016],[127.2,-8.014]]],[[[126.651,-7.611],[126.688,-7.623],[126.723,-7.667],[126.809,-7.655],[126.843,-7.734],[126.82,-7.755],[126.804,-7.741],[126.696,-7.751],[126.562,-7.815],[126.521,-7.859],[126.466,-7.975],[126.421,-7.931],[126.368,-7.934],[126.33,-7.914],[126.177,-7.925],[126.132,-7.891],[126.071,-7.888],[125.982,-7.92],[125.95,-7.912],[125.807,-8.014],[125.789,-8.007],[125.827,-7.916],[125.807,-7.861],[125.871,-7.815],[125.862,-7.768],[125.915,-7.744],[125.947,-7.662],[125.984,-7.655],[126.033,-7.698],[126.176,-7.728],[126.236,-7.688],[126.323,-7.695],[126.38,-7.637],[126.44,-7.631],[126.47,-7.589],[126.536,-7.572],[126.632,-7.559],[126.651,-7.611]]],[[[126.007,-3.216],[126.006,-3.242],[125.996,-3.252],[126.007,-3.216]]],[[[125.91,-7.678],[125.925,-7.659],[125.932,-7.67],[125.91,-7.678]]],[[[125.73,-7.968],[125.764,-8.015],[125.735,-8.059],[125.73,-7.968]]],[[[125.756,-7.98],[125.756,-7.979],[125.757,-7.979],[125.756,-7.98]]],[[[125.754,-7.97],[125.746,-7.982],[125.746,-7.967],[125.754,-7.97]]],[[[125.746,-7.941],[125.736,-7.941],[125.746,-7.921],[125.746,-7.941]]]]}},{"type":"Feature","properties":{"id":"MLU","name":"Maluku Utara","region":"Papua Maluku","tz":"WIT","population_m":1.33,"districts":10,"center":[124.83,-1.8328],"bbox":[124.283,-2.477,129.657,2.645]},"geometry":{"type":"MultiPolygon","coordinates":[[[[129.647,-0.065],[129.626,-0.031],[129.63,-0.07],[129.6,-0.058],[129.586,-0.007],[129.654,-0.048],[129.647,-0.065]]],[[[129.638,0.011],[129.624,0.018],[129.629,0.024],[129.638,0.011]]],[[[129.473,-0.087],[129.547,-0.13],[129.573,-0.179],[129.564,-0.212],[129.547,-0.199],[129.537,-0.213],[129.508,-0.176],[129.516,-0.162],[129.47,-0.139],[129.48,-0.124],[129.461,-0.092],[129.414,-0.071],[129.383,-0.073],[129.363,-0.003],[129.28,0.048],[129.401,-0.013],[129.473,-0.087]]],[[[129.421,-0.078],[129.428,-0.088],[129.435,-0.1],[129.432,-0.118],[129.41,-0.092],[129.421,-0.078]]],[[[128.978,0.165],[128.963,0.175],[128.94,0.192],[128.978,0.165]]],[[[127.697,-0.003],[127.722,0.072],[127.712,0.103],[127.685,0.098],[127.734,0.313],[127.71,0.353],[127.661,0.342],[127.649,0.358],[127.622,0.36],[127.622,0.396],[127.579,0.415],[127.562,0.516],[127.527,0.554],[127.547,0.729],[127.575,0.754],[127.599,0.75],[127.64,0.85],[127.568,0.876],[127.563,0.865],[127.557,0.863],[127.562,0.869],[127.56,0.877],[127.549,0.881],[127.543,0.875],[127.543,0.862],[127.526,0.859],[127.546,0.881],[127.537,0.883],[127.526,0.877],[127.529,0.885],[127.492,0.893],[127.512,0.973],[127.472,1.006],[127.495,1.015],[127.5,1.048],[127.479,1.064],[127.424,1.05],[127.424,1.032],[127.401,1.041],[127.413,1.047],[127.399,1.084],[127.431,1.146],[127.399,1.196],[127.483,1.35],[127.486,1.392],[127.521,1.434],[127.536,1.5],[127.529,1.55],[127.511,1.558],[127.554,1.597],[127.549,1.665],[127.555,1.639],[127.565,1.661],[127.585,1.661],[127.584,1.69],[127.551,1.711],[127.576,1.725],[127.576,1.761],[127.647,1.825],[127.654,1.877],[127.663,1.868],[127.694,1.931],[127.744,1.959],[127.838,2.091],[127.958,2.195],[127.955,2.221],[127.984,2.18],[128.053,2.201],[128.068,2.197],[128.065,2.172],[127.955,2.04],[127.952,1.991],[127.852,1.926],[127.842,1.848],[127.861,1.806],[127.929,1.812],[127.96,1.768],[128.012,1.737],[128.022,1.691],[127.993,1.668],[127.987,1.618],[128.0,1.598],[128.037,1.583],[128.01,1.426],[128.024,1.405],[127.989,1.381],[128.01,1.314],[127.978,1.307],[127.972,1.276],[127.919,1.228],[127.903,1.15],[127.88,1.154],[127.874,1.15],[127.849,1.155],[127.825,1.147],[127.758,1.069],[127.651,1.022],[127.626,0.972],[127.631,0.922],[127.665,0.883],[127.653,0.876],[127.674,0.864],[127.674,0.883],[127.699,0.878],[127.736,0.821],[127.798,0.796],[127.881,0.828],[127.889,0.852],[127.931,0.877],[127.925,0.966],[127.945,0.994],[127.932,1.005],[127.952,1.019],[127.981,1.087],[128.033,1.116],[128.166,1.125],[128.195,1.165],[128.2,1.206],[128.18,1.243],[128.146,1.254],[128.101,1.239],[128.094,1.285],[128.12,1.29],[128.192,1.39],[128.345,1.46],[128.37,1.501],[128.415,1.527],[128.473,1.552],[128.526,1.537],[128.561,1.57],[128.699,1.582],[128.723,1.572],[128.732,1.534],[128.697,1.537],[128.684,1.463],[128.722,1.408],[128.759,1.394],[128.691,1.198],[128.701,1.067],[128.61,1.042],[128.533,0.971],[128.505,0.972],[128.442,0.93],[128.335,0.912],[128.28,0.866],[128.312,0.816],[128.249,0.841],[128.251,0.825],[128.198,0.79],[128.239,0.735],[128.26,0.738],[128.295,0.701],[128.324,0.652],[128.356,0.656],[128.355,0.641],[128.384,0.634],[128.389,0.645],[128.434,0.632],[128.572,0.562],[128.679,0.55],[128.69,0.529],[128.668,0.491],[128.688,0.443],[128.672,0.343],[128.836,0.292],[128.903,0.207],[128.865,0.224],[128.843,0.261],[128.559,0.318],[128.458,0.404],[128.422,0.393],[128.38,0.406],[128.356,0.399],[128.339,0.405],[128.284,0.396],[128.24,0.425],[128.232,0.411],[128.179,0.429],[128.168,0.457],[128.111,0.455],[128.079,0.477],[127.978,0.471],[127.977,0.483],[127.917,0.455],[127.895,0.384],[127.906,0.365],[127.886,0.365],[127.863,0.3],[127.921,0.273],[127.93,0.108],[127.888,0.083],[127.894,-0.018],[127.946,-0.111],[127.982,-0.264],[128.049,-0.417],[128.216,-0.7],[128.454,-0.914],[128.38,-0.878],[128.352,-0.89],[128.316,-0.864],[128.299,-0.882],[128.265,-0.869],[128.226,-0.839],[128.241,-0.821],[128.284,-0.833],[128.23,-0.779],[128.247,-0.77],[128.225,-0.77],[128.234,-0.75],[128.218,-0.773],[128.151,-0.749],[128.066,-0.718],[128.002,-0.668],[127.864,-0.366],[127.751,-0.32],[127.687,-0.27],[127.663,-0.221],[127.7,-0.1],[127.697,-0.003]]],[[[128.873,0.47],[128.874,0.455],[128.862,0.476],[128.873,0.47]]],[[[128.857,0.49],[128.823,0.519],[128.807,0.564],[128.847,0.528],[128.857,0.49]]],[[[128.631,2.563],[128.633,2.534],[128.688,2.502],[128.694,2.424],[128.65,2.367],[128.654,2.31],[128.578,2.111],[128.505,2.059],[128.3,2.036],[128.293,2.009],[128.26,1.98],[128.293,2.054],[128.286,2.078],[128.279,2.088],[128.253,2.094],[128.246,2.124],[128.249,2.248],[128.197,2.279],[128.285,2.372],[128.297,2.443],[128.362,2.508],[128.412,2.528],[128.461,2.596],[128.526,2.577],[128.566,2.645],[128.631,2.563]]],[[[128.681,2.381],[128.684,2.383],[128.684,2.381],[128.681,2.381]]],[[[128.662,0.563],[128.646,0.578],[128.67,0.568],[128.662,0.563]]],[[[128.657,0.555],[128.65,0.557],[128.658,0.559],[128.657,0.555]]],[[[128.636,0.626],[128.64,0.634],[128.648,0.622],[128.636,0.626]]],[[[128.631,0.56],[128.62,0.567],[128.632,0.562],[128.631,0.56]]],[[[128.604,-0.637],[128.596,-0.654],[128.594,-0.634],[128.577,-0.638],[128.58,-0.634],[128.592,-0.63],[128.593,-0.628],[128.604,-0.637]]],[[[128.591,-0.63],[128.591,-0.628],[128.592,-0.628],[128.591,-0.63]]],[[[128.573,-0.656],[128.579,-0.654],[128.581,-0.658],[128.573,-0.656]]],[[[128.577,-0.637],[128.574,-0.639],[128.573,-0.638],[128.577,-0.637]]],[[[128.571,-0.653],[128.564,-0.655],[128.558,-0.65],[128.571,-0.653]]],[[[128.568,-0.631],[128.57,-0.636],[128.565,-0.633],[128.568,-0.631]]],[[[128.568,-0.626],[128.563,-0.628],[128.563,-0.625],[128.568,-0.626]]],[[[128.558,-0.63],[128.555,-0.63],[128.556,-0.628],[128.558,-0.63]]],[[[128.558,-0.65],[128.553,-0.649],[128.555,-0.647],[128.558,-0.65]]],[[[128.555,-0.624],[128.555,-0.62],[128.556,-0.621],[128.555,-0.624]]],[[[128.554,-0.696],[128.548,-0.698],[128.549,-0.693],[128.554,-0.696]]],[[[128.553,-0.624],[128.553,-0.629],[128.548,-0.627],[128.553,-0.624]]],[[[128.553,0.73],[128.549,0.733],[128.553,0.732],[128.553,0.73]]],[[[128.552,-0.623],[128.551,-0.624],[128.553,-0.62],[128.552,-0.623]]],[[[128.548,-0.623],[128.551,-0.619],[128.552,-0.621],[128.548,-0.623]]],[[[128.545,-0.616],[128.543,-0.62],[128.544,-0.616],[128.545,-0.616]]],[[[128.529,-0.644],[128.544,-0.646],[128.544,-0.648],[128.529,-0.644]]],[[[128.542,-0.625],[128.539,-0.625],[128.541,-0.621],[128.542,-0.625]]],[[[128.522,0.624],[128.533,0.639],[128.541,0.637],[128.522,0.624]]],[[[128.532,-0.619],[128.531,-0.622],[128.528,-0.623],[128.532,-0.619]]],[[[128.53,-0.61],[128.531,-0.611],[128.529,-0.614],[128.53,-0.61]]],[[[128.526,-0.609],[128.524,-0.611],[128.523,-0.609],[128.526,-0.609]]],[[[128.519,0.707],[128.519,0.711],[128.526,0.713],[128.519,0.707]]],[[[128.521,-0.606],[128.516,-0.604],[128.517,-0.601],[128.521,-0.606]]],[[[128.516,-0.641],[128.514,-0.633],[128.52,-0.639],[128.516,-0.641]]],[[[128.508,-0.597],[128.509,-0.618],[128.496,-0.593],[128.508,-0.597]]],[[[128.516,-0.6],[128.513,-0.602],[128.513,-0.6],[128.516,-0.6]]],[[[128.51,0.798],[128.51,0.801],[128.511,0.8],[128.51,0.798]]],[[[128.497,0.757],[128.496,0.758],[128.498,0.758],[128.497,0.757]]],[[[128.493,-0.596],[128.496,-0.595],[128.495,-0.598],[128.493,-0.596]]],[[[128.496,-0.591],[128.495,-0.593],[128.493,-0.594],[128.496,-0.591]]],[[[128.493,-0.592],[128.488,-0.593],[128.493,-0.59],[128.493,-0.592]]],[[[128.475,-0.591],[128.478,-0.583],[128.488,-0.592],[128.475,-0.591]]],[[[128.474,0.667],[128.477,0.666],[128.473,0.664],[128.474,0.667]]],[[[128.463,-0.915],[128.459,-0.918],[128.461,-0.914],[128.463,-0.915]]],[[[128.451,-1.13],[128.413,-1.097],[128.369,-1.122],[128.344,-1.089],[128.37,-1.073],[128.411,-1.088],[128.451,-1.13]]],[[[128.453,-1.143],[128.452,-1.148],[128.45,-1.144],[128.453,-1.143]]],[[[128.445,-1.158],[128.446,-1.158],[128.444,-1.158],[128.445,-1.158]]],[[[128.44,-1.155],[128.438,-1.151],[128.443,-1.157],[128.44,-1.155]]],[[[128.423,-0.591],[128.43,-0.58],[128.409,-0.558],[128.441,-0.571],[128.423,-0.591]]],[[[128.409,-1.156],[128.426,-1.146],[128.435,-1.157],[128.409,-1.156]]],[[[128.414,-0.598],[128.41,-0.604],[128.411,-0.584],[128.414,-0.598]]],[[[128.315,-0.938],[128.374,-0.996],[128.405,-0.99],[128.415,-1.028],[128.363,-1.041],[128.333,-1.022],[128.339,-0.974],[128.306,-0.956],[128.315,-0.938]]],[[[128.404,-0.555],[128.367,-0.537],[128.354,-0.546],[128.386,-0.555],[128.383,-0.558],[128.336,-0.548],[128.371,-0.528],[128.404,-0.555]]],[[[128.405,-0.569],[128.406,-0.57],[128.407,-0.576],[128.405,-0.569]]],[[[128.384,-1.135],[128.406,-1.154],[128.363,-1.134],[128.384,-1.135]]],[[[128.392,-1.136],[128.401,-1.122],[128.401,-1.138],[128.392,-1.136]]],[[[128.395,-0.564],[128.396,-0.562],[128.398,-0.563],[128.395,-0.564]]],[[[128.392,-0.561],[128.391,-0.558],[128.394,-0.561],[128.392,-0.561]]],[[[128.389,-0.558],[128.39,-0.558],[128.389,-0.557],[128.389,-0.558]]],[[[128.38,0.637],[128.38,0.642],[128.382,0.64],[128.38,0.637]]],[[[128.38,-0.99],[128.379,-0.99],[128.379,-0.987],[128.38,-0.99]]],[[[128.376,-0.986],[128.378,-0.985],[128.378,-0.987],[128.376,-0.986]]],[[[128.368,-0.974],[128.369,-0.976],[128.365,-0.974],[128.368,-0.974]]],[[[128.322,-1.665],[128.297,-1.635],[128.351,-1.602],[128.362,-1.646],[128.322,-1.665]]],[[[128.362,-0.975],[128.36,-0.978],[128.358,-0.975],[128.362,-0.975]]],[[[128.33,-0.577],[128.357,-0.57],[128.361,-0.576],[128.33,-0.577]]],[[[128.351,-1.054],[128.342,-1.035],[128.361,-1.044],[128.351,-1.054]]],[[[128.354,-0.952],[128.36,-0.951],[128.359,-0.955],[128.354,-0.952]]],[[[128.345,-0.952],[128.347,-0.956],[128.344,-0.954],[128.345,-0.952]]],[[[128.336,-1.119],[128.34,-1.109],[128.348,-1.119],[128.336,-1.119]]],[[[128.341,-1.101],[128.345,-1.109],[128.336,-1.105],[128.341,-1.101]]],[[[128.338,-1.102],[128.337,-1.095],[128.342,-1.097],[128.338,-1.102]]],[[[128.342,-0.553],[128.321,-0.555],[128.316,-0.55],[128.342,-0.553]]],[[[128.336,-1.123],[128.336,-1.12],[128.338,-1.123],[128.336,-1.123]]],[[[128.335,-1.036],[128.334,-1.036],[128.336,-1.035],[128.335,-1.036]]],[[[128.324,0.824],[128.321,0.843],[128.333,0.831],[128.324,0.824]]],[[[128.318,-1.115],[128.318,-1.113],[128.319,-1.113],[128.318,-1.115]]],[[[128.316,-1.092],[128.315,-1.086],[128.318,-1.089],[128.316,-1.092]]],[[[128.309,-1.117],[128.308,-1.121],[128.307,-1.118],[128.309,-1.117]]],[[[128.305,0.705],[128.299,0.703],[128.303,0.709],[128.305,0.705]]],[[[128.296,0.393],[128.293,0.395],[128.295,0.398],[128.296,0.393]]],[[[128.281,2.08],[128.279,2.082],[128.281,2.083],[128.281,2.08]]],[[[128.281,2.056],[128.274,2.058],[128.277,2.061],[128.281,2.056]]],[[[128.27,2.076],[128.273,2.078],[128.274,2.075],[128.27,2.076]]],[[[128.268,2.054],[128.274,2.046],[128.273,2.044],[128.268,2.054]]],[[[128.271,2.062],[128.27,2.067],[128.273,2.064],[128.271,2.062]]],[[[128.255,2.053],[128.248,2.062],[128.257,2.056],[128.255,2.053]]],[[[128.226,-1.04],[128.235,-1.051],[128.235,-1.068],[128.226,-1.04]]],[[[128.234,2.207],[128.237,2.207],[128.236,2.203],[128.234,2.207]]],[[[128.233,1.969],[128.23,1.963],[128.227,1.965],[128.233,1.969]]],[[[128.232,2.133],[128.221,2.136],[128.226,2.141],[128.232,2.133]]],[[[128.226,2.125],[128.226,2.116],[128.222,2.12],[128.226,2.125]]],[[[128.223,2.017],[128.222,2.02],[128.225,2.02],[128.223,2.017]]],[[[128.221,2.172],[128.218,2.171],[128.217,2.175],[128.221,2.172]]],[[[128.208,2.193],[128.21,2.209],[128.212,2.192],[128.208,2.193]]],[[[128.212,2.122],[128.214,2.121],[128.206,2.124],[128.212,2.122]]],[[[128.214,2.053],[128.21,2.058],[128.214,2.054],[128.214,2.053]]],[[[128.197,2.126],[128.188,2.125],[128.188,2.126],[128.197,2.126]]],[[[128.192,2.086],[128.194,2.09],[128.196,2.073],[128.192,2.086]]],[[[128.167,2.413],[128.185,2.3],[128.161,2.288],[128.125,2.334],[128.167,2.413]]],[[[128.186,2.127],[128.184,2.126],[128.184,2.128],[128.186,2.127]]],[[[128.174,-1.031],[128.179,-1.038],[128.178,-1.04],[128.174,-1.031]]],[[[128.173,-0.998],[128.175,-1.002],[128.17,-0.999],[128.173,-0.998]]],[[[128.171,0.445],[128.167,0.441],[128.165,0.446],[128.171,0.445]]],[[[127.67,-1.346],[127.674,-1.331],[127.701,-1.353],[127.707,-1.336],[127.76,-1.352],[127.836,-1.435],[127.878,-1.439],[127.892,-1.425],[127.934,-1.448],[128.013,-1.53],[128.079,-1.567],[128.072,-1.579],[128.09,-1.584],[128.121,-1.566],[128.165,-1.615],[128.156,-1.684],[128.089,-1.722],[128.024,-1.727],[127.906,-1.684],[127.817,-1.701],[127.716,-1.687],[127.662,-1.728],[127.617,-1.718],[127.597,-1.738],[127.497,-1.724],[127.409,-1.662],[127.392,-1.617],[127.412,-1.568],[127.403,-1.538],[127.431,-1.499],[127.416,-1.48],[127.444,-1.434],[127.413,-1.418],[127.441,-1.409],[127.437,-1.426],[127.505,-1.453],[127.513,-1.417],[127.581,-1.364],[127.642,-1.33],[127.67,-1.346]]],[[[128.162,-0.794],[128.155,-0.8],[128.152,-0.796],[128.162,-0.794]]],[[[128.159,-0.787],[128.162,-0.791],[128.157,-0.791],[128.159,-0.787]]],[[[128.159,2.288],[128.158,2.283],[128.151,2.284],[128.159,2.288]]],[[[128.138,-0.811],[128.132,-0.802],[128.153,-0.806],[128.138,-0.811]]],[[[128.14,-0.817],[128.14,-0.813],[128.147,-0.813],[128.14,-0.817]]],[[[128.146,-0.815],[128.144,-0.817],[128.144,-0.815],[128.146,-0.815]]],[[[128.136,-0.824],[128.14,-0.824],[128.134,-0.828],[128.136,-0.824]]],[[[128.133,-1.023],[128.136,-1.022],[128.134,-1.026],[128.133,-1.023]]],[[[128.127,-0.439],[128.125,-0.436],[128.127,-0.437],[128.127,-0.439]]],[[[128.118,-0.841],[128.122,-0.853],[128.115,-0.855],[128.118,-0.841]]],[[[128.106,-0.859],[128.085,-0.856],[128.085,-0.839],[128.102,-0.843],[128.106,-0.859]]],[[[128.095,-1.578],[128.088,-1.562],[128.103,-1.561],[128.095,-1.578]]],[[[128.092,-1.538],[128.084,-1.541],[128.079,-1.534],[128.092,-1.538]]],[[[128.09,-0.467],[128.089,-0.466],[128.089,-0.464],[128.09,-0.467]]],[[[128.07,1.745],[128.075,1.718],[128.07,1.715],[128.062,1.735],[128.07,1.745]]],[[[128.069,1.699],[128.067,1.699],[128.069,1.7],[128.069,1.699]]],[[[128.066,-1.536],[128.062,-1.545],[128.057,-1.539],[128.066,-1.536]]],[[[128.049,1.582],[128.067,1.565],[128.057,1.555],[128.051,1.557],[128.049,1.582]]],[[[128.056,1.742],[128.036,1.744],[128.038,1.755],[128.056,1.742]]],[[[128.055,1.676],[128.051,1.666],[128.052,1.678],[128.055,1.676]]],[[[128.055,1.76],[128.055,1.758],[128.053,1.757],[128.055,1.76]]],[[[128.052,1.735],[128.048,1.733],[128.049,1.736],[128.052,1.735]]],[[[128.055,1.552],[128.053,1.55],[128.049,1.555],[128.055,1.552]]],[[[128.049,1.667],[128.05,1.656],[128.044,1.658],[128.049,1.667]]],[[[128.041,1.558],[128.043,1.562],[128.048,1.556],[128.041,1.558]]],[[[128.045,-1.528],[128.037,-1.536],[128.032,-1.528],[128.045,-1.528]]],[[[128.031,1.685],[128.036,1.685],[128.034,1.682],[128.031,1.685]]],[[[128.019,1.731],[128.028,1.727],[128.021,1.727],[128.019,1.731]]],[[[128.024,1.3],[128.019,1.283],[128.006,1.281],[128.008,1.288],[128.024,1.3]]],[[[128.027,1.752],[128.023,1.755],[128.025,1.761],[128.027,1.752]]],[[[128.021,1.592],[128.025,1.591],[128.024,1.589],[128.021,1.592]]],[[[128.019,1.666],[128.023,1.667],[128.02,1.665],[128.019,1.666]]],[[[128.019,1.6],[128.02,1.594],[128.018,1.6],[128.019,1.6]]],[[[127.993,1.803],[128.009,1.787],[128.018,1.768],[128.004,1.777],[127.993,1.803]]],[[[127.989,-1.502],[127.992,-1.488],[127.999,-1.504],[127.989,-1.502]]],[[[127.981,1.774],[127.985,1.773],[127.98,1.771],[127.981,1.774]]],[[[127.975,1.775],[127.971,1.775],[127.973,1.777],[127.975,1.775]]],[[[127.969,-1.472],[127.959,-1.47],[127.957,-1.467],[127.969,-1.472]]],[[[127.951,1.024],[127.951,1.027],[127.952,1.025],[127.951,1.024]]],[[[127.925,0.993],[127.934,0.992],[127.931,0.989],[127.925,0.993]]],[[[127.913,0.398],[127.913,0.396],[127.912,0.397],[127.913,0.398]]],[[[127.574,-0.326],[127.616,-0.413],[127.645,-0.412],[127.693,-0.456],[127.69,-0.47],[127.678,-0.481],[127.664,-0.517],[127.6,-0.577],[127.598,-0.619],[127.647,-0.629],[127.648,-0.683],[127.671,-0.71],[127.799,-0.679],[127.873,-0.718],[127.872,-0.751],[127.906,-0.785],[127.881,-0.775],[127.897,-0.799],[127.88,-0.796],[127.87,-0.827],[127.828,-0.855],[127.726,-0.869],[127.753,-0.862],[127.682,-0.839],[127.658,-0.811],[127.653,-0.75],[127.631,-0.741],[127.475,-0.824],[127.442,-0.737],[127.48,-0.63],[127.421,-0.607],[127.408,-0.621],[127.39,-0.588],[127.359,-0.58],[127.346,-0.539],[127.306,-0.514],[127.295,-0.438],[127.319,-0.429],[127.338,-0.384],[127.321,-0.33],[127.338,-0.339],[127.372,-0.317],[127.413,-0.358],[127.426,-0.406],[127.452,-0.419],[127.521,-0.302],[127.574,-0.326]]],[[[127.889,1.15],[127.886,1.147],[127.884,1.151],[127.889,1.15]]],[[[127.881,1.148],[127.88,1.153],[127.883,1.149],[127.881,1.148]]],[[[127.878,-0.733],[127.878,-0.731],[127.882,-0.735],[127.878,-0.733]]],[[[127.878,-1.425],[127.868,-1.421],[127.878,-1.42],[127.878,-1.425]]],[[[127.875,-0.826],[127.876,-0.826],[127.876,-0.827],[127.875,-0.826]]],[[[127.844,-1.427],[127.846,-1.433],[127.843,-1.433],[127.844,-1.427]]],[[[127.792,2.273],[127.825,2.27],[127.823,2.241],[127.773,2.22],[127.759,2.271],[127.776,2.295],[127.792,2.273]]],[[[127.82,2.274],[127.822,2.272],[127.82,2.273],[127.82,2.274]]],[[[127.787,2.123],[127.79,2.12],[127.787,2.12],[127.787,2.123]]],[[[127.777,2.128],[127.78,2.106],[127.767,2.122],[127.777,2.128]]],[[[127.758,2.184],[127.772,2.152],[127.732,2.176],[127.72,2.194],[127.758,2.184]]],[[[127.775,2.109],[127.774,2.108],[127.774,2.109],[127.775,2.109]]],[[[127.766,2.198],[127.764,2.212],[127.774,2.203],[127.766,2.198]]],[[[127.763,-0.332],[127.764,-0.333],[127.763,-0.334],[127.763,-0.332]]],[[[127.763,-0.371],[127.762,-0.374],[127.76,-0.372],[127.763,-0.371]]],[[[127.743,-0.326],[127.76,-0.373],[127.726,-0.397],[127.743,-0.326]]],[[[127.756,-0.415],[127.756,-0.416],[127.753,-0.416],[127.756,-0.415]]],[[[127.747,2.271],[127.745,2.271],[127.745,2.272],[127.747,2.271]]],[[[127.737,-0.416],[127.734,-0.43],[127.725,-0.413],[127.737,-0.416]]],[[[127.744,2.273],[127.743,2.274],[127.744,2.274],[127.744,2.273]]],[[[127.729,-0.401],[127.721,-0.403],[127.728,-0.399],[127.729,-0.401]]],[[[127.722,-0.439],[127.723,-0.441],[127.721,-0.44],[127.722,-0.439]]],[[[127.722,1.959],[127.721,1.956],[127.718,1.956],[127.722,1.959]]],[[[127.714,2.204],[127.712,2.203],[127.712,2.205],[127.714,2.204]]],[[[127.705,-0.452],[127.71,-0.459],[127.702,-0.454],[127.705,-0.452]]],[[[127.707,-1.269],[127.707,-1.273],[127.706,-1.271],[127.707,-1.269]]],[[[127.703,-1.287],[127.701,-1.283],[127.706,-1.288],[127.703,-1.287]]],[[[127.697,-1.274],[127.704,-1.275],[127.701,-1.282],[127.697,-1.274]]],[[[127.699,-1.27],[127.701,-1.267],[127.701,-1.27],[127.699,-1.27]]],[[[127.7,0.099],[127.699,0.1],[127.701,0.1],[127.7,0.099]]],[[[127.548,-1.171],[127.695,-1.227],[127.693,-1.285],[127.639,-1.283],[127.561,-1.248],[127.493,-1.272],[127.465,-1.25],[127.509,-1.203],[127.511,-1.178],[127.548,-1.171]]],[[[127.694,-1.277],[127.697,-1.275],[127.697,-1.276],[127.694,-1.277]]],[[[127.682,-0.494],[127.676,-0.488],[127.681,-0.485],[127.682,-0.494]]],[[[127.66,-0.673],[127.668,-0.674],[127.664,-0.676],[127.66,-0.673]]],[[[127.662,0.878],[127.662,0.877],[127.661,0.878],[127.662,0.878]]],[[[127.648,-1.829],[127.649,-1.83],[127.646,-1.828],[127.648,-1.829]]],[[[127.638,0.357],[127.642,0.354],[127.638,0.355],[127.638,0.357]]],[[[127.64,-1.849],[127.639,-1.844],[127.646,-1.842],[127.64,-1.849]]],[[[127.641,-1.842],[127.595,-1.847],[127.594,-1.857],[127.572,-1.866],[127.584,-1.828],[127.641,-1.822],[127.641,-1.842]]],[[[127.624,0.353],[127.619,0.352],[127.621,0.357],[127.624,0.353]]],[[[127.618,-0.573],[127.618,-0.572],[127.619,-0.571],[127.618,-0.573]]],[[[127.61,-0.576],[127.607,-0.585],[127.605,-0.576],[127.61,-0.576]]],[[[127.609,0.386],[127.601,0.383],[127.603,0.388],[127.609,0.386]]],[[[127.604,1.805],[127.603,1.805],[127.604,1.807],[127.604,1.805]]],[[[127.6,0.859],[127.6,0.862],[127.601,0.861],[127.6,0.859]]],[[[127.597,0.771],[127.596,0.775],[127.597,0.774],[127.597,0.771]]],[[[127.595,0.384],[127.592,0.379],[127.591,0.38],[127.595,0.384]]],[[[127.588,0.393],[127.587,0.387],[127.584,0.388],[127.588,0.393]]],[[[127.584,0.394],[127.579,0.399],[127.587,0.399],[127.584,0.394]]],[[[127.545,-0.296],[127.563,-0.312],[127.542,-0.3],[127.545,-0.296]]],[[[127.564,0.784],[127.564,0.782],[127.563,0.783],[127.564,0.784]]],[[[127.562,0.87],[127.558,0.869],[127.56,0.871],[127.562,0.87]]],[[[127.559,0.871],[127.556,0.873],[127.558,0.873],[127.559,0.871]]],[[[127.554,0.867],[127.545,0.873],[127.546,0.874],[127.554,0.867]]],[[[127.549,1.709],[127.546,1.706],[127.545,1.708],[127.549,1.709]]],[[[127.542,1.685],[127.542,1.669],[127.529,1.673],[127.542,1.685]]],[[[127.537,0.881],[127.539,0.882],[127.539,0.88],[127.537,0.881]]],[[[127.523,1.722],[127.533,1.686],[127.495,1.667],[127.523,1.722]]],[[[127.536,0.88],[127.534,0.879],[127.534,0.881],[127.536,0.88]]],[[[127.53,0.876],[127.531,0.873],[127.529,0.874],[127.53,0.876]]],[[[127.53,0.878],[127.531,0.878],[127.527,0.877],[127.53,0.878]]],[[[127.525,0.873],[127.526,0.876],[127.527,0.872],[127.525,0.873]]],[[[127.524,0.883],[127.523,0.884],[127.525,0.884],[127.524,0.883]]],[[[127.522,0.877],[127.522,0.883],[127.524,0.879],[127.522,0.877]]],[[[127.523,-1.396],[127.522,-1.395],[127.524,-1.394],[127.523,-1.396]]],[[[127.52,0.872],[127.522,0.874],[127.522,0.871],[127.52,0.872]]],[[[127.516,1.554],[127.517,1.552],[127.515,1.552],[127.516,1.554]]],[[[127.513,0.88],[127.516,0.88],[127.515,0.878],[127.513,0.88]]],[[[127.514,0.864],[127.516,0.862],[127.514,0.862],[127.514,0.864]]],[[[127.515,0.886],[127.515,0.885],[127.514,0.886],[127.515,0.886]]],[[[127.511,0.859],[127.512,0.864],[127.514,0.86],[127.511,0.859]]],[[[127.511,0.881],[127.509,0.883],[127.511,0.884],[127.511,0.881]]],[[[127.509,0.866],[127.507,0.865],[127.507,0.868],[127.509,0.866]]],[[[127.509,0.881],[127.508,0.88],[127.507,0.88],[127.509,0.881]]],[[[127.497,0.872],[127.507,0.88],[127.5,0.866],[127.497,0.872]]],[[[127.483,1.656],[127.481,1.671],[127.489,1.676],[127.494,1.671],[127.483,1.656]]],[[[127.491,1.66],[127.49,1.663],[127.492,1.663],[127.491,1.66]]],[[[127.475,0.587],[127.475,0.585],[127.474,0.581],[127.475,0.587]]],[[[127.469,0.598],[127.472,0.596],[127.469,0.594],[127.469,0.598]]],[[[127.469,-0.041],[127.468,-0.06],[127.464,-0.057],[127.469,-0.041]]],[[[127.472,-0.067],[127.467,-0.062],[127.469,-0.06],[127.472,-0.067]]],[[[127.449,0.073],[127.467,0.073],[127.467,-0.041],[127.432,-0.006],[127.431,0.022],[127.405,0.01],[127.426,0.139],[127.459,0.131],[127.443,0.117],[127.449,0.073]]],[[[127.465,-1.434],[127.465,-1.432],[127.466,-1.433],[127.465,-1.434]]],[[[127.385,0.748],[127.452,0.741],[127.456,0.673],[127.429,0.629],[127.383,0.627],[127.362,0.678],[127.385,0.748]]],[[[127.434,-0.086],[127.448,-0.089],[127.446,-0.095],[127.434,-0.086]]],[[[127.444,-1.203],[127.421,-1.218],[127.398,-1.142],[127.426,-1.148],[127.444,-1.203]]],[[[127.441,0.316],[127.422,0.283],[127.395,0.275],[127.344,0.331],[127.417,0.375],[127.441,0.316]]],[[[127.434,-0.076],[127.44,-0.076],[127.438,-0.08],[127.434,-0.076]]],[[[127.437,0.455],[127.42,0.433],[127.382,0.455],[127.406,0.481],[127.437,0.455]]],[[[127.42,-0.069],[127.435,-0.063],[127.439,-0.073],[127.42,-0.069]]],[[[127.435,-1.318],[127.415,-1.322],[127.375,-1.318],[127.435,-1.318]]],[[[127.434,0.15],[127.428,0.149],[127.43,0.153],[127.434,0.15]]],[[[127.431,-0.084],[127.43,-0.08],[127.434,-0.082],[127.431,-0.084]]],[[[127.433,-0.635],[127.426,-0.63],[127.434,-0.632],[127.433,-0.635]]],[[[127.432,-0.35],[127.425,-0.358],[127.418,-0.353],[127.432,-0.35]]],[[[127.423,-0.013],[127.431,-0.016],[127.43,-0.019],[127.423,-0.013]]],[[[127.431,0.005],[127.416,-0.006],[127.424,0.012],[127.431,0.005]]],[[[127.43,0.011],[127.428,0.015],[127.43,0.015],[127.43,0.011]]],[[[127.416,-0.016],[127.429,-0.047],[127.416,-0.056],[127.411,-0.104],[127.416,-0.016]]],[[[127.422,-0.085],[127.426,-0.079],[127.426,-0.085],[127.422,-0.085]]],[[[127.421,-0.645],[127.424,-0.645],[127.422,-0.647],[127.421,-0.645]]],[[[127.419,-0.092],[127.418,-0.093],[127.417,-0.088],[127.419,-0.092]]],[[[127.324,-0.606],[127.415,-0.636],[127.412,-0.661],[127.343,-0.653],[127.324,-0.606]]],[[[127.411,-0.341],[127.41,-0.345],[127.408,-0.342],[127.411,-0.341]]],[[[127.406,0.568],[127.382,0.558],[127.379,0.563],[127.393,0.586],[127.406,0.568]]],[[[127.411,-1.501],[127.378,-1.522],[127.392,-1.483],[127.411,-1.501]]],[[[127.406,-0.338],[127.4,-0.323],[127.406,-0.319],[127.41,-0.325],[127.406,-0.338]]],[[[127.382,-1.368],[127.399,-1.405],[127.332,-1.453],[127.281,-1.414],[127.32,-1.393],[127.322,-1.365],[127.337,-1.389],[127.342,-1.365],[127.349,-1.384],[127.361,-1.364],[127.382,-1.368]]],[[[127.397,-1.377],[127.391,-1.38],[127.391,-1.371],[127.397,-1.377]]],[[[127.389,-0.592],[127.388,-0.606],[127.381,-0.599],[127.389,-0.592]]],[[[127.393,-0.607],[127.394,-0.608],[127.393,-0.609],[127.393,-0.607]]],[[[127.389,0.829],[127.376,0.764],[127.306,0.766],[127.294,0.818],[127.319,0.864],[127.389,0.829]]],[[[127.381,-1.331],[127.378,-1.335],[127.374,-1.331],[127.381,-1.331]]],[[[127.366,0.725],[127.379,0.736],[127.376,0.725],[127.366,0.725]]],[[[127.356,-1.529],[127.355,-1.526],[127.357,-1.524],[127.356,-1.529]]],[[[127.341,-0.649],[127.34,-0.652],[127.338,-0.648],[127.341,-0.649]]],[[[127.328,-0.621],[127.333,-0.658],[127.313,-0.62],[127.328,-0.621]]],[[[127.266,-0.628],[127.246,-0.629],[127.25,-0.645],[127.304,-0.684],[127.294,-0.731],[127.335,-0.786],[127.312,-0.797],[127.246,-0.766],[127.2,-0.779],[127.165,-0.749],[127.168,-0.708],[127.213,-0.672],[127.217,-0.637],[127.193,-0.616],[127.25,-0.603],[127.266,-0.628]]],[[[127.318,0.881],[127.303,0.898],[127.314,0.913],[127.331,0.896],[127.318,0.881]]],[[[127.303,-0.646],[127.31,-0.633],[127.324,-0.661],[127.303,-0.646]]],[[[127.321,-0.346],[127.32,-0.343],[127.321,-0.344],[127.321,-0.346]]],[[[127.316,-0.339],[127.312,-0.343],[127.313,-0.338],[127.316,-0.339]]],[[[127.306,-0.242],[127.308,-0.227],[127.317,-0.236],[127.306,-0.242]]],[[[127.313,-0.67],[127.314,-0.667],[127.315,-0.668],[127.313,-0.67]]],[[[127.315,-0.345],[127.315,-0.346],[127.313,-0.346],[127.315,-0.345]]],[[[127.309,-0.663],[127.312,-0.664],[127.31,-0.667],[127.309,-0.663]]],[[[127.311,-0.428],[127.312,-0.429],[127.31,-0.43],[127.311,-0.428]]],[[[127.309,-0.652],[127.306,-0.654],[127.307,-0.651],[127.309,-0.652]]],[[[127.241,-0.246],[127.262,-0.28],[127.306,-0.28],[127.255,-0.295],[127.254,-0.338],[127.288,-0.374],[127.287,-0.4],[127.263,-0.408],[127.278,-0.45],[127.257,-0.473],[127.265,-0.491],[127.228,-0.493],[127.229,-0.512],[127.171,-0.531],[127.128,-0.519],[127.137,-0.499],[127.112,-0.485],[127.155,-0.474],[127.123,-0.428],[127.103,-0.426],[127.122,-0.41],[127.109,-0.388],[127.135,-0.361],[127.14,-0.313],[127.115,-0.303],[127.109,-0.283],[127.15,-0.257],[127.241,-0.246]]],[[[127.304,-0.653],[127.301,-0.649],[127.304,-0.65],[127.304,-0.653]]],[[[127.29,-0.35],[127.292,-0.334],[127.302,-0.346],[127.29,-0.35]]],[[[127.3,-0.647],[127.299,-0.644],[127.302,-0.647],[127.3,-0.647]]],[[[127.274,-0.498],[127.298,-0.514],[127.29,-0.528],[127.274,-0.498]]],[[[127.295,-0.622],[127.297,-0.629],[127.294,-0.63],[127.295,-0.622]]],[[[127.279,-0.542],[127.283,-0.532],[127.288,-0.538],[127.279,-0.542]]],[[[127.282,-1.42],[127.279,-1.422],[127.279,-1.421],[127.282,-1.42]]],[[[127.279,-0.651],[127.277,-0.648],[127.279,-0.649],[127.279,-0.651]]],[[[127.266,-0.478],[127.27,-0.486],[127.264,-0.483],[127.266,-0.478]]],[[[127.261,-0.126],[127.227,-0.14],[127.198,-0.118],[127.23,-0.11],[127.24,-0.078],[127.269,-0.072],[127.261,-0.126]]],[[[127.27,-0.524],[127.253,-0.513],[127.259,-0.503],[127.268,-0.502],[127.27,-0.524]]],[[[127.271,-0.294],[127.272,-0.296],[127.27,-0.292],[127.271,-0.294]]],[[[127.267,-0.551],[127.267,-0.554],[127.266,-0.552],[127.267,-0.551]]],[[[127.266,-0.495],[127.265,-0.493],[127.267,-0.495],[127.266,-0.495]]],[[[127.262,-0.308],[127.26,-0.306],[127.263,-0.305],[127.262,-0.308]]],[[[127.259,-0.532],[127.26,-0.542],[127.257,-0.543],[127.259,-0.532]]],[[[127.256,-0.499],[127.257,-0.496],[127.259,-0.498],[127.256,-0.499]]],[[[127.254,-0.551],[127.252,-0.55],[127.253,-0.55],[127.254,-0.551]]],[[[127.249,-0.033],[127.242,-0.028],[127.252,-0.025],[127.249,-0.033]]],[[[127.235,-0.534],[127.251,-0.551],[127.225,-0.548],[127.224,-0.543],[127.235,-0.534]]],[[[127.249,-0.539],[127.246,-0.537],[127.247,-0.535],[127.249,-0.539]]],[[[127.236,-0.028],[127.238,-0.028],[127.238,-0.029],[127.236,-0.028]]],[[[127.234,-0.021],[127.237,-0.022],[127.235,-0.023],[127.234,-0.021]]],[[[127.234,-0.027],[127.233,-0.027],[127.234,-0.024],[127.234,-0.027]]],[[[127.231,-0.033],[127.231,-0.029],[127.232,-0.032],[127.231,-0.033]]],[[[127.217,0.03],[127.23,0.026],[127.226,0.021],[127.217,0.03]]],[[[127.228,-0.028],[127.225,-0.03],[127.227,-0.027],[127.228,-0.028]]],[[[127.225,-0.022],[127.223,-0.023],[127.223,-0.022],[127.225,-0.022]]],[[[127.222,-0.036],[127.222,-0.032],[127.224,-0.035],[127.222,-0.036]]],[[[127.208,0.138],[127.22,0.144],[127.22,0.133],[127.208,0.138]]],[[[127.216,-0.028],[127.216,-0.03],[127.211,-0.031],[127.214,-0.027],[127.216,-0.028]]],[[[127.204,-0.032],[127.206,-0.036],[127.204,-0.038],[127.204,-0.032]]],[[[127.204,-0.043],[127.206,-0.04],[127.207,-0.043],[127.204,-0.043]]],[[[127.206,-0.115],[127.205,-0.114],[127.206,-0.114],[127.206,-0.115]]],[[[127.203,-0.025],[127.174,-0.023],[127.164,-0.016],[127.192,-0.013],[127.203,-0.025]]],[[[127.2,-0.04],[127.2,-0.042],[127.199,-0.039],[127.2,-0.04]]],[[[127.197,-0.038],[127.194,-0.026],[127.201,-0.039],[127.197,-0.038]]],[[[127.196,-0.777],[127.198,-0.777],[127.199,-0.779],[127.196,-0.777]]],[[[127.195,-0.624],[127.196,-0.624],[127.196,-0.625],[127.195,-0.624]]],[[[127.192,-0.046],[127.172,-0.039],[127.172,-0.036],[127.192,-0.046]]],[[[127.191,-0.776],[127.163,-0.759],[127.161,-0.751],[127.191,-0.776]]],[[[127.176,-0.691],[127.176,-0.688],[127.178,-0.69],[127.176,-0.691]]],[[[127.172,0.16],[127.173,0.157],[127.171,0.159],[127.172,0.16]]],[[[127.167,-0.589],[127.171,-0.585],[127.169,-0.59],[127.167,-0.589]]],[[[127.167,-0.703],[127.169,-0.705],[127.163,-0.705],[127.167,-0.703]]],[[[127.146,0.158],[127.158,0.157],[127.145,0.151],[127.146,0.158]]],[[[127.152,-0.183],[127.127,-0.205],[127.127,-0.235],[127.094,-0.256],[127.091,-0.215],[127.128,-0.177],[127.152,-0.183]]],[[[127.143,-0.583],[127.145,-0.581],[127.144,-0.585],[127.143,-0.583]]],[[[127.14,-0.179],[127.139,-0.176],[127.141,-0.177],[127.14,-0.179]]],[[[127.135,0.136],[127.111,0.14],[127.119,0.15],[127.135,0.136]]],[[[127.121,-0.331],[127.131,-0.326],[127.128,-0.331],[127.121,-0.331]]],[[[127.128,-0.312],[127.12,-0.318],[127.116,-0.319],[127.117,-0.315],[127.128,-0.312]]],[[[127.118,-0.433],[127.119,-0.436],[127.116,-0.434],[127.118,-0.433]]],[[[127.115,-0.379],[127.113,-0.382],[127.113,-0.379],[127.115,-0.379]]],[[[127.11,-0.302],[127.111,-0.305],[127.11,-0.303],[127.11,-0.302]]],[[[127.056,-0.23],[127.087,-0.238],[127.092,-0.258],[127.044,-0.279],[127.037,-0.293],[127.026,-0.283],[127.021,-0.262],[127.043,-0.275],[127.056,-0.23]]],[[[127.068,-0.304],[127.07,-0.309],[127.065,-0.308],[127.068,-0.304]]],[[[127.057,-0.278],[127.068,-0.294],[127.057,-0.298],[127.057,-0.278]]],[[[127.021,-0.26],[127.019,-0.26],[127.02,-0.259],[127.021,-0.26]]],[[[126.463,-1.819],[126.487,-1.82],[126.464,-1.838],[126.35,-1.826],[126.479,-1.806],[126.463,-1.819]]],[[[126.417,1.333],[126.394,1.28],[126.358,1.331],[126.381,1.353],[126.417,1.333]]],[[[125.421,-1.807],[125.457,-1.778],[125.488,-1.783],[125.474,-1.8],[125.489,-1.82],[125.498,-1.807],[125.517,-1.818],[125.518,-1.801],[125.527,-1.811],[125.54,-1.786],[125.542,-1.81],[125.589,-1.805],[125.639,-1.83],[125.715,-1.816],[125.724,-1.829],[125.78,-1.798],[125.792,-1.808],[125.815,-1.811],[125.913,-1.793],[126.197,-1.805],[126.305,-1.829],[126.312,-1.816],[126.353,-1.815],[126.246,-1.879],[126.206,-1.867],[126.139,-1.891],[126.089,-1.879],[125.92,-1.939],[125.843,-1.894],[125.79,-1.915],[125.784,-1.933],[125.768,-1.921],[125.579,-1.929],[125.528,-1.948],[125.494,-1.934],[125.423,-1.951],[125.441,-1.927],[125.434,-1.886],[125.369,-1.846],[125.345,-1.888],[125.328,-1.831],[125.347,-1.806],[125.376,-1.807],[125.356,-1.795],[125.367,-1.779],[125.405,-1.775],[125.421,-1.807]]],[[[126.346,-1.823],[126.343,-1.821],[126.346,-1.821],[126.346,-1.823]]],[[[126.155,0.977],[126.162,0.958],[126.142,0.962],[126.128,0.981],[126.155,0.977]]],[[[126.148,0.989],[126.152,0.986],[126.145,0.987],[126.148,0.989]]],[[[125.937,-1.981],[125.992,-2.026],[125.958,-2.159],[126.072,-2.42],[126.05,-2.477],[125.979,-2.422],[125.957,-2.322],[125.88,-2.21],[125.887,-2.175],[125.858,-2.06],[125.9,-1.983],[125.937,-1.981]]],[[[125.93,-1.975],[125.927,-1.976],[125.933,-1.972],[125.93,-1.975]]],[[[125.929,-1.977],[125.929,-1.978],[125.928,-1.978],[125.929,-1.977]]],[[[125.807,-1.912],[125.798,-1.922],[125.796,-1.921],[125.807,-1.912]]],[[[125.798,-1.8],[125.799,-1.804],[125.797,-1.805],[125.798,-1.8]]],[[[125.784,-1.941],[125.785,-1.943],[125.783,-1.941],[125.784,-1.941]]],[[[125.773,-1.928],[125.773,-1.93],[125.772,-1.929],[125.773,-1.928]]],[[[125.75,-1.804],[125.748,-1.801],[125.75,-1.801],[125.75,-1.804]]],[[[125.688,-1.755],[125.701,-1.757],[125.695,-1.762],[125.688,-1.755]]],[[[125.624,-1.805],[125.622,-1.811],[125.62,-1.807],[125.624,-1.805]]],[[[125.546,-1.781],[125.534,-1.772],[125.508,-1.774],[125.541,-1.756],[125.546,-1.781]]],[[[125.42,-1.775],[125.422,-1.767],[125.425,-1.77],[125.42,-1.775]]],[[[125.412,-1.891],[125.42,-1.892],[125.413,-1.895],[125.412,-1.891]]],[[[125.418,-1.797],[125.416,-1.794],[125.418,-1.793],[125.418,-1.797]]],[[[125.374,-1.883],[125.387,-1.892],[125.372,-1.89],[125.374,-1.883]]],[[[124.521,-1.656],[124.554,-1.639],[124.643,-1.64],[124.779,-1.665],[124.809,-1.687],[124.806,-1.673],[124.871,-1.68],[124.898,-1.709],[124.959,-1.695],[125.0,-1.727],[125.021,-1.718],[125.016,-1.752],[125.038,-1.751],[125.046,-1.771],[125.061,-1.743],[125.069,-1.772],[125.104,-1.762],[125.111,-1.747],[125.087,-1.745],[125.114,-1.731],[125.108,-1.691],[125.129,-1.684],[125.148,-1.716],[125.165,-1.695],[125.204,-1.725],[125.18,-1.78],[125.198,-1.792],[125.229,-1.766],[125.224,-1.734],[125.293,-1.733],[125.296,-1.767],[125.27,-1.791],[125.322,-1.786],[125.327,-1.885],[125.232,-1.872],[125.127,-1.878],[125.102,-1.9],[125.043,-1.887],[125.014,-1.901],[125.009,-1.944],[124.891,-1.927],[124.848,-1.894],[124.774,-1.916],[124.682,-1.976],[124.524,-2.018],[124.494,-2.013],[124.518,-1.991],[124.529,-2.009],[124.567,-1.995],[124.521,-1.981],[124.5,-1.996],[124.482,-2.025],[124.404,-2.034],[124.382,-1.948],[124.336,-1.887],[124.372,-1.742],[124.372,-1.713],[124.362,-1.705],[124.401,-1.66],[124.49,-1.659],[124.531,-1.631],[124.521,-1.656]]],[[[124.999,-1.67],[124.995,-1.657],[125.023,-1.665],[124.999,-1.67]]],[[[124.991,-1.709],[124.991,-1.713],[124.99,-1.71],[124.991,-1.709]]],[[[124.965,-1.664],[124.954,-1.672],[124.95,-1.666],[124.965,-1.664]]],[[[124.968,-1.686],[124.964,-1.687],[124.965,-1.685],[124.968,-1.686]]],[[[124.963,-1.698],[124.962,-1.693],[124.969,-1.699],[124.963,-1.698]]],[[[124.895,-1.661],[124.889,-1.658],[124.897,-1.657],[124.895,-1.661]]],[[[124.88,-1.657],[124.88,-1.661],[124.879,-1.658],[124.88,-1.657]]],[[[124.699,-1.971],[124.7,-1.974],[124.698,-1.972],[124.699,-1.971]]],[[[124.486,-2.021],[124.493,-2.014],[124.498,-2.016],[124.486,-2.021]]],[[[124.49,-1.635],[124.486,-1.629],[124.491,-1.627],[124.49,-1.635]]],[[[124.48,-1.604],[124.474,-1.578],[124.485,-1.588],[124.48,-1.604]]],[[[124.405,-2.046],[124.388,-2.074],[124.373,-2.049],[124.392,-2.033],[124.405,-2.046]]],[[[124.346,-1.968],[124.375,-1.991],[124.364,-2.044],[124.304,-2.004],[124.31,-1.976],[124.346,-1.968]]],[[[124.372,-1.74],[124.37,-1.74],[124.371,-1.738],[124.372,-1.74]]],[[[124.369,-1.736],[124.363,-1.741],[124.365,-1.736],[124.369,-1.736]]],[[[124.366,-1.721],[124.362,-1.724],[124.364,-1.719],[124.366,-1.721]]],[[[124.36,-1.736],[124.357,-1.732],[124.361,-1.731],[124.36,-1.736]]],[[[124.361,-1.759],[124.36,-1.758],[124.36,-1.757],[124.361,-1.759]]],[[[124.358,-1.739],[124.36,-1.742],[124.357,-1.739],[124.358,-1.739]]],[[[124.36,-1.744],[124.358,-1.743],[124.36,-1.743],[124.36,-1.744]]],[[[124.353,-1.739],[124.355,-1.741],[124.353,-1.741],[124.353,-1.739]]],[[[124.352,-1.747],[124.353,-1.746],[124.354,-1.747],[124.352,-1.747]]],[[[124.341,-1.703],[124.351,-1.697],[124.344,-1.713],[124.341,-1.703]]],[[[124.345,-1.778],[124.342,-1.763],[124.345,-1.757],[124.35,-1.77],[124.345,-1.778]]],[[[124.345,-1.723],[124.345,-1.722],[124.346,-1.723],[124.345,-1.723]]],[[[124.337,-1.824],[124.34,-1.82],[124.34,-1.827],[124.337,-1.824]]],[[[124.34,-1.901],[124.338,-1.904],[124.333,-1.896],[124.34,-1.901]]],[[[124.34,-1.71],[124.33,-1.717],[124.337,-1.704],[124.34,-1.71]]],[[[124.333,-1.728],[124.332,-1.726],[124.334,-1.725],[124.333,-1.728]]],[[[124.322,-1.74],[124.311,-1.723],[124.316,-1.719],[124.322,-1.74]]],[[[124.317,-1.971],[124.317,-1.971],[124.318,-1.97],[124.317,-1.971]]],[[[124.306,-1.801],[124.311,-1.788],[124.314,-1.786],[124.316,-1.792],[124.306,-1.801]]],[[[124.314,-1.768],[124.313,-1.767],[124.315,-1.766],[124.314,-1.768]]],[[[124.293,-1.743],[124.314,-1.781],[124.311,-1.786],[124.285,-1.763],[124.283,-1.755],[124.293,-1.743]]],[[[124.305,-1.728],[124.303,-1.727],[124.304,-1.727],[124.305,-1.728]]],[[[124.299,-1.731],[124.3,-1.733],[124.298,-1.73],[124.299,-1.731]]]]}},{"type":"Feature","properties":{"id":"PPA","name":"Papua","region":"Papua Maluku","tz":"WIT","population_m":1.06,"districts":9,"center":[138.5064,-2.7027],"bbox":[134.296,-3.947,141.0,0.938]},"geometry":{"type":"MultiPolygon","coordinates":[[[[136.898,-3.219],[136.827,-3.282],[136.788,-3.266],[136.732,-3.282],[136.626,-3.237],[136.569,-3.251],[136.537,-3.227],[136.487,-3.227],[136.445,-3.178],[136.435,-3.085],[136.339,-3.006],[136.353,-2.946],[136.325,-2.913],[136.293,-2.916],[136.294,-2.88],[136.281,-2.885],[136.281,-2.87],[136.266,-2.886],[136.266,-2.85],[136.24,-2.859],[136.253,-2.842],[136.229,-2.841],[136.217,-2.806],[136.182,-2.81],[136.183,-2.794],[136.146,-2.783],[136.144,-2.798],[136.136,-2.752],[136.056,-2.767],[136.044,-2.743],[136.018,-2.747],[136.01,-2.705],[136.056,-2.669],[136.112,-2.668],[136.224,-2.614],[136.292,-2.485],[136.278,-2.469],[136.296,-2.411],[136.342,-2.373],[136.34,-2.264],[136.394,-2.219],[136.51,-2.19],[136.544,-2.223],[136.588,-2.19],[136.576,-2.219],[136.59,-2.248],[136.673,-2.261],[136.712,-2.228],[136.741,-2.247],[136.742,-2.257],[136.745,-2.254],[136.75,-2.271],[136.753,-2.278],[136.758,-2.279],[136.749,-2.264],[136.756,-2.264],[136.76,-2.256],[136.769,-2.265],[136.77,-2.265],[136.771,-2.263],[136.755,-2.238],[136.793,-2.211],[136.814,-2.221],[136.808,-2.175],[136.837,-2.173],[136.842,-2.196],[136.912,-2.179],[136.942,-2.122],[136.977,-2.133],[137.039,-2.113],[137.058,-2.098],[137.154,-2.103],[137.232,-2.047],[137.19,-2.0],[137.216,-1.982],[137.192,-1.946],[137.156,-1.932],[137.144,-1.898],[137.089,-1.852],[137.102,-1.793],[137.204,-1.747],[137.242,-1.751],[137.477,-1.598],[137.681,-1.505],[137.74,-1.497],[137.744,-1.477],[137.932,-1.458],[137.969,-1.531],[138.068,-1.601],[138.362,-1.717],[138.663,-1.792],[138.738,-1.853],[138.751,-1.847],[138.748,-1.867],[138.79,-1.92],[138.864,-1.966],[138.905,-1.954],[139.001,-1.976],[139.804,-2.377],[140.058,-2.36],[140.111,-2.319],[140.144,-2.348],[140.151,-2.323],[140.152,-2.37],[140.232,-2.422],[140.229,-2.405],[140.254,-2.401],[140.265,-2.423],[140.337,-2.449],[140.336,-2.465],[140.373,-2.45],[140.348,-2.395],[140.497,-2.444],[140.525,-2.428],[140.544,-2.449],[140.597,-2.455],[140.613,-2.44],[140.634,-2.468],[140.721,-2.491],[140.748,-2.534],[140.731,-2.518],[140.707,-2.539],[140.717,-2.592],[140.703,-2.571],[140.693,-2.574],[140.686,-2.613],[140.706,-2.628],[140.738,-2.627],[140.711,-2.595],[140.763,-2.629],[140.787,-2.621],[140.789,-2.595],[140.916,-2.624],[141.0,-2.604],[141.0,-3.931],[140.943,-3.914],[140.917,-3.922],[140.916,-3.946],[140.886,-3.93],[140.789,-3.94],[140.679,-3.907],[140.611,-3.947],[140.587,-3.937],[140.593,-3.926],[140.517,-3.905],[140.498,-3.905],[140.508,-3.928],[140.488,-3.929],[140.455,-3.893],[140.411,-3.918],[140.405,-3.896],[140.418,-3.899],[140.431,-3.85],[140.417,-3.847],[140.421,-3.818],[140.4,-3.815],[140.418,-3.803],[140.4,-3.735],[140.32,-3.753],[140.088,-3.682],[140.066,-3.648],[140.043,-3.672],[140.019,-3.636],[139.983,-3.656],[139.958,-3.639],[139.965,-3.61],[139.891,-3.621],[139.862,-3.583],[139.752,-3.567],[139.718,-3.521],[139.703,-3.541],[139.676,-3.529],[139.674,-3.554],[139.661,-3.528],[139.625,-3.555],[139.587,-3.539],[139.613,-3.514],[139.602,-3.496],[139.551,-3.537],[139.506,-3.519],[139.495,-3.488],[139.474,-3.519],[139.467,-3.495],[139.487,-3.476],[139.47,-3.456],[139.436,-3.463],[139.366,-3.436],[139.38,-3.464],[139.338,-3.485],[139.328,-3.446],[139.307,-3.471],[139.279,-3.468],[139.271,-3.44],[139.255,-3.455],[139.266,-3.416],[139.195,-3.448],[139.182,-3.423],[139.138,-3.419],[139.14,-3.362],[139.128,-3.355],[139.112,-3.388],[139.1,-3.329],[139.076,-3.336],[139.048,-3.393],[139.005,-3.382],[138.884,-3.429],[138.73,-3.286],[138.563,-3.338],[138.407,-3.33],[138.38,-3.318],[138.327,-3.194],[138.215,-3.208],[138.172,-3.236],[138.162,-3.278],[138.133,-3.284],[138.015,-3.235],[138.01,-3.155],[137.974,-3.134],[137.618,-3.112],[137.558,-3.052],[137.437,-3.04],[137.432,-3.006],[137.383,-2.964],[137.152,-3.078],[137.187,-3.106],[137.175,-3.126],[137.127,-3.123],[137.072,-3.18],[137.044,-3.168],[137.005,-3.189],[136.989,-3.174],[136.967,-3.198],[136.899,-3.192],[136.898,-3.219]]],[[[140.719,-2.545],[140.725,-2.545],[140.726,-2.547],[140.719,-2.545]]],[[[140.718,-2.552],[140.717,-2.552],[140.718,-2.55],[140.718,-2.552]]],[[[140.709,-2.598],[140.71,-2.598],[140.709,-2.601],[140.709,-2.598]]],[[[139.572,-2.238],[139.572,-2.236],[139.573,-2.237],[139.572,-2.238]]],[[[139.528,-2.207],[139.531,-2.209],[139.529,-2.209],[139.528,-2.207]]],[[[139.514,-2.128],[139.516,-2.14],[139.507,-2.125],[139.514,-2.128]]],[[[139.479,-2.121],[139.474,-2.114],[139.477,-2.113],[139.479,-2.121]]],[[[139.46,-2.114],[139.453,-2.119],[139.458,-2.112],[139.46,-2.114]]],[[[139.247,-2.015],[139.253,-2.007],[139.251,-2.015],[139.247,-2.015]]],[[[139.242,-2.034],[139.239,-2.036],[139.239,-2.032],[139.242,-2.034]]],[[[139.132,-2.009],[139.139,-2.004],[139.136,-2.012],[139.132,-2.009]]],[[[139.001,-1.938],[139.025,-1.934],[139.018,-1.949],[139.001,-1.938]]],[[[139.01,-1.947],[139.007,-1.951],[139.005,-1.949],[139.01,-1.947]]],[[[138.801,-1.702],[138.79,-1.673],[138.798,-1.664],[138.805,-1.678],[138.801,-1.702]]],[[[138.774,-1.645],[138.775,-1.64],[138.777,-1.645],[138.774,-1.645]]],[[[138.766,-1.864],[138.767,-1.868],[138.762,-1.868],[138.766,-1.864]]],[[[138.749,-1.623],[138.718,-1.618],[138.717,-1.58],[138.74,-1.597],[138.749,-1.623]]],[[[137.209,-1.985],[137.198,-1.971],[137.214,-1.981],[137.209,-1.985]]],[[[137.202,-1.982],[137.205,-1.982],[137.207,-1.985],[137.202,-1.982]]],[[[137.198,-1.98],[137.204,-1.985],[137.196,-1.984],[137.198,-1.98]]],[[[137.197,-2.02],[137.176,-2.013],[137.172,-2.005],[137.197,-2.02]]],[[[137.193,-1.975],[137.193,-1.98],[137.19,-1.977],[137.193,-1.975]]],[[[137.189,-1.958],[137.196,-1.967],[137.186,-1.97],[137.189,-1.958]]],[[[137.181,-1.979],[137.179,-1.983],[137.176,-1.979],[137.181,-1.979]]],[[[137.112,-1.877],[137.088,-1.888],[137.088,-1.856],[137.112,-1.877]]],[[[137.057,-1.864],[136.955,-1.842],[136.95,-1.836],[137.024,-1.831],[137.057,-1.864]]],[[[137.04,-2.107],[137.04,-2.109],[137.039,-2.108],[137.04,-2.107]]],[[[136.909,-2.176],[136.909,-2.179],[136.908,-2.179],[136.909,-2.176]]],[[[135.41,-1.602],[135.689,-1.62],[135.693,-1.635],[135.786,-1.626],[135.847,-1.639],[135.836,-1.658],[135.851,-1.663],[135.899,-1.635],[136.052,-1.66],[136.203,-1.648],[136.369,-1.717],[136.41,-1.72],[136.446,-1.698],[136.585,-1.729],[136.789,-1.74],[136.904,-1.794],[136.849,-1.827],[136.718,-1.816],[136.697,-1.824],[136.707,-1.843],[136.688,-1.834],[136.628,-1.873],[136.536,-1.87],[136.503,-1.85],[136.548,-1.89],[136.537,-1.899],[136.499,-1.88],[136.467,-1.895],[136.412,-1.873],[136.398,-1.888],[136.343,-1.86],[136.276,-1.883],[136.263,-1.913],[136.25,-1.886],[136.23,-1.91],[136.198,-1.855],[136.172,-1.875],[136.145,-1.853],[136.072,-1.85],[136.025,-1.819],[135.978,-1.817],[135.911,-1.755],[135.899,-1.788],[135.869,-1.74],[135.852,-1.742],[135.872,-1.757],[135.865,-1.768],[135.846,-1.746],[135.832,-1.762],[135.821,-1.735],[135.763,-1.749],[135.79,-1.72],[135.761,-1.707],[135.752,-1.721],[135.732,-1.688],[135.673,-1.707],[135.651,-1.684],[135.578,-1.687],[135.553,-1.662],[135.519,-1.687],[135.522,-1.661],[135.514,-1.687],[135.474,-1.68],[135.468,-1.639],[135.449,-1.643],[135.444,-1.613],[135.41,-1.602]]],[[[136.759,-2.25],[136.76,-2.256],[136.754,-2.255],[136.749,-2.26],[136.759,-2.25]]],[[[136.756,-2.256],[136.753,-2.259],[136.753,-2.256],[136.756,-2.256]]],[[[136.75,-2.259],[136.75,-2.26],[136.749,-2.261],[136.75,-2.259]]],[[[136.738,-2.245],[136.74,-2.244],[136.74,-2.246],[136.738,-2.245]]],[[[136.705,-1.213],[136.697,-1.224],[136.695,-1.215],[136.705,-1.213]]],[[[136.698,-1.251],[136.7,-1.251],[136.7,-1.252],[136.698,-1.251]]],[[[136.692,-1.295],[136.696,-1.295],[136.691,-1.296],[136.692,-1.295]]],[[[136.671,-1.273],[136.675,-1.261],[136.679,-1.264],[136.671,-1.273]]],[[[136.677,-1.291],[136.672,-1.299],[136.67,-1.294],[136.677,-1.291]]],[[[136.67,-1.283],[136.674,-1.277],[136.671,-1.286],[136.67,-1.283]]],[[[136.62,-1.16],[136.619,-1.159],[136.626,-1.15],[136.626,-1.154],[136.62,-1.16]]],[[[136.621,-1.332],[136.624,-1.337],[136.623,-1.34],[136.621,-1.332]]],[[[136.605,-1.174],[136.593,-1.163],[136.6,-1.135],[136.62,-1.154],[136.605,-1.174]]],[[[136.616,-1.249],[136.595,-1.236],[136.61,-1.23],[136.616,-1.249]]],[[[136.616,-1.316],[136.614,-1.319],[136.613,-1.318],[136.616,-1.316]]],[[[136.591,-1.228],[136.576,-1.2],[136.597,-1.189],[136.614,-1.22],[136.591,-1.228]]],[[[136.605,-1.302],[136.59,-1.28],[136.592,-1.269],[136.611,-1.275],[136.605,-1.302]]],[[[136.607,-1.308],[136.601,-1.32],[136.603,-1.303],[136.607,-1.308]]],[[[136.503,-1.239],[136.528,-1.229],[136.539,-1.242],[136.503,-1.239]]],[[[136.443,-1.199],[136.451,-1.22],[136.448,-1.24],[136.43,-1.213],[136.443,-1.199]]],[[[136.413,-1.309],[136.415,-1.271],[136.422,-1.268],[136.413,-1.309]]],[[[136.398,-1.904],[136.393,-1.921],[136.383,-1.914],[136.398,-1.904]]],[[[136.392,-1.977],[136.388,-1.975],[136.39,-1.975],[136.392,-1.977]]],[[[135.709,-0.803],[135.729,-0.775],[135.726,-0.774],[135.643,-0.887],[135.555,-0.803],[135.468,-0.745],[135.497,-0.811],[135.513,-0.789],[135.542,-0.839],[135.537,-0.871],[135.49,-0.805],[135.394,-0.723],[135.362,-0.633],[135.392,-0.62],[135.412,-0.651],[135.447,-0.641],[135.444,-0.659],[135.463,-0.646],[135.535,-0.675],[135.551,-0.657],[135.59,-0.664],[135.595,-0.703],[135.643,-0.663],[135.678,-0.688],[135.685,-0.72],[135.719,-0.709],[135.749,-0.741],[135.804,-0.687],[135.854,-0.7],[135.925,-0.79],[136.051,-0.856],[136.04,-0.896],[136.06,-0.887],[136.092,-0.917],[136.099,-0.961],[136.152,-0.996],[136.173,-1.044],[136.257,-1.018],[136.324,-1.074],[136.362,-1.064],[136.384,-1.085],[136.314,-1.141],[136.149,-1.2],[136.075,-1.186],[136.038,-1.149],[136.001,-1.142],[135.942,-1.142],[135.906,-1.178],[135.858,-1.167],[135.802,-1.098],[135.82,-1.085],[135.825,-1.032],[135.788,-0.965],[135.755,-0.837],[135.736,-0.806],[135.709,-0.803]]],[[[136.381,-1.918],[136.381,-1.916],[136.383,-1.924],[136.381,-1.918]]],[[[136.376,-1.957],[136.378,-1.963],[136.375,-1.96],[136.376,-1.957]]],[[[136.379,-1.25],[136.378,-1.261],[136.367,-1.248],[136.379,-1.25]]],[[[136.376,-1.906],[136.371,-1.907],[136.373,-1.905],[136.376,-1.906]]],[[[136.374,-1.306],[136.376,-1.3],[136.374,-1.31],[136.374,-1.306]]],[[[136.371,-1.893],[136.359,-1.904],[136.362,-1.885],[136.371,-1.893]]],[[[136.368,-1.922],[136.369,-1.92],[136.369,-1.922],[136.368,-1.922]]],[[[136.329,-1.904],[136.358,-1.905],[136.361,-1.963],[136.331,-1.936],[136.329,-1.904]]],[[[136.359,-1.908],[136.361,-1.908],[136.368,-1.908],[136.363,-1.911],[136.359,-1.908]]],[[[136.361,-1.958],[136.362,-1.957],[136.362,-1.959],[136.361,-1.958]]],[[[136.35,-1.879],[136.349,-1.872],[136.355,-1.876],[136.35,-1.879]]],[[[136.355,-1.899],[136.352,-1.9],[136.353,-1.897],[136.355,-1.899]]],[[[136.353,-1.222],[136.355,-1.221],[136.354,-1.223],[136.353,-1.222]]],[[[136.338,-1.233],[136.301,-1.245],[136.292,-1.235],[136.324,-1.218],[136.338,-1.233]]],[[[136.325,-1.902],[136.333,-1.894],[136.334,-1.902],[136.325,-1.902]]],[[[136.323,-1.281],[136.319,-1.277],[136.324,-1.279],[136.323,-1.281]]],[[[136.322,-1.962],[136.319,-1.962],[136.319,-1.96],[136.322,-1.962]]],[[[136.317,-1.902],[136.318,-1.9],[136.318,-1.904],[136.317,-1.902]]],[[[136.317,-1.956],[136.312,-1.95],[136.316,-1.949],[136.317,-1.956]]],[[[136.314,-1.256],[136.317,-1.256],[136.314,-1.258],[136.314,-1.256]]],[[[136.31,-1.947],[136.304,-1.94],[136.312,-1.947],[136.31,-1.947]]],[[[136.282,-1.885],[136.301,-1.927],[136.293,-1.94],[136.279,-1.897],[136.282,-1.885]]],[[[136.25,-2.224],[136.27,-2.223],[136.251,-2.233],[136.25,-2.224]]],[[[136.201,-1.259],[136.199,-1.234],[136.231,-1.233],[136.201,-1.259]]],[[[136.217,-1.309],[136.218,-1.305],[136.219,-1.307],[136.217,-1.309]]],[[[136.205,-1.309],[136.21,-1.307],[136.21,-1.313],[136.205,-1.309]]],[[[135.937,-1.801],[135.93,-1.798],[135.937,-1.796],[135.937,-1.801]]],[[[135.867,-1.769],[135.87,-1.77],[135.869,-1.771],[135.867,-1.769]]],[[[135.83,-1.521],[135.835,-1.527],[135.826,-1.524],[135.83,-1.521]]],[[[135.829,-1.765],[135.829,-1.762],[135.833,-1.765],[135.829,-1.765]]],[[[135.802,-1.785],[135.825,-1.8],[135.818,-1.816],[135.795,-1.81],[135.802,-1.785]]],[[[135.821,-1.885],[135.825,-1.883],[135.822,-1.885],[135.821,-1.885]]],[[[135.813,-1.897],[135.811,-1.89],[135.816,-1.893],[135.813,-1.897]]],[[[135.807,-1.751],[135.792,-1.746],[135.812,-1.742],[135.807,-1.751]]],[[[135.8,-1.881],[135.799,-1.876],[135.804,-1.879],[135.8,-1.881]]],[[[135.792,-1.771],[135.77,-1.76],[135.788,-1.759],[135.792,-1.771]]],[[[135.787,-1.758],[135.789,-1.756],[135.79,-1.758],[135.787,-1.758]]],[[[135.772,-1.78],[135.774,-1.778],[135.775,-1.779],[135.772,-1.78]]],[[[135.73,-1.698],[135.731,-1.699],[135.73,-1.699],[135.73,-1.698]]],[[[135.727,-0.776],[135.727,-0.778],[135.725,-0.777],[135.727,-0.776]]],[[[135.686,-1.716],[135.685,-1.708],[135.691,-1.711],[135.686,-1.716]]],[[[135.602,-1.696],[135.605,-1.696],[135.605,-1.697],[135.602,-1.696]]],[[[135.585,-1.69],[135.59,-1.689],[135.59,-1.691],[135.585,-1.69]]],[[[135.583,-1.689],[135.586,-1.688],[135.584,-1.689],[135.583,-1.689]]],[[[135.541,-0.801],[135.541,-0.805],[135.54,-0.804],[135.541,-0.801]]],[[[135.524,-0.651],[135.534,-0.65],[135.527,-0.656],[135.524,-0.651]]],[[[135.531,-0.863],[135.526,-0.865],[135.526,-0.863],[135.531,-0.863]]],[[[135.529,-0.809],[135.525,-0.808],[135.529,-0.806],[135.529,-0.809]]],[[[135.525,-0.801],[135.522,-0.801],[135.523,-0.799],[135.525,-0.801]]],[[[135.521,-0.795],[135.521,-0.798],[135.52,-0.797],[135.521,-0.795]]],[[[135.494,-0.965],[135.49,-0.929],[135.509,-0.968],[135.494,-0.965]]],[[[135.506,-0.835],[135.504,-0.828],[135.508,-0.831],[135.506,-0.835]]],[[[135.502,-0.633],[135.499,-0.639],[135.498,-0.636],[135.502,-0.633]]],[[[135.493,-0.828],[135.494,-0.826],[135.496,-0.826],[135.493,-0.828]]],[[[135.489,-0.632],[135.485,-0.636],[135.481,-0.629],[135.489,-0.632]]],[[[135.468,-1.661],[135.469,-1.659],[135.47,-1.66],[135.468,-1.661]]],[[[135.446,-0.878],[135.446,-0.873],[135.448,-0.883],[135.446,-0.878]]],[[[135.437,-0.867],[135.438,-0.864],[135.44,-0.868],[135.437,-0.867]]],[[[135.37,-1.506],[135.363,-1.501],[135.37,-1.498],[135.37,-1.506]]],[[[135.348,-1.483],[135.356,-1.486],[135.35,-1.488],[135.348,-1.483]]],[[[135.339,-1.51],[135.348,-1.514],[135.337,-1.513],[135.339,-1.51]]],[[[135.117,-1.463],[135.155,-1.49],[135.216,-1.474],[135.206,-1.499],[135.222,-1.508],[135.246,-1.484],[135.254,-1.522],[135.262,-1.479],[135.271,-1.491],[135.297,-1.475],[135.311,-1.496],[135.337,-1.483],[135.325,-1.509],[135.247,-1.53],[135.091,-1.501],[135.117,-1.463]]],[[[135.268,-0.392],[135.27,-0.41],[135.262,-0.409],[135.268,-0.392]]],[[[135.098,-1.47],[135.099,-1.472],[135.098,-1.472],[135.098,-1.47]]],[[[135.019,-1.482],[135.017,-1.487],[135.013,-1.484],[135.019,-1.482]]],[[[135.01,-1.471],[135.007,-1.473],[135.008,-1.472],[135.01,-1.471]]],[[[134.927,-0.954],[134.948,-1.002],[134.937,-1.021],[134.94,-1.044],[134.921,-1.07],[134.94,-1.072],[134.978,-1.011],[134.983,-1.072],[134.952,-1.128],[134.857,-1.137],[134.836,-1.105],[134.844,-1.087],[134.795,-1.033],[134.81,-0.982],[134.793,-0.981],[134.845,-0.931],[134.927,-0.954]]],[[[134.952,-1.014],[134.945,-1.024],[134.949,-1.014],[134.952,-1.014]]],[[[134.948,-1.013],[134.951,-1.01],[134.951,-1.013],[134.948,-1.013]]],[[[134.946,-1.037],[134.944,-1.024],[134.95,-1.028],[134.946,-1.037]]],[[[134.938,-1.026],[134.945,-1.015],[134.939,-1.027],[134.938,-1.026]]],[[[134.79,-0.993],[134.792,-0.996],[134.79,-0.997],[134.79,-0.993]]],[[[134.784,-1.094],[134.786,-1.09],[134.787,-1.099],[134.784,-1.094]]],[[[134.338,0.93],[134.341,0.918],[134.323,0.907],[134.338,0.93]]],[[[134.306,0.838],[134.297,0.805],[134.304,0.844],[134.306,0.838]]],[[[134.296,0.937],[134.302,0.937],[134.303,0.934],[134.296,0.937]]]]}},{"type":"Feature","properties":{"id":"PPB","name":"Papua Barat","region":"Papua Maluku","tz":"WIT","population_m":0.56,"districts":7,"center":[134.0397,-2.4846],"bbox":[131.999,-4.257,135.258,-0.714]},"geometry":{"type":"MultiPolygon","coordinates":[[[[132.853,-3.963],[132.784,-3.834],[132.788,-3.796],[132.736,-3.693],[132.731,-3.642],[132.896,-3.651],[132.91,-3.585],[132.946,-3.561],[132.913,-3.553],[132.927,-3.542],[132.905,-3.538],[132.888,-3.492],[132.902,-3.47],[132.859,-3.483],[132.82,-3.454],[132.804,-3.365],[132.846,-3.304],[132.813,-3.299],[132.813,-3.268],[132.789,-3.282],[132.776,-3.263],[132.732,-3.286],[132.733,-3.342],[132.666,-3.321],[132.599,-3.235],[132.642,-3.224],[132.641,-3.188],[132.559,-3.157],[132.556,-3.137],[132.577,-3.137],[132.562,-3.113],[132.42,-2.995],[132.352,-2.969],[132.352,-2.939],[132.344,-2.952],[132.314,-2.923],[132.271,-2.934],[132.207,-2.911],[132.202,-2.934],[132.184,-2.922],[132.146,-2.946],[132.105,-2.932],[132.119,-2.954],[132.087,-2.963],[132.059,-2.89],[132.044,-2.927],[132.032,-2.901],[132.002,-2.899],[132.002,-2.879],[132.032,-2.876],[132.023,-2.854],[132.039,-2.84],[132.008,-2.836],[132.006,-2.82],[132.069,-2.791],[132.034,-2.771],[132.004,-2.781],[132.0,-2.758],[132.051,-2.732],[132.067,-2.751],[132.074,-2.728],[132.098,-2.749],[132.098,-2.709],[132.123,-2.727],[132.13,-2.712],[132.146,-2.724],[132.208,-2.703],[132.113,-2.697],[132.143,-2.666],[132.323,-2.661],[132.395,-2.69],[132.44,-2.68],[132.421,-2.7],[132.458,-2.716],[132.436,-2.74],[132.496,-2.711],[132.471,-2.694],[132.488,-2.683],[132.589,-2.695],[132.697,-2.792],[132.744,-2.806],[132.792,-2.786],[132.889,-2.694],[133.053,-2.492],[133.129,-2.438],[133.247,-2.418],[133.32,-2.452],[133.347,-2.484],[133.385,-2.514],[133.387,-2.548],[133.412,-2.547],[133.448,-2.503],[133.459,-2.555],[133.432,-2.543],[133.416,-2.545],[133.468,-2.558],[133.484,-2.507],[133.527,-2.58],[133.546,-2.55],[133.588,-2.569],[133.645,-2.534],[133.702,-2.567],[133.71,-2.502],[133.797,-2.517],[133.797,-2.481],[133.768,-2.479],[133.742,-2.449],[133.757,-2.422],[133.837,-2.412],[133.878,-2.386],[134.001,-2.393],[133.897,-2.377],[133.861,-2.333],[133.874,-2.313],[133.947,-2.3],[133.965,-2.238],[133.955,-2.171],[133.934,-2.301],[133.871,-2.278],[133.829,-2.292],[133.779,-2.24],[133.865,-2.202],[133.889,-2.148],[133.915,-2.143],[133.94,-2.111],[133.939,-2.092],[133.933,-2.09],[133.888,-2.109],[133.858,-2.097],[133.834,-2.136],[133.774,-2.168],[133.731,-2.156],[133.709,-2.198],[133.68,-2.198],[133.638,-2.233],[133.623,-2.217],[133.592,-2.222],[133.6,-2.176],[133.573,-2.221],[133.532,-2.237],[133.432,-2.226],[133.414,-2.207],[133.315,-2.214],[133.286,-2.192],[133.231,-2.215],[133.18,-2.194],[133.098,-2.233],[133.039,-2.237],[132.968,-2.292],[132.901,-2.278],[132.843,-2.24],[132.765,-2.257],[132.719,-2.299],[132.651,-2.286],[132.611,-2.208],[132.591,-2.19],[132.542,-2.19],[132.506,-2.124],[132.471,-1.913],[132.487,-1.805],[132.568,-1.594],[132.6,-1.415],[132.72,-1.219],[132.709,-1.16],[133.334,-1.275],[133.367,-1.195],[133.456,-1.07],[133.469,-1.019],[133.517,-0.999],[133.488,-0.887],[133.47,-0.884],[133.473,-0.81],[133.509,-0.744],[133.551,-0.747],[133.571,-0.72],[133.72,-0.751],[133.74,-0.718],[133.795,-0.725],[133.813,-0.748],[133.877,-0.714],[133.933,-0.733],[133.946,-0.714],[133.973,-0.72],[134.01,-0.778],[134.137,-0.864],[134.12,-0.88],[134.069,-0.858],[134.069,-0.876],[134.05,-0.869],[134.044,-0.925],[134.021,-0.929],[134.01,-0.955],[134.071,-1.021],[134.074,-1.069],[134.106,-1.126],[134.193,-1.197],[134.28,-1.343],[134.247,-1.353],[134.215,-1.406],[134.199,-1.548],[134.121,-1.636],[134.07,-1.653],[134.1,-1.767],[134.102,-1.862],[134.122,-1.864],[134.135,-1.957],[134.154,-1.966],[134.138,-1.966],[134.132,-2.031],[134.104,-2.053],[134.121,-2.164],[134.145,-2.159],[134.139,-2.239],[134.157,-2.247],[134.176,-2.355],[134.216,-2.424],[134.262,-2.436],[134.277,-2.469],[134.265,-2.481],[134.301,-2.508],[134.32,-2.509],[134.287,-2.522],[134.312,-2.519],[134.341,-2.555],[134.342,-2.579],[134.32,-2.591],[134.335,-2.588],[134.375,-2.647],[134.368,-2.67],[134.408,-2.723],[134.407,-2.77],[134.456,-2.815],[134.456,-2.867],[134.495,-2.867],[134.521,-2.797],[134.46,-2.552],[134.512,-2.486],[134.568,-2.488],[134.513,-2.478],[134.551,-2.475],[134.531,-2.452],[134.599,-2.489],[134.704,-3.346],[134.726,-3.364],[134.727,-3.409],[134.636,-3.543],[135.258,-3.752],[135.002,-4.106],[134.857,-4.254],[134.81,-4.252],[134.759,-4.206],[134.719,-4.198],[134.706,-4.138],[134.622,-4.118],[134.652,-4.074],[134.719,-4.056],[134.665,-4.036],[134.658,-3.98],[134.724,-3.957],[134.761,-3.93],[134.856,-3.948],[134.861,-3.979],[134.946,-3.979],[134.968,-3.958],[134.959,-3.944],[134.905,-3.952],[134.931,-3.932],[134.885,-3.929],[134.874,-3.947],[134.76,-3.913],[134.736,-3.936],[134.705,-3.917],[134.655,-3.921],[134.665,-3.934],[134.625,-3.95],[134.606,-3.996],[134.574,-3.997],[134.546,-4.033],[134.511,-4.041],[134.504,-4.014],[134.451,-3.982],[134.475,-3.982],[134.477,-3.966],[134.44,-3.917],[134.403,-3.918],[134.335,-3.877],[134.321,-3.883],[134.362,-3.915],[134.346,-3.911],[134.353,-3.964],[134.271,-3.936],[134.335,-4.018],[134.303,-4.046],[134.245,-3.968],[134.231,-3.977],[134.184,-3.946],[134.169,-3.893],[134.104,-3.898],[134.195,-3.831],[134.178,-3.777],[134.161,-3.782],[134.143,-3.746],[134.103,-3.77],[134.121,-3.792],[134.065,-3.823],[134.043,-3.785],[133.99,-3.825],[133.965,-3.864],[133.917,-3.785],[133.921,-3.756],[133.946,-3.776],[133.911,-3.704],[133.847,-3.638],[133.84,-3.559],[133.789,-3.618],[133.818,-3.731],[133.755,-3.65],[133.696,-3.675],[133.706,-3.59],[133.628,-3.48],[133.641,-3.474],[133.642,-3.452],[133.669,-3.449],[133.684,-3.439],[133.703,-3.41],[133.673,-3.323],[133.672,-3.245],[133.709,-3.213],[133.706,-3.174],[133.779,-3.175],[133.778,-3.119],[133.811,-3.121],[133.835,-3.093],[133.842,-3.025],[133.902,-3.087],[133.896,-3.095],[133.896,-3.113],[133.923,-3.105],[133.898,-3.1],[133.904,-3.087],[133.952,-3.08],[133.954,-3.074],[133.963,-3.072],[133.971,-3.062],[133.954,-3.073],[133.951,-3.079],[133.897,-3.076],[133.868,-3.029],[133.862,-2.967],[133.879,-2.953],[133.801,-3.014],[133.799,-3.03],[133.769,-3.023],[133.699,-3.027],[133.758,-3.033],[133.73,-3.044],[133.673,-3.125],[133.658,-3.123],[133.678,-3.213],[133.656,-3.236],[133.671,-3.344],[133.643,-3.415],[133.569,-3.432],[133.549,-3.411],[133.56,-3.434],[133.546,-3.443],[133.467,-3.407],[133.556,-3.46],[133.602,-3.531],[133.587,-3.574],[133.496,-3.622],[133.509,-3.591],[133.497,-3.572],[133.513,-3.565],[133.515,-3.531],[133.495,-3.565],[133.435,-3.512],[133.398,-3.507],[133.449,-3.545],[133.285,-3.532],[133.351,-3.553],[133.455,-3.548],[133.489,-3.561],[133.501,-3.589],[133.48,-3.607],[133.495,-3.628],[133.414,-3.7],[133.399,-3.74],[133.465,-3.861],[133.391,-3.881],[133.332,-3.858],[133.333,-3.842],[133.326,-3.867],[133.394,-3.886],[133.419,-3.882],[133.334,-4.001],[133.231,-3.998],[133.14,-4.079],[133.001,-4.061],[132.964,-4.08],[132.944,-4.124],[132.867,-4.092],[132.877,-4.057],[132.849,-4.02],[132.849,-3.968],[132.812,-3.946],[132.821,-3.922],[132.853,-3.963]]],[[[134.904,-3.939],[134.893,-3.945],[134.898,-3.938],[134.904,-3.939]]],[[[134.768,-2.214],[134.768,-2.208],[134.77,-2.214],[134.768,-2.214]]],[[[134.739,-2.148],[134.741,-2.159],[134.737,-2.149],[134.739,-2.148]]],[[[134.741,-2.019],[134.747,-2.042],[134.741,-2.053],[134.725,-2.026],[134.741,-2.019]]],[[[134.687,-3.96],[134.681,-3.934],[134.733,-3.947],[134.71,-3.952],[134.687,-3.96]]],[[[134.729,-2.074],[134.723,-2.083],[134.725,-2.072],[134.729,-2.074]]],[[[134.718,-2.063],[134.721,-2.066],[134.717,-2.065],[134.718,-2.063]]],[[[134.703,-1.99],[134.698,-1.984],[134.703,-1.984],[134.703,-1.99]]],[[[134.701,-1.98],[134.703,-1.977],[134.703,-1.98],[134.701,-1.98]]],[[[134.588,-2.398],[134.561,-2.405],[134.577,-2.422],[134.562,-2.444],[134.531,-2.431],[134.562,-2.418],[134.509,-2.398],[134.521,-2.386],[134.504,-2.362],[134.56,-2.37],[134.563,-2.284],[134.588,-2.398]]],[[[134.548,-2.355],[134.542,-2.354],[134.549,-2.353],[134.548,-2.355]]],[[[134.531,-2.439],[134.532,-2.437],[134.537,-2.438],[134.531,-2.439]]],[[[134.526,-2.302],[134.524,-2.313],[134.518,-2.301],[134.526,-2.302]]],[[[134.522,-2.434],[134.522,-2.441],[134.518,-2.438],[134.522,-2.434]]],[[[134.518,-2.345],[134.501,-2.352],[134.502,-2.346],[134.518,-2.345]]],[[[134.523,-2.458],[134.521,-2.453],[134.525,-2.456],[134.523,-2.458]]],[[[134.519,-2.425],[134.521,-2.428],[134.518,-2.429],[134.519,-2.425]]],[[[134.478,-2.213],[134.495,-2.217],[134.475,-2.244],[134.478,-2.213]]],[[[134.466,-2.311],[134.491,-2.307],[134.463,-2.326],[134.466,-2.311]]],[[[134.484,-2.857],[134.475,-2.858],[134.48,-2.852],[134.484,-2.857]]],[[[134.463,-2.824],[134.458,-2.824],[134.46,-2.82],[134.463,-2.824]]],[[[134.383,-3.985],[134.441,-4.02],[134.365,-4.031],[134.386,-4.015],[134.383,-3.985]]],[[[134.405,-2.073],[134.383,-2.084],[134.389,-2.103],[134.348,-2.167],[134.335,-2.109],[134.311,-2.093],[134.328,-2.091],[134.317,-2.072],[134.373,-1.992],[134.405,-2.0],[134.405,-2.073]]],[[[134.393,-2.576],[134.37,-2.551],[134.378,-2.523],[134.396,-2.541],[134.393,-2.576]]],[[[134.309,-2.501],[134.302,-2.485],[134.305,-2.482],[134.309,-2.501]]],[[[134.283,-2.477],[134.282,-2.473],[134.285,-2.472],[134.283,-2.477]]],[[[134.261,-4.042],[134.222,-3.993],[134.258,-4.014],[134.261,-4.042]]],[[[134.215,-1.797],[134.207,-1.782],[134.195,-1.793],[134.197,-1.827],[134.205,-1.81],[134.215,-1.83],[134.167,-1.951],[134.15,-1.907],[134.135,-1.908],[134.147,-1.901],[134.148,-1.829],[134.18,-1.796],[134.203,-1.754],[134.202,-1.738],[134.222,-1.734],[134.24,-1.746],[134.215,-1.797]]],[[[134.206,-1.805],[134.208,-1.803],[134.21,-1.809],[134.206,-1.805]]],[[[134.101,-3.914],[134.181,-4.008],[134.204,-4.013],[134.205,-4.028],[134.093,-3.987],[134.052,-3.923],[134.101,-3.914]]],[[[134.198,-1.757],[134.198,-1.749],[134.2,-1.749],[134.198,-1.757]]],[[[134.169,-3.8],[134.167,-3.794],[134.169,-3.793],[134.169,-3.8]]],[[[134.154,-2.054],[134.148,-2.037],[134.151,-2.003],[134.159,-2.025],[134.154,-2.054]]],[[[134.154,-2.071],[134.154,-2.066],[134.156,-2.07],[134.154,-2.071]]],[[[134.149,-2.079],[134.152,-2.086],[134.151,-2.087],[134.149,-2.079]]],[[[134.15,-1.943],[134.147,-1.945],[134.148,-1.941],[134.15,-1.943]]],[[[134.145,-1.955],[134.146,-1.958],[134.141,-1.957],[134.145,-1.955]]],[[[134.137,-2.141],[134.14,-2.14],[134.139,-2.142],[134.137,-2.141]]],[[[134.139,-1.891],[134.133,-1.886],[134.135,-1.882],[134.139,-1.891]]],[[[134.134,-2.023],[134.137,-2.024],[134.135,-2.025],[134.134,-2.023]]],[[[134.112,-0.914],[134.09,-0.896],[134.099,-0.889],[134.112,-0.914]]],[[[134.096,-3.839],[134.098,-3.839],[134.097,-3.841],[134.096,-3.839]]],[[[134.078,-0.888],[134.083,-0.886],[134.084,-0.887],[134.078,-0.888]]],[[[134.041,-3.908],[134.051,-3.908],[134.049,-3.911],[134.041,-3.908]]],[[[134.025,-3.813],[134.043,-3.843],[134.002,-3.853],[134.002,-3.822],[134.025,-3.813]]],[[[134.033,-3.867],[134.011,-3.858],[134.04,-3.85],[134.033,-3.867]]],[[[134.013,-3.815],[134.009,-3.815],[134.014,-3.813],[134.013,-3.815]]],[[[133.996,-0.742],[133.993,-0.737],[133.995,-0.735],[133.996,-0.742]]],[[[133.93,-3.883],[133.938,-3.883],[133.932,-3.888],[133.93,-3.883]]],[[[133.936,-2.096],[133.926,-2.103],[133.934,-2.095],[133.936,-2.096]]],[[[133.875,-3.721],[133.932,-3.858],[133.926,-3.879],[133.887,-3.8],[133.875,-3.721]]],[[[133.927,-2.115],[133.912,-2.133],[133.893,-2.134],[133.893,-2.112],[133.927,-2.115]]],[[[133.86,-2.101],[133.886,-2.113],[133.883,-2.141],[133.852,-2.13],[133.86,-2.101]]],[[[133.862,-2.179],[133.856,-2.161],[133.876,-2.163],[133.862,-2.179]]],[[[133.839,-2.147],[133.873,-2.151],[133.85,-2.161],[133.856,-2.189],[133.79,-2.196],[133.839,-2.147]]],[[[133.801,-3.11],[133.767,-3.08],[133.774,-3.055],[133.8,-3.089],[133.801,-3.11]]],[[[133.779,-2.181],[133.705,-2.242],[133.686,-2.232],[133.734,-2.177],[133.779,-2.181]]],[[[133.771,-3.117],[133.774,-3.121],[133.768,-3.125],[133.771,-3.117]]],[[[133.688,-2.267],[133.732,-2.23],[133.772,-2.218],[133.758,-2.251],[133.688,-2.267]]],[[[133.658,-2.493],[133.682,-2.5],[133.691,-2.543],[133.656,-2.518],[133.658,-2.493]]],[[[133.68,-3.439],[133.678,-3.434],[133.682,-3.434],[133.68,-3.439]]],[[[133.639,-2.525],[133.615,-2.501],[133.632,-2.493],[133.639,-2.525]]],[[[133.637,-3.47],[133.629,-3.471],[133.633,-3.465],[133.637,-3.47]]],[[[133.625,-3.457],[133.602,-3.434],[133.616,-3.422],[133.634,-3.433],[133.625,-3.457]]],[[[133.612,-2.238],[133.623,-2.224],[133.633,-2.234],[133.612,-2.238]]],[[[133.619,-2.537],[133.584,-2.565],[133.599,-2.541],[133.619,-2.537]]],[[[133.486,-2.399],[133.576,-2.444],[133.594,-2.478],[133.57,-2.509],[133.494,-2.468],[133.487,-2.432],[133.458,-2.411],[133.486,-2.399]]],[[[133.433,-2.503],[133.432,-2.482],[133.449,-2.487],[133.448,-2.498],[133.433,-2.503]]],[[[133.373,-2.496],[133.324,-2.445],[133.331,-2.425],[133.367,-2.447],[133.373,-2.496]]],[[[133.24,-4.142],[133.291,-4.19],[133.342,-4.205],[133.347,-4.235],[133.328,-4.254],[133.276,-4.257],[133.261,-4.217],[133.2,-4.182],[133.199,-4.102],[133.233,-4.112],[133.24,-4.142]]],[[[132.969,-4.083],[132.973,-4.081],[132.973,-4.085],[132.969,-4.083]]],[[[132.909,-4.129],[132.904,-4.123],[132.906,-4.122],[132.909,-4.129]]],[[[132.805,-3.307],[132.813,-3.316],[132.806,-3.316],[132.805,-3.307]]],[[[132.753,-3.531],[132.764,-3.501],[132.764,-3.541],[132.753,-3.531]]],[[[132.752,-3.486],[132.762,-3.459],[132.767,-3.484],[132.752,-3.486]]],[[[132.666,-3.41],[132.724,-3.483],[132.715,-3.516],[132.68,-3.496],[132.683,-3.457],[132.639,-3.435],[132.634,-3.409],[132.666,-3.41]]],[[[132.565,-2.656],[132.54,-2.65],[132.575,-2.651],[132.565,-2.656]]],[[[132.441,-3.102],[132.546,-3.142],[132.546,-3.154],[132.479,-3.137],[132.441,-3.102]]],[[[132.508,-2.637],[132.506,-2.657],[132.474,-2.669],[132.454,-2.646],[132.468,-2.655],[132.459,-2.635],[132.472,-2.626],[132.508,-2.637]]],[[[132.495,-2.67],[132.488,-2.673],[132.488,-2.671],[132.495,-2.67]]],[[[132.462,-2.624],[132.464,-2.623],[132.463,-2.627],[132.462,-2.624]]],[[[132.446,-2.641],[132.447,-2.646],[132.446,-2.644],[132.446,-2.641]]],[[[132.445,-2.617],[132.449,-2.619],[132.447,-2.621],[132.445,-2.617]]],[[[132.444,-2.649],[132.445,-2.645],[132.447,-2.649],[132.444,-2.649]]],[[[132.435,-2.62],[132.437,-2.622],[132.435,-2.622],[132.435,-2.62]]],[[[132.428,-2.62],[132.432,-2.62],[132.43,-2.621],[132.428,-2.62]]],[[[132.414,-2.605],[132.405,-2.609],[132.407,-2.604],[132.414,-2.605]]],[[[132.172,-2.972],[132.305,-2.982],[132.321,-2.996],[132.185,-2.984],[132.172,-2.972]]],[[[132.114,-2.976],[132.131,-2.97],[132.141,-2.972],[132.136,-2.976],[132.114,-2.976]]],[[[132.118,-2.942],[132.123,-2.944],[132.121,-2.945],[132.118,-2.942]]],[[[132.083,-2.683],[132.076,-2.702],[132.056,-2.702],[132.06,-2.688],[132.083,-2.683]]],[[[132.0,-2.95],[132.011,-2.944],[132.015,-2.949],[132.0,-2.95]]]]}},{"type":"Feature","properties":{"id":"PBD","name":"Papua Barat Daya","region":"Papua Maluku","tz":"WIT","population_m":0.62,"districts":6,"center":[131.8468,-1.3071],"bbox":[129.308,-2.28,133.517,0.582]},"geometry":{"type":"MultiPolygon","coordinates":[[[[132.506,-2.124],[132.542,-2.19],[132.316,-2.28],[132.223,-2.177],[132.182,-2.147],[132.144,-2.147],[132.049,-2.062],[132.04,-2.073],[132.044,-2.052],[132.096,-2.02],[132.042,-2.023],[131.971,-1.968],[131.991,-1.928],[131.96,-1.922],[131.926,-1.868],[131.961,-1.84],[131.962,-1.828],[131.95,-1.845],[131.924,-1.814],[132.041,-1.717],[132.0,-1.67],[131.983,-1.703],[131.914,-1.722],[131.884,-1.648],[131.905,-1.595],[131.954,-1.565],[131.956,-1.557],[131.846,-1.584],[131.807,-1.615],[131.769,-1.572],[131.724,-1.584],[131.68,-1.548],[131.661,-1.561],[131.487,-1.486],[131.444,-1.515],[131.38,-1.459],[131.429,-1.423],[131.402,-1.432],[131.376,-1.412],[131.363,-1.364],[131.313,-1.412],[131.339,-1.454],[131.322,-1.486],[131.211,-1.536],[131.163,-1.468],[131.093,-1.449],[130.993,-1.465],[130.94,-1.447],[130.936,-1.427],[130.996,-1.386],[131.046,-1.265],[131.083,-1.24],[131.121,-1.249],[131.174,-1.229],[131.214,-1.151],[131.241,-1.039],[131.277,-0.994],[131.268,-0.92],[131.301,-0.922],[131.243,-0.877],[131.248,-0.851],[131.225,-0.821],[131.4,-0.782],[131.499,-0.739],[131.54,-0.742],[131.513,-0.77],[131.519,-0.775],[131.616,-0.741],[131.818,-0.715],[131.885,-0.678],[131.914,-0.625],[131.983,-0.565],[132.059,-0.536],[132.079,-0.483],[132.162,-0.425],[132.244,-0.401],[132.257,-0.379],[132.344,-0.378],[132.43,-0.344],[132.71,-0.357],[132.714,-0.374],[132.88,-0.448],[132.962,-0.441],[132.962,-0.475],[133.002,-0.482],[133.016,-0.53],[133.025,-0.513],[133.082,-0.517],[133.096,-0.546],[133.152,-0.546],[133.163,-0.572],[133.226,-0.6],[133.322,-0.699],[133.389,-0.74],[133.508,-0.743],[133.473,-0.81],[133.47,-0.884],[133.488,-0.887],[133.517,-0.999],[133.469,-1.019],[133.456,-1.07],[133.367,-1.195],[133.334,-1.275],[132.709,-1.16],[132.72,-1.219],[132.6,-1.415],[132.568,-1.594],[132.475,-1.858],[132.473,-1.974],[132.506,-2.124]]],[[[130.62,-0.127],[130.629,-0.145],[130.615,-0.134],[130.614,-0.147],[130.653,-0.155],[130.717,-0.24],[130.739,-0.284],[130.726,-0.298],[130.76,-0.294],[130.806,-0.32],[130.821,-0.296],[130.843,-0.302],[130.844,-0.315],[130.859,-0.321],[130.888,-0.326],[130.915,-0.314],[130.941,-0.361],[130.916,-0.371],[130.932,-0.392],[130.876,-0.43],[130.79,-0.451],[130.724,-0.446],[130.696,-0.367],[130.669,-0.344],[130.702,-0.33],[130.675,-0.295],[130.568,-0.325],[130.554,-0.374],[130.58,-0.368],[130.585,-0.387],[130.558,-0.434],[130.538,-0.437],[130.551,-0.399],[130.537,-0.391],[130.538,-0.313],[130.509,-0.301],[130.518,-0.251],[130.456,-0.263],[130.426,-0.292],[130.423,-0.264],[130.367,-0.266],[130.383,-0.279],[130.375,-0.284],[130.333,-0.259],[130.304,-0.277],[130.309,-0.256],[130.28,-0.23],[130.209,-0.216],[130.329,-0.222],[130.357,-0.204],[130.365,-0.242],[130.44,-0.198],[130.417,-0.178],[130.367,-0.184],[130.415,-0.166],[130.417,-0.137],[130.395,-0.128],[130.409,-0.163],[130.372,-0.172],[130.358,-0.139],[130.353,-0.161],[130.323,-0.142],[130.344,-0.192],[130.293,-0.178],[130.294,-0.151],[130.269,-0.142],[130.282,-0.094],[130.33,-0.112],[130.34,-0.079],[130.349,-0.134],[130.371,-0.116],[130.358,-0.075],[130.392,-0.076],[130.387,-0.109],[130.401,-0.114],[130.422,-0.103],[130.414,-0.086],[130.426,-0.073],[130.434,-0.097],[130.447,-0.079],[130.512,-0.066],[130.496,-0.046],[130.54,-0.074],[130.535,-0.055],[130.568,-0.071],[130.557,-0.034],[130.575,-0.058],[130.581,-0.041],[130.625,-0.062],[130.724,-0.028],[130.705,-0.06],[130.764,-0.055],[130.781,-0.044],[130.736,-0.027],[130.81,-0.008],[130.95,-0.039],[130.963,-0.066],[130.981,-0.059],[130.975,-0.04],[131.003,-0.049],[131.045,-0.026],[131.05,-0.056],[131.03,-0.065],[131.149,-0.085],[131.19,-0.134],[131.235,-0.151],[131.253,-0.14],[131.307,-0.188],[131.293,-0.247],[131.337,-0.298],[131.305,-0.307],[131.276,-0.35],[131.244,-0.346],[131.244,-0.387],[131.195,-0.376],[131.176,-0.342],[131.1,-0.33],[131.099,-0.314],[131.022,-0.367],[130.989,-0.344],[130.985,-0.369],[130.94,-0.352],[130.917,-0.308],[130.898,-0.309],[130.861,-0.24],[130.794,-0.248],[130.783,-0.174],[130.727,-0.148],[130.702,-0.094],[130.675,-0.097],[130.695,-0.078],[130.631,-0.095],[130.611,-0.08],[130.6,-0.092],[130.615,-0.106],[130.649,-0.104],[130.62,-0.127]]],[[[130.652,-0.123],[130.646,-0.116],[130.66,-0.116],[130.652,-0.123]]],[[[131.279,-1.546],[131.3,-1.533],[131.313,-1.546],[131.279,-1.546]]],[[[131.273,-0.905],[131.274,-0.907],[131.272,-0.906],[131.273,-0.905]]],[[[131.271,-0.905],[131.268,-0.903],[131.272,-0.904],[131.271,-0.905]]],[[[131.267,-0.933],[131.268,-0.934],[131.269,-0.935],[131.267,-0.933]]],[[[131.265,-0.926],[131.265,-0.929],[131.264,-0.928],[131.265,-0.926]]],[[[131.264,-0.919],[131.264,-0.922],[131.262,-0.921],[131.264,-0.919]]],[[[131.252,-0.933],[131.264,-0.932],[131.262,-0.936],[131.252,-0.933]]],[[[131.261,-0.917],[131.264,-0.918],[131.261,-0.92],[131.261,-0.917]]],[[[131.253,-0.927],[131.249,-0.93],[131.251,-0.926],[131.253,-0.927]]],[[[131.25,-0.924],[131.245,-0.922],[131.251,-0.922],[131.25,-0.924]]],[[[131.23,-1.014],[131.244,-1.02],[131.228,-1.021],[131.23,-1.014]]],[[[131.24,-0.889],[131.237,-0.884],[131.241,-0.886],[131.24,-0.889]]],[[[131.219,-1.077],[131.236,-1.056],[131.224,-1.083],[131.219,-1.077]]],[[[131.23,-0.903],[131.23,-0.912],[131.229,-0.903],[131.23,-0.903]]],[[[131.18,0.572],[131.222,0.568],[131.223,0.556],[131.18,0.572]]],[[[131.221,-0.842],[131.207,-0.838],[131.214,-0.834],[131.221,-0.842]]],[[[131.189,-0.893],[131.21,-0.883],[131.185,-0.898],[131.189,-0.893]]],[[[131.144,0.516],[131.183,0.488],[131.181,0.482],[131.149,0.501],[131.144,0.516]]],[[[131.177,-1.088],[131.166,-1.092],[131.176,-1.085],[131.177,-1.088]]],[[[131.172,-1.062],[131.159,-1.081],[131.17,-1.06],[131.172,-1.062]]],[[[131.165,-1.039],[131.154,-1.07],[131.157,-1.035],[131.165,-1.039]]],[[[131.151,-0.995],[131.148,-0.998],[131.149,-0.994],[131.151,-0.995]]],[[[131.084,-1.084],[131.09,-1.077],[131.092,-1.081],[131.084,-1.084]]],[[[131.092,-1.074],[131.092,-1.002],[131.143,-0.996],[131.147,-1.016],[131.117,-1.044],[131.136,-1.044],[131.13,-1.069],[131.109,-1.059],[131.107,-1.08],[131.092,-1.074]]],[[[131.147,0.39],[131.132,0.394],[131.135,0.414],[131.144,0.407],[131.147,0.39]]],[[[131.129,-0.913],[131.116,-0.93],[131.114,-0.931],[131.129,-0.913]]],[[[131.097,-0.947],[131.097,-0.943],[131.108,-0.936],[131.097,-0.947]]],[[[131.108,-1.114],[131.106,-1.112],[131.108,-1.111],[131.108,-1.114]]],[[[131.101,-1.084],[131.096,-1.086],[131.095,-1.083],[131.101,-1.084]]],[[[131.096,-1.127],[131.093,-1.128],[131.098,-1.122],[131.096,-1.127]]],[[[131.082,-1.112],[131.085,-1.112],[131.084,-1.114],[131.082,-1.112]]],[[[131.043,-1.243],[130.965,-1.363],[130.799,-1.26],[130.766,-1.259],[130.744,-1.225],[130.748,-1.197],[130.728,-1.182],[130.736,-1.164],[130.679,-1.111],[130.717,-1.097],[130.718,-1.078],[130.634,-0.962],[130.788,-0.932],[130.832,-0.897],[130.919,-0.89],[130.936,-0.943],[131.03,-0.912],[131.056,-0.961],[131.079,-0.969],[131.059,-1.007],[131.083,-1.01],[131.045,-1.154],[131.043,-1.187],[131.024,-1.196],[131.043,-1.243]]],[[[131.047,0.361],[131.056,0.376],[131.031,0.383],[131.049,0.4],[131.08,0.363],[131.047,0.361]]],[[[131.075,-1.082],[131.079,-1.082],[131.076,-1.084],[131.075,-1.082]]],[[[131.078,-0.053],[131.064,-0.05],[131.062,-0.045],[131.074,-0.039],[131.078,-0.053]]],[[[131.073,-1.135],[131.065,-1.139],[131.073,-1.13],[131.073,-1.135]]],[[[131.047,-1.17],[131.057,-1.153],[131.054,-1.19],[131.047,-1.17]]],[[[131.051,-1.192],[131.055,-1.193],[131.053,-1.194],[131.051,-1.192]]],[[[131.033,-0.889],[131.028,-0.884],[131.03,-0.885],[131.033,-0.889]]],[[[131.018,-1.311],[131.011,-1.3],[131.018,-1.296],[131.025,-1.298],[131.018,-1.311]]],[[[130.921,0.009],[130.961,0.008],[130.92,-0.012],[130.921,0.009]]],[[[130.935,-0.021],[130.953,-0.026],[130.943,-0.037],[130.935,-0.021]]],[[[130.822,-0.781],[130.841,-0.767],[130.841,-0.789],[130.856,-0.806],[130.866,-0.794],[130.844,-0.78],[130.851,-0.766],[130.868,-0.779],[130.893,-0.764],[130.925,-0.785],[130.856,-0.812],[130.898,-0.833],[130.872,-0.848],[130.864,-0.834],[130.857,-0.854],[130.844,-0.843],[130.834,-0.865],[130.58,-0.915],[130.509,-0.92],[130.518,-0.898],[130.468,-0.898],[130.471,-0.92],[130.453,-0.9],[130.389,-0.926],[130.411,-0.898],[130.461,-0.891],[130.432,-0.864],[130.455,-0.855],[130.451,-0.808],[130.476,-0.82],[130.478,-0.792],[130.502,-0.798],[130.485,-0.833],[130.543,-0.841],[130.567,-0.794],[130.582,-0.833],[130.632,-0.792],[130.662,-0.829],[130.686,-0.82],[130.671,-0.799],[130.712,-0.813],[130.714,-0.831],[130.793,-0.795],[130.788,-0.82],[130.807,-0.803],[130.817,-0.823],[130.798,-0.756],[130.822,-0.781]]],[[[130.898,-0.823],[130.897,-0.814],[130.907,-0.814],[130.898,-0.823]]],[[[130.897,0.026],[130.867,0.016],[130.868,0.033],[130.897,0.026]]],[[[130.884,-0.323],[130.849,-0.316],[130.846,-0.305],[130.878,-0.306],[130.884,-0.323]]],[[[130.817,-0.479],[130.803,-0.477],[130.816,-0.473],[130.817,-0.479]]],[[[130.787,-0.756],[130.768,-0.801],[130.756,-0.778],[130.772,-0.754],[130.787,-0.756]]],[[[130.751,-0.785],[130.755,-0.787],[130.752,-0.788],[130.751,-0.785]]],[[[130.741,-0.793],[130.716,-0.774],[130.733,-0.786],[130.747,-0.768],[130.741,-0.793]]],[[[130.7,-0.795],[130.711,-0.793],[130.71,-0.796],[130.7,-0.795]]],[[[130.704,-0.701],[130.701,-0.701],[130.708,-0.695],[130.704,-0.701]]],[[[130.695,-0.486],[130.698,-0.489],[130.693,-0.49],[130.695,-0.486]]],[[[130.688,-0.483],[130.693,-0.479],[130.694,-0.481],[130.688,-0.483]]],[[[130.607,-0.405],[130.694,-0.455],[130.651,-0.523],[130.572,-0.546],[130.566,-0.531],[130.592,-0.533],[130.59,-0.5],[130.611,-0.492],[130.572,-0.471],[130.541,-0.521],[130.451,-0.52],[130.508,-0.497],[130.462,-0.492],[130.455,-0.465],[130.485,-0.465],[130.465,-0.453],[130.483,-0.44],[130.519,-0.478],[130.562,-0.434],[130.613,-0.428],[130.607,-0.405]]],[[[130.682,-0.417],[130.686,-0.423],[130.678,-0.423],[130.682,-0.417]]],[[[130.662,-0.146],[130.683,-0.132],[130.69,-0.139],[130.662,-0.146]]],[[[130.686,-0.568],[130.671,-0.577],[130.66,-0.576],[130.686,-0.568]]],[[[130.674,-0.32],[130.652,-0.325],[130.663,-0.31],[130.674,-0.32]]],[[[130.674,-0.112],[130.674,-0.114],[130.666,-0.112],[130.674,-0.112]]],[[[130.666,-0.121],[130.663,-0.124],[130.661,-0.12],[130.666,-0.121]]],[[[130.662,-0.088],[130.661,-0.096],[130.658,-0.093],[130.662,-0.088]]],[[[130.66,-0.945],[130.648,-0.951],[130.636,-0.939],[130.647,-0.938],[130.66,-0.945]]],[[[130.658,-0.584],[130.551,-0.623],[130.601,-0.59],[130.658,-0.584]]],[[[130.643,-0.317],[130.647,-0.319],[130.642,-0.32],[130.643,-0.317]]],[[[130.638,-0.32],[130.637,-0.316],[130.639,-0.317],[130.638,-0.32]]],[[[130.611,-1.996],[130.603,-2.002],[130.604,-1.997],[130.611,-1.996]]],[[[130.612,-1.999],[130.627,-1.999],[130.618,-2.003],[130.612,-1.999]]],[[[130.56,-1.986],[130.6,-1.998],[130.547,-1.994],[130.56,-1.986]]],[[[130.574,-0.653],[130.575,-0.649],[130.577,-0.65],[130.574,-0.653]]],[[[130.553,-0.046],[130.553,-0.048],[130.551,-0.047],[130.553,-0.046]]],[[[130.542,-0.823],[130.52,-0.827],[130.508,-0.803],[130.549,-0.797],[130.542,-0.823]]],[[[130.546,-1.988],[130.544,-1.992],[130.54,-1.992],[130.546,-1.988]]],[[[130.534,-0.04],[130.538,-0.035],[130.541,-0.041],[130.534,-0.04]]],[[[130.52,-1.522],[130.517,-1.514],[130.523,-1.522],[130.52,-1.522]]],[[[130.511,-0.317],[130.493,-0.334],[130.477,-0.316],[130.486,-0.303],[130.511,-0.317]]],[[[130.486,-0.032],[130.51,-0.032],[130.513,-0.039],[130.486,-0.032]]],[[[130.513,-1.975],[130.51,-1.978],[130.51,-1.976],[130.513,-1.975]]],[[[130.503,-0.795],[130.506,-0.793],[130.505,-0.795],[130.503,-0.795]]],[[[130.494,-2.233],[130.5,-2.228],[130.5,-2.235],[130.494,-2.233]]],[[[130.489,-1.422],[130.491,-1.419],[130.492,-1.424],[130.489,-1.422]]],[[[130.489,-0.059],[130.481,-0.055],[130.49,-0.057],[130.489,-0.059]]],[[[130.476,-2.139],[130.483,-2.139],[130.482,-2.142],[130.476,-2.139]]],[[[130.483,-2.139],[130.489,-2.14],[130.486,-2.142],[130.483,-2.139]]],[[[130.485,-2.133],[130.483,-2.136],[130.482,-2.134],[130.485,-2.133]]],[[[130.481,-1.976],[130.483,-1.98],[130.477,-1.987],[130.481,-1.976]]],[[[130.475,-1.77],[130.477,-1.766],[130.477,-1.77],[130.475,-1.77]]],[[[130.473,-1.968],[130.477,-1.966],[130.475,-1.972],[130.473,-1.968]]],[[[130.476,-2.135],[130.445,-2.133],[130.44,-2.124],[130.476,-2.135]]],[[[130.398,-2.219],[130.468,-2.222],[130.476,-2.227],[130.398,-2.219]]],[[[130.475,-1.985],[130.472,-1.98],[130.474,-1.981],[130.475,-1.985]]],[[[130.467,-0.056],[130.464,-0.053],[130.471,-0.053],[130.467,-0.056]]],[[[130.263,-1.694],[130.256,-1.706],[130.249,-1.702],[130.263,-1.694]]],[[[130.264,-1.701],[130.342,-1.664],[130.377,-1.677],[130.346,-1.724],[130.416,-1.773],[130.454,-1.83],[130.409,-1.853],[130.407,-1.891],[130.336,-1.92],[130.365,-1.93],[130.363,-1.95],[130.432,-1.951],[130.419,-1.981],[130.445,-1.954],[130.423,-1.987],[130.408,-1.971],[130.383,-1.98],[130.414,-2.009],[130.46,-2.003],[130.47,-2.013],[130.454,-2.01],[130.363,-2.038],[130.393,-2.015],[130.323,-1.981],[130.343,-1.952],[130.288,-1.999],[130.293,-2.012],[130.248,-2.009],[130.272,-2.03],[130.254,-2.054],[130.117,-2.061],[130.091,-2.047],[130.108,-2.037],[130.088,-2.031],[130.093,-2.017],[130.01,-2.024],[130.018,-2.009],[129.984,-2.018],[129.979,-2.002],[129.96,-2.016],[129.942,-1.993],[129.857,-1.971],[129.718,-1.872],[129.742,-1.844],[129.804,-1.826],[129.812,-1.837],[129.897,-1.777],[129.977,-1.761],[130.054,-1.719],[130.121,-1.708],[130.13,-1.715],[130.254,-1.724],[130.264,-1.701]]],[[[130.466,-1.974],[130.469,-1.973],[130.467,-1.977],[130.466,-1.974]]],[[[130.466,-1.974],[130.465,-1.969],[130.467,-1.968],[130.466,-1.974]]],[[[130.447,-2.144],[130.464,-2.148],[130.446,-2.146],[130.447,-2.144]]],[[[130.451,-1.897],[130.463,-1.904],[130.449,-1.902],[130.451,-1.897]]],[[[130.456,-2.072],[130.438,-2.062],[130.466,-2.067],[130.456,-2.072]]],[[[130.465,-1.977],[130.444,-1.967],[130.456,-1.96],[130.451,-1.969],[130.465,-1.977]]],[[[130.462,-1.969],[130.459,-1.966],[130.46,-1.965],[130.462,-1.969]]],[[[130.46,-2.167],[130.457,-2.164],[130.464,-2.168],[130.46,-2.167]]],[[[130.448,-2.169],[130.449,-2.173],[130.447,-2.171],[130.448,-2.169]]],[[[130.46,-1.424],[130.46,-1.428],[130.456,-1.426],[130.46,-1.424]]],[[[130.454,-0.446],[130.458,-0.448],[130.455,-0.448],[130.454,-0.446]]],[[[130.454,-0.049],[130.452,-0.052],[130.452,-0.05],[130.454,-0.049]]],[[[130.441,-0.524],[130.452,-0.524],[130.453,-0.531],[130.441,-0.524]]],[[[130.446,-0.459],[130.45,-0.46],[130.448,-0.462],[130.446,-0.459]]],[[[130.447,-0.444],[130.443,-0.444],[130.446,-0.441],[130.447,-0.444]]],[[[130.434,-0.446],[130.437,-0.457],[130.431,-0.453],[130.434,-0.446]]],[[[130.414,-2.06],[130.429,-2.056],[130.432,-2.062],[130.427,-2.067],[130.414,-2.06]]],[[[130.407,-2.082],[130.404,-2.071],[130.429,-2.071],[130.407,-2.082]]],[[[130.42,-1.417],[130.425,-1.415],[130.422,-1.419],[130.42,-1.417]]],[[[130.419,-0.369],[130.419,-0.373],[130.417,-0.372],[130.419,-0.369]]],[[[130.411,-2.202],[130.414,-2.205],[130.411,-2.204],[130.411,-2.202]]],[[[130.398,-2.088],[130.396,-2.075],[130.406,-2.081],[130.398,-2.088]]],[[[130.399,-2.045],[130.388,-2.046],[130.402,-2.038],[130.399,-2.045]]],[[[130.34,-2.134],[130.353,-2.119],[130.397,-2.118],[130.386,-2.129],[130.34,-2.134]]],[[[130.385,-0.351],[130.38,-0.352],[130.385,-0.346],[130.385,-0.351]]],[[[130.383,-0.201],[130.385,-0.206],[130.383,-0.206],[130.383,-0.201]]],[[[130.383,-0.322],[130.372,-0.317],[130.38,-0.318],[130.383,-0.322]]],[[[130.375,-1.933],[130.375,-1.94],[130.369,-1.938],[130.375,-1.933]]],[[[130.372,-2.04],[130.377,-2.036],[130.374,-2.045],[130.372,-2.04]]],[[[130.355,-2.059],[130.367,-2.055],[130.369,-2.057],[130.355,-2.059]]],[[[130.367,-0.307],[130.36,-0.304],[130.365,-0.299],[130.367,-0.307]]],[[[130.348,-0.192],[130.361,-0.184],[130.361,-0.186],[130.348,-0.192]]],[[[130.35,-0.487],[130.35,-0.492],[130.34,-0.488],[130.35,-0.487]]],[[[130.352,-0.314],[130.35,-0.322],[130.343,-0.315],[130.352,-0.314]]],[[[130.353,-0.076],[130.348,-0.068],[130.354,-0.075],[130.353,-0.076]]],[[[130.339,-1.585],[130.347,-1.587],[130.345,-1.589],[130.339,-1.585]]],[[[130.306,-0.212],[130.329,-0.198],[130.341,-0.203],[130.324,-0.216],[130.306,-0.212]]],[[[130.336,-0.3],[130.331,-0.304],[130.329,-0.301],[130.336,-0.3]]],[[[130.338,-0.35],[130.332,-0.35],[130.338,-0.348],[130.338,-0.35]]],[[[130.321,-1.603],[130.327,-1.608],[130.32,-1.607],[130.321,-1.603]]],[[[130.314,-1.422],[130.325,-1.43],[130.311,-1.425],[130.314,-1.422]]],[[[130.289,-2.123],[130.316,-2.118],[130.291,-2.137],[130.289,-2.123]]],[[[130.268,-0.671],[130.274,-0.663],[130.314,-0.652],[130.268,-0.671]]],[[[130.304,-1.617],[130.305,-1.61],[130.312,-1.613],[130.304,-1.617]]],[[[130.307,-0.691],[130.31,-0.687],[130.309,-0.691],[130.307,-0.691]]],[[[130.304,-0.597],[130.299,-0.594],[130.302,-0.591],[130.304,-0.597]]],[[[130.303,-2.197],[130.298,-2.199],[130.298,-2.196],[130.303,-2.197]]],[[[130.278,-2.19],[130.295,-2.198],[130.261,-2.197],[130.27,-2.215],[130.247,-2.215],[130.219,-2.2],[130.236,-2.199],[130.243,-2.189],[130.216,-2.187],[130.278,-2.19]]],[[[130.29,-0.68],[130.293,-0.673],[130.295,-0.674],[130.29,-0.68]]],[[[130.283,-0.38],[130.28,-0.368],[130.295,-0.371],[130.283,-0.38]]],[[[130.287,-1.429],[130.282,-1.424],[130.288,-1.42],[130.287,-1.429]]],[[[130.254,-0.547],[130.278,-0.589],[130.251,-0.548],[130.254,-0.547]]],[[[130.275,-0.598],[130.288,-0.596],[130.28,-0.608],[130.275,-0.598]]],[[[130.284,-0.015],[130.285,-0.012],[130.286,-0.015],[130.284,-0.015]]],[[[130.283,-0.19],[130.256,-0.197],[130.242,-0.187],[130.259,-0.181],[130.283,-0.19]]],[[[130.281,-0.691],[130.275,-0.689],[130.278,-0.684],[130.281,-0.691]]],[[[130.268,-2.121],[130.271,-2.127],[130.261,-2.129],[130.268,-2.121]]],[[[130.267,-2.237],[130.252,-2.226],[130.273,-2.232],[130.267,-2.237]]],[[[130.267,-0.684],[130.272,-0.682],[130.271,-0.687],[130.267,-0.684]]],[[[130.266,-0.377],[130.27,-0.372],[130.272,-0.375],[130.266,-0.377]]],[[[130.267,-0.396],[130.271,-0.396],[130.269,-0.398],[130.267,-0.396]]],[[[130.205,-1.476],[130.263,-1.45],[130.269,-1.456],[130.205,-1.476]]],[[[130.269,-0.699],[130.254,-0.7],[130.261,-0.692],[130.269,-0.699]]],[[[130.261,-0.309],[130.265,-0.303],[130.268,-0.307],[130.261,-0.309]]],[[[130.262,-0.156],[130.265,-0.153],[130.264,-0.157],[130.262,-0.156]]],[[[130.239,-0.175],[130.239,-0.153],[130.261,-0.166],[130.257,-0.18],[130.239,-0.175]]],[[[130.253,-0.392],[130.254,-0.386],[130.262,-0.389],[130.253,-0.392]]],[[[130.238,-0.116],[130.256,-0.107],[130.259,-0.121],[130.238,-0.116]]],[[[130.255,-0.147],[130.256,-0.151],[130.254,-0.151],[130.255,-0.147]]],[[[130.255,-0.675],[130.244,-0.678],[130.247,-0.671],[130.255,-0.675]]],[[[130.25,-1.473],[130.246,-1.473],[130.248,-1.47],[130.25,-1.473]]],[[[130.248,-0.4],[130.246,-0.395],[130.249,-0.399],[130.248,-0.4]]],[[[130.241,-0.688],[130.226,-0.701],[130.225,-0.699],[130.241,-0.688]]],[[[130.236,-0.195],[130.243,-0.194],[130.247,-0.2],[130.236,-0.195]]],[[[130.239,-0.327],[130.245,-0.321],[130.245,-0.324],[130.239,-0.327]]],[[[130.235,-1.702],[130.231,-1.697],[130.239,-1.697],[130.235,-1.702]]],[[[130.206,-0.187],[130.222,-0.17],[130.237,-0.184],[130.226,-0.189],[130.206,-0.187]]],[[[130.229,-1.355],[130.219,-1.357],[130.236,-1.352],[130.229,-1.355]]],[[[130.22,-0.748],[130.215,-0.728],[130.234,-0.725],[130.22,-0.748]]],[[[130.213,-0.32],[130.193,-0.289],[130.219,-0.279],[130.233,-0.305],[130.213,-0.32]]],[[[130.22,-0.348],[130.201,-0.348],[130.17,-0.321],[130.215,-0.33],[130.22,-0.348]]],[[[130.218,-0.405],[130.215,-0.408],[130.214,-0.405],[130.218,-0.405]]],[[[130.208,-1.642],[130.197,-1.638],[130.208,-1.639],[130.208,-1.642]]],[[[130.201,-0.189],[130.201,-0.186],[130.203,-0.188],[130.201,-0.189]]],[[[130.19,-2.202],[130.182,-2.202],[130.194,-2.198],[130.19,-2.202]]],[[[130.186,-0.355],[130.19,-0.357],[130.185,-0.359],[130.186,-0.355]]],[[[130.181,-0.284],[130.181,-0.297],[130.175,-0.285],[130.181,-0.284]]],[[[130.184,-0.113],[130.187,-0.11],[130.186,-0.112],[130.184,-0.113]]],[[[130.18,-0.071],[130.182,-0.068],[130.183,-0.072],[130.18,-0.071]]],[[[130.183,-0.097],[130.177,-0.106],[130.171,-0.093],[130.183,-0.097]]],[[[130.167,-0.087],[130.17,-0.09],[130.168,-0.091],[130.167,-0.087]]],[[[130.087,0.01],[130.136,-0.02],[130.109,-0.037],[130.147,-0.042],[130.16,-0.07],[130.131,-0.101],[130.09,-0.068],[130.105,-0.032],[130.087,0.01]]],[[[130.151,-2.075],[130.146,-2.066],[130.159,-2.067],[130.151,-2.075]]],[[[130.128,-0.751],[130.132,-0.735],[130.15,-0.731],[130.153,-0.741],[130.128,-0.751]]],[[[130.153,-1.434],[130.145,-1.431],[130.153,-1.428],[130.153,-1.434]]],[[[130.151,-1.709],[130.147,-1.704],[130.152,-1.708],[130.151,-1.709]]],[[[130.141,-0.334],[130.124,-0.319],[130.125,-0.313],[130.141,-0.334]]],[[[130.132,-1.707],[130.139,-1.707],[130.133,-1.709],[130.132,-1.707]]],[[[130.135,-1.483],[130.131,-1.484],[130.132,-1.48],[130.135,-1.483]]],[[[130.122,-0.006],[130.123,-0.008],[130.119,-0.006],[130.122,-0.006]]],[[[130.119,-1.426],[130.117,-1.437],[130.112,-1.43],[130.119,-1.426]]],[[[130.114,-0.758],[130.106,-0.76],[130.114,-0.756],[130.114,-0.758]]],[[[130.104,-1.444],[130.096,-1.446],[130.101,-1.441],[130.104,-1.444]]],[[[130.083,-2.041],[130.088,-2.042],[130.082,-2.044],[130.083,-2.041]]],[[[130.074,-1.47],[130.073,-1.474],[130.071,-1.473],[130.074,-1.47]]],[[[130.012,-0.076],[130.054,-0.067],[130.056,-0.079],[130.012,-0.076]]],[[[130.049,-1.681],[130.051,-1.684],[130.047,-1.682],[130.049,-1.681]]],[[[129.978,-1.162],[129.932,-1.204],[129.931,-1.176],[129.83,-1.238],[129.828,-1.219],[129.864,-1.2],[129.871,-1.212],[129.898,-1.184],[129.753,-1.209],[129.733,-1.187],[129.752,-1.165],[129.851,-1.144],[129.866,-1.131],[129.978,-1.162]]],[[[129.94,-1.708],[129.931,-1.709],[129.94,-1.702],[129.94,-1.708]]],[[[129.919,-0.42],[129.869,-0.507],[129.842,-0.461],[129.853,-0.425],[129.882,-0.406],[129.919,-0.42]]],[[[129.918,-1.624],[129.906,-1.64],[129.906,-1.616],[129.918,-1.624]]],[[[129.91,-1.688],[129.905,-1.691],[129.908,-1.687],[129.91,-1.688]]],[[[129.899,-0.837],[129.892,-0.844],[129.893,-0.835],[129.899,-0.837]]],[[[129.871,-1.668],[129.868,-1.663],[129.871,-1.666],[129.871,-1.668]]],[[[129.855,-1.663],[129.862,-1.655],[129.864,-1.662],[129.855,-1.663]]],[[[129.841,-1.138],[129.851,-1.14],[129.84,-1.141],[129.841,-1.138]]],[[[129.789,-1.218],[129.806,-1.212],[129.829,-1.207],[129.789,-1.218]]],[[[129.808,-1.822],[129.813,-1.823],[129.811,-1.824],[129.808,-1.822]]],[[[129.805,-1.144],[129.796,-1.144],[129.804,-1.141],[129.805,-1.144]]],[[[129.791,-1.234],[129.795,-1.231],[129.796,-1.233],[129.791,-1.234]]],[[[129.794,-0.777],[129.777,-0.775],[129.777,-0.77],[129.784,-0.769],[129.794,-0.777]]],[[[129.793,-1.147],[129.791,-1.149],[129.791,-1.146],[129.793,-1.147]]],[[[129.786,-1.211],[129.769,-1.214],[129.787,-1.206],[129.786,-1.211]]],[[[129.785,-1.687],[129.779,-1.687],[129.781,-1.683],[129.785,-1.687]]],[[[129.783,-1.146],[129.777,-1.148],[129.772,-1.144],[129.783,-1.146]]],[[[129.756,-1.14],[129.781,-1.137],[129.759,-1.147],[129.756,-1.14]]],[[[129.778,-1.701],[129.773,-1.707],[129.759,-1.692],[129.778,-1.701]]],[[[129.76,-0.845],[129.764,-0.849],[129.759,-0.861],[129.76,-0.845]]],[[[129.769,-0.846],[129.766,-0.844],[129.768,-0.844],[129.769,-0.846]]],[[[129.766,-1.258],[129.751,-1.255],[129.766,-1.253],[129.766,-1.258]]],[[[129.695,-1.183],[129.696,-1.166],[129.674,-1.165],[129.747,-1.141],[129.716,-1.185],[129.695,-1.183]]],[[[129.746,-1.241],[129.748,-1.245],[129.743,-1.243],[129.746,-1.241]]],[[[129.741,-1.253],[129.74,-1.256],[129.738,-1.253],[129.741,-1.253]]],[[[129.734,-1.209],[129.731,-1.217],[129.73,-1.21],[129.734,-1.209]]],[[[129.729,-1.247],[129.731,-1.25],[129.729,-1.25],[129.729,-1.247]]],[[[129.729,-1.269],[129.714,-1.262],[129.728,-1.261],[129.729,-1.269]]],[[[129.722,-1.86],[129.72,-1.854],[129.726,-1.852],[129.722,-1.86]]],[[[129.718,-1.195],[129.705,-1.196],[129.715,-1.19],[129.718,-1.195]]],[[[129.714,-1.769],[129.717,-1.771],[129.711,-1.773],[129.714,-1.769]]],[[[129.709,-1.225],[129.705,-1.219],[129.711,-1.22],[129.709,-1.225]]],[[[129.708,-1.764],[129.701,-1.763],[129.704,-1.755],[129.708,-1.764]]],[[[129.695,-1.183],[129.673,-1.179],[129.673,-1.171],[129.695,-1.183]]],[[[129.689,-1.748],[129.692,-1.777],[129.686,-1.748],[129.689,-1.748]]],[[[129.689,-1.249],[129.691,-1.252],[129.683,-1.252],[129.689,-1.249]]],[[[129.684,-1.237],[129.678,-1.236],[129.68,-1.232],[129.684,-1.237]]],[[[129.669,-1.243],[129.675,-1.243],[129.673,-1.245],[129.669,-1.243]]],[[[129.665,-1.262],[129.664,-1.25],[129.669,-1.253],[129.665,-1.262]]],[[[129.658,-1.194],[129.65,-1.198],[129.652,-1.188],[129.658,-1.194]]],[[[129.657,-1.22],[129.649,-1.223],[129.65,-1.214],[129.657,-1.22]]],[[[129.649,-1.773],[129.652,-1.763],[129.656,-1.775],[129.649,-1.773]]],[[[129.644,-1.828],[129.624,-1.789],[129.638,-1.764],[129.654,-1.801],[129.644,-1.828]]],[[[129.628,-1.774],[129.609,-1.771],[129.615,-1.763],[129.628,-1.774]]],[[[129.465,-1.156],[129.481,-1.173],[129.456,-1.185],[129.445,-1.169],[129.465,-1.156]]],[[[129.446,-1.145],[129.442,-1.142],[129.444,-1.141],[129.446,-1.145]]],[[[129.429,-1.145],[129.431,-1.142],[129.432,-1.145],[129.429,-1.145]]],[[[129.423,-1.149],[129.432,-1.151],[129.428,-1.16],[129.423,-1.149]]],[[[129.408,-1.146],[129.414,-1.154],[129.406,-1.153],[129.408,-1.146]]],[[[129.394,-1.186],[129.395,-1.178],[129.403,-1.185],[129.394,-1.186]]],[[[129.31,-1.16],[129.318,-1.147],[129.357,-1.15],[129.33,-1.165],[129.31,-1.16]]],[[[129.357,-1.154],[129.377,-1.157],[129.38,-1.175],[129.357,-1.174],[129.357,-1.154]]]]}},{"type":"Feature","properties":{"id":"PPS","name":"Papua Selatan","region":"Papua Maluku","tz":"WIT","population_m":0.53,"districts":4,"center":[139.7916,-6.8597],"bbox":[137.55,-9.12,141.019,-4.598]},"geometry":{"type":"MultiPolygon","coordinates":[[[[139.304,-4.938],[140.098,-5.16],[141.0,-5.295],[141.0,-6.32],[140.958,-6.326],[140.977,-6.365],[140.941,-6.384],[140.981,-6.39],[140.941,-6.411],[140.951,-6.434],[140.927,-6.416],[140.915,-6.426],[140.938,-6.445],[140.924,-6.467],[140.96,-6.486],[140.919,-6.505],[140.936,-6.562],[140.889,-6.561],[140.89,-6.576],[140.91,-6.57],[140.905,-6.59],[140.84,-6.611],[140.876,-6.624],[140.855,-6.642],[140.873,-6.653],[140.859,-6.662],[140.869,-6.678],[140.845,-6.682],[140.845,-6.719],[140.9,-6.753],[140.87,-6.795],[140.918,-6.82],[140.896,-6.844],[140.916,-6.874],[140.953,-6.858],[140.938,-6.891],[140.955,-6.912],[140.969,-6.891],[140.989,-6.905],[141.019,-6.89],[141.019,-9.12],[140.9,-9.09],[140.836,-9.032],[140.603,-8.798],[140.503,-8.615],[140.261,-8.41],[140.227,-8.356],[140.17,-8.337],[140.017,-8.221],[139.942,-8.102],[139.714,-8.098],[139.584,-8.13],[139.457,-8.194],[139.34,-8.206],[139.278,-8.177],[139.228,-8.098],[139.208,-8.097],[139.067,-8.136],[139.068,-8.153],[138.97,-8.205],[138.993,-8.228],[138.97,-8.239],[138.967,-8.243],[138.966,-8.245],[138.962,-8.244],[138.963,-8.255],[138.95,-8.246],[138.943,-8.251],[138.961,-8.258],[138.915,-8.272],[138.855,-8.185],[138.836,-8.113],[138.924,-8.077],[138.938,-8.05],[138.927,-8.06],[138.903,-8.03],[138.923,-7.976],[138.913,-7.92],[139.018,-7.854],[139.044,-7.862],[139.047,-7.861],[139.019,-7.853],[139.015,-7.765],[139.056,-7.689],[139.064,-7.691],[139.068,-7.683],[139.071,-7.685],[139.075,-7.685],[139.068,-7.682],[139.056,-7.688],[139.062,-7.642],[139.106,-7.601],[139.102,-7.633],[139.114,-7.647],[139.102,-7.647],[139.091,-7.652],[139.086,-7.666],[139.093,-7.672],[139.097,-7.671],[139.102,-7.648],[139.125,-7.659],[139.112,-7.649],[139.117,-7.648],[139.119,-7.642],[139.125,-7.642],[139.131,-7.64],[139.119,-7.641],[139.116,-7.647],[139.11,-7.621],[139.131,-7.628],[139.14,-7.61],[139.119,-7.616],[139.11,-7.572],[139.113,-7.577],[139.124,-7.585],[139.113,-7.57],[139.125,-7.565],[139.132,-7.559],[139.135,-7.563],[139.144,-7.568],[139.142,-7.572],[139.137,-7.572],[139.134,-7.577],[139.133,-7.58],[139.137,-7.588],[139.163,-7.611],[139.134,-7.581],[139.144,-7.571],[139.144,-7.567],[139.143,-7.565],[139.145,-7.564],[139.143,-7.56],[139.146,-7.562],[139.135,-7.539],[139.137,-7.535],[139.145,-7.535],[139.151,-7.53],[139.147,-7.514],[139.155,-7.52],[139.159,-7.519],[139.174,-7.505],[139.18,-7.493],[139.178,-7.482],[139.214,-7.479],[139.182,-7.474],[139.155,-7.515],[139.144,-7.501],[139.15,-7.529],[139.135,-7.535],[139.133,-7.555],[139.11,-7.569],[139.093,-7.512],[139.086,-7.529],[139.036,-7.504],[138.967,-7.521],[138.907,-7.365],[138.832,-7.302],[138.841,-7.297],[138.843,-7.295],[138.842,-7.287],[138.852,-7.299],[138.855,-7.29],[138.842,-7.287],[138.831,-7.303],[138.813,-7.298],[138.667,-7.214],[138.677,-7.196],[138.833,-7.207],[138.854,-7.158],[138.765,-7.119],[138.616,-7.013],[138.561,-6.935],[138.581,-6.901],[138.677,-6.867],[138.673,-6.833],[138.611,-6.75],[138.673,-6.724],[138.666,-6.655],[138.696,-6.618],[138.422,-6.346],[138.431,-6.323],[138.383,-6.199],[138.393,-6.163],[138.311,-5.993],[138.252,-5.918],[138.252,-5.876],[138.278,-5.841],[138.175,-5.819],[138.156,-5.776],[138.176,-5.743],[138.167,-5.721],[138.13,-5.72],[138.091,-5.746],[138.068,-5.728],[138.043,-5.612],[138.084,-5.525],[138.007,-5.498],[137.874,-5.357],[137.81,-5.38],[137.768,-5.359],[137.733,-5.371],[137.721,-5.351],[137.743,-5.297],[137.732,-5.281],[137.681,-5.238],[137.683,-5.22],[137.55,-5.169],[137.577,-5.136],[137.63,-5.13],[137.602,-5.087],[137.653,-5.041],[137.763,-4.99],[137.815,-4.944],[137.814,-4.894],[137.651,-4.791],[137.577,-4.652],[137.87,-4.606],[137.966,-4.598],[138.643,-4.74],[139.03,-4.737],[139.304,-4.938]]],[[[139.582,-8.135],[139.583,-8.137],[139.581,-8.136],[139.582,-8.135]]],[[[139.444,-8.242],[139.44,-8.243],[139.443,-8.241],[139.444,-8.242]]],[[[138.625,-7.368],[138.811,-7.392],[138.865,-7.437],[138.926,-7.535],[138.901,-7.525],[138.901,-7.54],[138.905,-7.549],[138.88,-7.55],[138.874,-7.559],[138.874,-7.565],[138.868,-7.566],[138.866,-7.569],[138.872,-7.582],[138.881,-7.55],[138.888,-7.556],[138.897,-7.557],[138.902,-7.557],[138.905,-7.56],[138.903,-7.564],[138.906,-7.57],[138.911,-7.569],[138.902,-7.526],[138.91,-7.536],[138.986,-7.557],[138.983,-7.565],[138.983,-7.569],[138.985,-7.571],[139.023,-7.558],[139.088,-7.574],[139.041,-7.628],[139.023,-7.702],[139.005,-7.724],[139.001,-7.722],[139.001,-7.725],[138.996,-7.719],[138.992,-7.721],[138.989,-7.725],[138.988,-7.724],[138.99,-7.721],[138.989,-7.718],[138.98,-7.72],[138.997,-7.729],[138.998,-7.729],[139.001,-7.727],[139.002,-7.722],[139.005,-7.725],[138.994,-7.85],[138.91,-7.89],[138.909,-7.886],[138.912,-7.887],[138.914,-7.886],[138.914,-7.883],[138.906,-7.882],[138.901,-7.883],[138.899,-7.87],[138.893,-7.868],[138.894,-7.878],[138.901,-7.884],[138.913,-7.885],[138.909,-7.886],[138.898,-7.901],[138.896,-7.896],[138.893,-7.896],[138.89,-7.903],[138.892,-7.908],[138.878,-7.897],[138.853,-7.895],[138.891,-7.909],[138.893,-7.908],[138.891,-7.9],[138.896,-7.897],[138.89,-7.926],[138.889,-7.924],[138.887,-7.923],[138.886,-7.921],[138.883,-7.922],[138.883,-7.92],[138.881,-7.92],[138.881,-7.923],[138.871,-7.927],[138.891,-7.926],[138.902,-7.993],[138.882,-8.017],[138.842,-8.001],[138.869,-8.016],[138.883,-8.017],[138.892,-8.013],[138.913,-8.076],[138.834,-8.069],[138.801,-8.136],[138.755,-8.142],[138.736,-8.154],[138.724,-8.137],[138.682,-8.146],[138.684,-8.138],[138.679,-8.137],[138.681,-8.133],[138.678,-8.113],[138.673,-8.1],[138.671,-8.099],[138.678,-8.142],[138.683,-8.148],[138.615,-8.25],[138.511,-8.306],[138.446,-8.382],[138.368,-8.413],[138.273,-8.422],[138.263,-8.391],[138.223,-8.378],[137.874,-8.372],[137.691,-8.418],[137.655,-8.446],[137.64,-8.418],[137.706,-8.172],[137.767,-8.07],[137.816,-8.038],[137.8,-8.0],[137.869,-7.853],[137.927,-7.762],[137.97,-7.733],[138.037,-7.613],[138.148,-7.514],[138.316,-7.43],[138.625,-7.368]]],[[[138.995,-7.727],[139.001,-7.726],[138.998,-7.729],[138.995,-7.727]]],[[[138.975,-8.329],[138.936,-8.306],[138.999,-8.289],[138.991,-8.315],[138.975,-8.329]]],[[[138.981,-8.288],[138.994,-8.264],[138.998,-8.288],[138.981,-8.288]]],[[[138.994,-8.23],[138.979,-8.287],[138.951,-8.296],[138.951,-8.279],[138.934,-8.303],[138.925,-8.278],[138.953,-8.269],[138.994,-8.23]]],[[[138.953,-8.342],[138.931,-8.322],[138.933,-8.315],[138.979,-8.336],[138.953,-8.342]]],[[[138.969,-8.36],[138.924,-8.359],[138.926,-8.324],[138.969,-8.36]]],[[[138.925,-7.887],[138.938,-7.887],[138.915,-7.897],[138.925,-7.887]]],[[[138.916,-8.3],[138.901,-8.385],[138.867,-8.391],[138.803,-8.385],[138.839,-8.385],[138.846,-8.38],[138.846,-8.378],[138.841,-8.374],[138.846,-8.377],[138.848,-8.376],[138.853,-8.351],[138.853,-8.317],[138.852,-8.315],[138.85,-8.313],[138.848,-8.309],[138.855,-8.304],[138.854,-8.293],[138.861,-8.287],[138.916,-8.3]]],[[[138.856,-8.269],[138.876,-8.273],[138.893,-8.269],[138.901,-8.281],[138.856,-8.269]]],[[[138.861,-8.266],[138.851,-8.205],[138.891,-8.267],[138.861,-8.266]]],[[[138.81,-8.155],[138.839,-8.174],[138.845,-8.261],[138.87,-8.284],[138.861,-8.286],[138.855,-8.291],[138.853,-8.295],[138.854,-8.304],[138.852,-8.305],[138.847,-8.305],[138.843,-8.302],[138.836,-8.302],[138.852,-8.317],[138.85,-8.363],[138.841,-8.373],[138.839,-8.384],[138.798,-8.379],[138.727,-8.385],[138.56,-8.348],[138.553,-8.333],[138.567,-8.322],[138.57,-8.308],[138.585,-8.297],[138.586,-8.294],[138.586,-8.29],[138.664,-8.235],[138.679,-8.17],[138.763,-8.158],[138.762,-8.16],[138.772,-8.172],[138.763,-8.157],[138.815,-8.138],[138.81,-8.155]]],[[[138.858,-8.266],[138.85,-8.265],[138.847,-8.257],[138.858,-8.266]]],[[[138.837,-8.09],[138.84,-8.088],[138.838,-8.091],[138.837,-8.09]]],[[[138.784,-7.161],[138.79,-7.15],[138.805,-7.161],[138.784,-7.161]]],[[[138.716,-7.117],[138.757,-7.143],[138.77,-7.165],[138.727,-7.163],[138.707,-7.142],[138.716,-7.117]]],[[[138.75,-8.153],[138.745,-8.154],[138.758,-8.146],[138.75,-8.153]]],[[[138.706,-8.164],[138.708,-8.154],[138.715,-8.16],[138.706,-8.164]]],[[[138.658,-8.224],[138.644,-8.228],[138.656,-8.22],[138.658,-8.224]]],[[[138.566,-8.322],[138.564,-8.298],[138.586,-8.293],[138.57,-8.307],[138.566,-8.322]]],[[[138.006,-5.505],[138.005,-5.503],[138.01,-5.507],[138.006,-5.505]]],[[[137.726,-5.293],[137.729,-5.281],[137.737,-5.289],[137.726,-5.293]]]]}},{"type":"Feature","properties":{"id":"PPT","name":"Papua Tengah","region":"Papua Maluku","tz":"WIT","population_m":1.45,"districts":8,"center":[136.7559,-3.793],"bbox":[134.599,-5.239,138.305,-2.478]},"geometry":{"type":"MultiPolygon","coordinates":[[[[135.258,-3.752],[134.636,-3.543],[134.727,-3.409],[134.726,-3.364],[134.704,-3.346],[134.599,-2.489],[134.634,-2.48],[134.652,-2.534],[134.661,-2.825],[134.691,-2.896],[134.677,-2.92],[134.689,-2.967],[134.769,-2.991],[134.777,-2.941],[134.819,-2.94],[134.805,-2.911],[134.832,-2.913],[134.831,-2.878],[134.852,-2.886],[134.85,-2.954],[134.831,-2.968],[134.853,-3.002],[134.813,-3.022],[134.829,-3.093],[134.813,-3.082],[134.8,-3.131],[134.832,-3.125],[134.862,-3.159],[134.851,-3.207],[134.861,-3.227],[134.873,-3.206],[134.875,-3.225],[134.861,-3.25],[134.934,-3.272],[134.917,-3.244],[134.956,-3.245],[134.96,-3.225],[134.963,-3.248],[134.945,-3.284],[134.972,-3.316],[135.011,-3.339],[135.07,-3.335],[135.112,-3.382],[135.166,-3.371],[135.336,-3.396],[135.504,-3.356],[135.558,-3.301],[135.554,-3.263],[135.596,-3.194],[135.757,-3.11],[135.768,-3.088],[135.734,-3.065],[135.757,-3.05],[135.774,-3.061],[135.796,-3.052],[135.827,-3.014],[135.894,-2.989],[135.922,-2.965],[135.935,-2.905],[135.925,-2.884],[135.911,-2.895],[135.91,-2.878],[135.906,-2.868],[135.946,-2.831],[135.961,-2.797],[135.948,-2.779],[136.013,-2.718],[136.018,-2.747],[136.044,-2.743],[136.056,-2.767],[136.136,-2.752],[136.13,-2.772],[136.146,-2.775],[136.138,-2.787],[136.144,-2.798],[136.146,-2.783],[136.183,-2.794],[136.182,-2.81],[136.217,-2.806],[136.229,-2.841],[136.253,-2.842],[136.244,-2.845],[136.24,-2.859],[136.266,-2.85],[136.266,-2.886],[136.284,-2.871],[136.293,-2.916],[136.325,-2.913],[136.352,-2.942],[136.339,-3.006],[136.355,-3.032],[136.435,-3.085],[136.445,-3.178],[136.487,-3.227],[136.537,-3.227],[136.569,-3.251],[136.626,-3.237],[136.732,-3.282],[136.788,-3.266],[136.83,-3.281],[136.882,-3.241],[136.899,-3.192],[136.967,-3.198],[136.989,-3.174],[137.005,-3.189],[137.044,-3.168],[137.072,-3.18],[137.127,-3.123],[137.134,-3.135],[137.182,-3.122],[137.187,-3.106],[137.152,-3.078],[137.383,-2.964],[137.432,-3.006],[137.437,-3.04],[137.558,-3.052],[137.618,-3.112],[137.974,-3.134],[138.01,-3.155],[138.01,-3.225],[138.032,-3.242],[138.014,-3.356],[138.037,-3.486],[138.068,-3.497],[138.085,-3.541],[138.168,-3.6],[138.236,-3.617],[138.305,-3.773],[138.269,-3.813],[138.186,-3.838],[138.05,-3.834],[137.978,-3.851],[137.952,-3.867],[137.937,-3.962],[137.814,-3.979],[137.715,-4.057],[137.678,-4.172],[137.665,-4.474],[137.569,-4.615],[137.651,-4.791],[137.814,-4.894],[137.815,-4.944],[137.602,-5.087],[137.63,-5.13],[137.555,-5.147],[137.525,-5.134],[137.497,-5.146],[137.444,-5.097],[137.42,-5.125],[137.306,-5.013],[137.282,-5.024],[137.215,-4.981],[137.18,-5.008],[137.123,-4.962],[137.092,-4.974],[137.058,-4.939],[137.06,-4.919],[136.976,-4.939],[136.925,-4.896],[136.93,-4.868],[136.925,-4.856],[136.83,-4.913],[136.828,-4.909],[136.79,-4.888],[136.788,-4.865],[136.742,-4.872],[136.696,-4.841],[136.643,-4.833],[136.541,-4.788],[136.487,-4.739],[136.444,-4.739],[136.354,-4.674],[136.311,-4.659],[136.305,-4.662],[136.295,-4.674],[136.208,-4.659],[136.111,-4.621],[135.924,-4.491],[135.718,-4.497],[135.409,-4.433],[135.207,-4.466],[135.063,-4.387],[135.065,-4.374],[135.041,-4.376],[135.022,-4.345],[134.955,-4.323],[134.912,-4.267],[134.87,-4.251],[135.002,-4.106],[135.258,-3.752]]],[[[137.515,-5.213],[137.522,-5.21],[137.522,-5.215],[137.515,-5.213]]],[[[137.506,-5.195],[137.497,-5.183],[137.51,-5.171],[137.516,-5.176],[137.506,-5.195]]],[[[137.501,-5.236],[137.507,-5.231],[137.507,-5.238],[137.505,-5.239],[137.501,-5.239],[137.501,-5.236]]],[[[137.185,-5.038],[137.186,-5.029],[137.197,-5.045],[137.185,-5.038]]],[[[136.928,-4.868],[136.923,-4.865],[136.926,-4.859],[136.928,-4.868]]],[[[136.921,-4.863],[136.919,-4.861],[136.922,-4.859],[136.921,-4.863]]],[[[136.917,-4.872],[136.92,-4.876],[136.917,-4.878],[136.917,-4.872]]],[[[136.881,-4.912],[136.883,-4.913],[136.881,-4.914],[136.881,-4.912]]],[[[136.832,-4.922],[136.828,-4.913],[136.836,-4.919],[136.832,-4.922]]],[[[136.805,-4.899],[136.823,-4.911],[136.816,-4.911],[136.805,-4.899]]],[[[136.798,-4.901],[136.794,-4.89],[136.803,-4.898],[136.798,-4.901]]],[[[136.789,-4.89],[136.786,-4.888],[136.787,-4.887],[136.789,-4.89]]],[[[136.698,-4.857],[136.689,-4.855],[136.705,-4.856],[136.698,-4.857]]],[[[136.681,-4.849],[136.68,-4.848],[136.683,-4.847],[136.681,-4.849]]],[[[136.302,-4.667],[136.302,-4.672],[136.299,-4.673],[136.302,-4.667]]],[[[135.906,-2.876],[135.906,-2.89],[135.901,-2.879],[135.906,-2.876]]],[[[135.906,-2.971],[135.905,-2.977],[135.901,-2.975],[135.906,-2.971]]],[[[135.888,-2.978],[135.893,-2.983],[135.892,-2.984],[135.888,-2.978]]],[[[135.892,-2.989],[135.884,-2.984],[135.892,-2.984],[135.892,-2.989]]],[[[135.876,-2.988],[135.875,-2.99],[135.874,-2.987],[135.876,-2.988]]],[[[135.807,-2.942],[135.745,-2.96],[135.757,-2.965],[135.731,-2.983],[135.708,-2.967],[135.74,-2.937],[135.807,-2.942]]],[[[135.799,-3.033],[135.779,-3.058],[135.77,-3.053],[135.799,-3.033]]],[[[135.678,-2.944],[135.689,-2.926],[135.737,-2.914],[135.718,-2.93],[135.678,-2.944]]],[[[135.727,-2.935],[135.734,-2.935],[135.727,-2.94],[135.727,-2.935]]],[[[135.659,-3.154],[135.654,-3.155],[135.659,-3.152],[135.659,-3.154]]],[[[135.626,-3.078],[135.613,-3.096],[135.609,-3.07],[135.626,-3.078]]],[[[135.607,-3.097],[135.605,-3.096],[135.607,-3.096],[135.607,-3.097]]],[[[135.596,-3.096],[135.603,-3.097],[135.596,-3.1],[135.596,-3.096]]],[[[135.591,-3.072],[135.584,-3.091],[135.572,-3.09],[135.576,-3.083],[135.591,-3.072]]],[[[135.587,-3.094],[135.585,-3.105],[135.581,-3.101],[135.587,-3.094]]],[[[135.56,-3.089],[135.563,-3.089],[135.562,-3.091],[135.56,-3.089]]],[[[135.158,-3.102],[135.157,-3.103],[135.157,-3.102],[135.158,-3.102]]],[[[135.082,-3.214],[135.081,-3.218],[135.08,-3.216],[135.082,-3.214]]],[[[134.892,-3.164],[134.896,-3.164],[134.894,-3.166],[134.892,-3.164]]],[[[134.818,-2.682],[134.863,-2.709],[134.837,-2.725],[134.802,-2.708],[134.818,-2.682]]],[[[134.856,-2.991],[134.859,-2.989],[134.857,-2.993],[134.856,-2.991]]],[[[134.835,-3.021],[134.835,-3.049],[134.832,-3.022],[134.835,-3.021]]],[[[134.843,-3.054],[134.839,-3.063],[134.835,-3.063],[134.843,-3.054]]],[[[134.83,-3.1],[134.837,-3.094],[134.838,-3.096],[134.83,-3.1]]],[[[134.824,-2.88],[134.823,-2.88],[134.825,-2.879],[134.824,-2.88]]]]}},{"type":"Feature","properties":{"id":"PPG","name":"Papua Pegunungan","region":"Papua Maluku","tz":"WIT","population_m":1.45,"districts":8,"center":[139.3363,-4.3193],"bbox":[137.569,-5.295,141.0,-3.194]},"geometry":{"type":"Polygon","coordinates":[[[140.147,-5.169],[139.304,-4.938],[139.03,-4.737],[138.643,-4.74],[137.966,-4.598],[137.577,-4.652],[137.579,-4.584],[137.665,-4.474],[137.678,-4.172],[137.715,-4.057],[137.814,-3.979],[137.937,-3.962],[137.952,-3.867],[137.978,-3.851],[138.05,-3.834],[138.186,-3.838],[138.269,-3.813],[138.305,-3.773],[138.236,-3.617],[138.168,-3.6],[138.085,-3.541],[138.068,-3.497],[138.037,-3.486],[138.014,-3.356],[138.032,-3.242],[138.146,-3.286],[138.172,-3.236],[138.215,-3.208],[138.327,-3.194],[138.38,-3.318],[138.407,-3.33],[138.563,-3.338],[138.73,-3.286],[138.884,-3.429],[139.005,-3.382],[139.048,-3.393],[139.076,-3.336],[139.1,-3.329],[139.112,-3.388],[139.128,-3.355],[139.14,-3.362],[139.138,-3.419],[139.182,-3.423],[139.195,-3.448],[139.266,-3.416],[139.255,-3.455],[139.271,-3.44],[139.279,-3.468],[139.307,-3.471],[139.328,-3.446],[139.338,-3.485],[139.38,-3.464],[139.366,-3.436],[139.436,-3.463],[139.47,-3.456],[139.487,-3.476],[139.467,-3.495],[139.474,-3.519],[139.495,-3.488],[139.506,-3.519],[139.551,-3.537],[139.602,-3.496],[139.613,-3.514],[139.587,-3.539],[139.625,-3.555],[139.661,-3.528],[139.674,-3.554],[139.676,-3.529],[139.703,-3.541],[139.718,-3.521],[139.752,-3.567],[139.862,-3.583],[139.891,-3.621],[139.965,-3.61],[139.958,-3.639],[139.983,-3.656],[140.019,-3.636],[140.043,-3.672],[140.066,-3.648],[140.088,-3.682],[140.32,-3.753],[140.4,-3.735],[140.418,-3.803],[140.4,-3.815],[140.421,-3.818],[140.417,-3.847],[140.431,-3.85],[140.418,-3.899],[140.405,-3.896],[140.411,-3.918],[140.455,-3.893],[140.488,-3.929],[140.508,-3.928],[140.498,-3.905],[140.517,-3.905],[140.593,-3.926],[140.587,-3.937],[140.611,-3.947],[140.679,-3.907],[140.731,-3.912],[140.755,-3.935],[140.886,-3.93],[140.912,-3.946],[140.917,-3.922],[140.943,-3.914],[140.996,-3.922],[141.0,-5.295],[140.147,-5.169]]]}}]}